CodeSystemId	Code	Display	Form	Note	Category	Section	Extras	SrcPage
nrdl	NRDL-2D83818369	复方硼砂	外用液体剂			西药	{}	9
nrdl	NRDL-6AD3BCE762	糠甾醇	口服常释剂型			西药	{}	9
nrdl	NRDL-7233D10676	克霉唑	口服常释剂型			西药	{}	9
nrdl	NRDL-74151A84E5	氯己定	外用液体剂			西药	{}	9
nrdl	NRDL-0A694346D7	替硝唑	外用液体剂			西药	{}	9
nrdl	NRDL-2539F5B008	西吡氯铵	外用液体剂			西药	{}	9
nrdl	NRDL-3811804F5E	复方氢氧化铝	口服常释剂型			西药	{}	9
nrdl	NRDL-E2138A6706	枸橼酸铋钾	口服常释剂型			西药	{}	9
nrdl	NRDL-DCE5A03694	枸橼酸铋钾	颗粒剂			西药	{}	9
nrdl	NRDL-11322EDF7C	碳酸氢钠	口服常释剂型			西药	{}	9
nrdl	NRDL-6A40884419	胶体果胶铋	口服常释剂型			西药	{}	9
nrdl	NRDL-1081C860A7	胶体果胶铋	颗粒剂			西药	{}	9
nrdl	NRDL-2E8F675E54	复方铝酸铋	颗粒剂			西药	{}	9
nrdl	NRDL-AF683E2134	铝碳酸镁	口服常释剂型			西药	{}	9
nrdl	NRDL-2C4230E963	铝碳酸镁	咀嚼片			西药	{}	9
nrdl	NRDL-5429397432	法莫替丁	口服常释剂型			西药	{}	9
nrdl	NRDL-4C61A39AD3	法莫替丁	注射剂			西药	{}	9
nrdl	NRDL-A2BA6444F7	雷尼替丁	口服常释剂型			西药	{}	9
nrdl	NRDL-4F19A72F58	雷尼替丁	注射剂			西药	{}	9
nrdl	NRDL-F44E14A1D8	奥美拉唑	口服常释剂型			西药	{}	9
nrdl	NRDL-E05E3F9C25	奥美拉唑	注射剂			西药	{}	9
nrdl	NRDL-8C3F3DE62E	埃索美拉唑(艾司奥美拉唑)	口服常释剂型			西药	{}	9
nrdl	NRDL-8E9684D2FE	埃索美拉唑(艾司奥美拉唑)	注射剂			西药	{}	9
nrdl	NRDL-2F5C59FB3E	艾司奥美拉唑镁肠溶干混悬剂				西药	{}	9
nrdl	NRDL-6A15D7E7B6	艾普拉唑	口服常释剂型	限有十二指肠溃疡、反流性食管炎诊断患者的二线用药。		西药	{}	9
nrdl	NRDL-44D2F4004B	兰索拉唑	口服常释剂型			西药	{}	9
nrdl	NRDL-82958B0916	兰索拉唑	注射剂			西药	{}	10
nrdl	NRDL-99BF9ACD02	注射用右兰索拉唑		限伴有出血的胃、十二指肠溃疡。		西药	{}	10
nrdl	NRDL-395F98A74C	雷贝拉唑	口服常释剂型			西药	{}	10
nrdl	NRDL-CA01582DF9	泮托拉唑	口服常释剂型			西药	{}	10
nrdl	NRDL-404FF17DA3	泮托拉唑	注射剂			西药	{}	10
nrdl	NRDL-2EBA9F891E	奥美拉唑碳酸氢钠干混悬剂(Ⅰ)		限活动性十二指肠溃疡或胃食管反流病。		西药	{}	10
nrdl	NRDL-672743199B	奥美拉唑碳酸氢钠干混悬剂(Ⅱ)		限活动性良性胃溃疡。		西药	{}	10
nrdl	NRDL-919A10F73E	奥美拉唑碳酸氢钠胶囊(Ⅱ)				西药	{}	10
nrdl	NRDL-1D92EBC6D2	吉法酯	口服常释剂型			西药	{}	10
nrdl	NRDL-4115C0225B	硫糖铝	口服常释剂型			西药	{}	10
nrdl	NRDL-64ECF6AD3B	硫糖铝	口服液体剂			西药	{}	10
nrdl	NRDL-E58CCDA23B	硫糖铝	混悬凝胶剂			西药	{}	10
nrdl	NRDL-985ABA4507	瑞巴派特	口服常释剂型			西药	{}	10
nrdl	NRDL-D0C41F9618	替普瑞酮	口服常释剂型			西药	{}	10
nrdl	NRDL-0DDF35FCDA	富马酸伏诺拉生片		限：1.反流性食管炎；2.与适当的抗生素联用以根除幽门螺 杆菌。		西药	{}	10
nrdl	NRDL-F2A0A51F87	匹维溴铵	口服常释剂型			西药	{}	10
nrdl	NRDL-9E871273CC	二甲硅油	口服常释剂型			西药	{}	10
nrdl	NRDL-5972DB70E8	二甲硅油	口服散剂			西药	{}	10
nrdl	NRDL-4B0912CF9C	二甲硅油	口服液体剂	限胃肠镜检查和腹部影像学检查。		西药	{}	10
nrdl	NRDL-E410C86F71	西甲硅油	口服液体剂	限胃肠镜检查和腹部影像学检查。		西药	{}	10
nrdl	NRDL-2FD8CCA7EA	间苯三酚	注射剂			西药	{}	10
nrdl	NRDL-D215A94D96	曲美布汀	口服常释剂型			西药	{}	10
nrdl	NRDL-1535152E73	罂粟碱	口服常释剂型			西药	{}	10
nrdl	NRDL-09EB0BC416	罂粟碱	注射剂			西药	{}	10
nrdl	NRDL-8839AB33CF	格隆溴铵	注射剂			西药	{}	10
nrdl	NRDL-504937662F	阿托品	口服常释剂型			西药	{}	10
nrdl	NRDL-B85E9826B4	阿托品	注射剂			西药	{}	10
nrdl	NRDL-7B61C0730E	颠茄	口服常释剂型			西药	{}	10
nrdl	NRDL-705A11EBE1	颠茄	口服液体剂			西药	{}	10
nrdl	NRDL-4152400EC1	山莨菪碱	口服常释剂型			西药	{}	10
nrdl	NRDL-6114A0114B	山莨菪碱	注射剂			西药	{}	10
nrdl	NRDL-3ADA4F7263	丁溴东莨菪碱	口服常释剂型			西药	{}	10
nrdl	NRDL-4D3613A63F	丁溴东莨菪碱	注射剂			西药	{}	10
nrdl	NRDL-CBA356ABE2	东莨菪碱	口服常释剂型			西药	{}	11
nrdl	NRDL-5E52FC3428	东莨菪碱	注射剂			西药	{}	11
nrdl	NRDL-A1FB537158	消旋山莨菪碱	口服常释剂型			西药	{}	11
nrdl	NRDL-828B48BCB1	消旋山莨菪碱	注射剂			西药	{}	11
nrdl	NRDL-3912F36467	多潘立酮	口服常释剂型			西药	{}	11
nrdl	NRDL-5931C7F164	甲氧氯普胺	口服常释剂型			西药	{}	11
nrdl	NRDL-91505E1E89	甲氧氯普胺	注射剂			西药	{}	11
nrdl	NRDL-7B8C4AB56C	莫沙必利	口服常释剂型			西药	{}	11
nrdl	NRDL-0CD170F0A1	多潘立酮	口服液体剂			西药	{}	11
nrdl	NRDL-AF725A917E	溴米那普鲁卡因	注射剂			西药	{}	11
nrdl	NRDL-63C64CFE1D	伊托必利	口服常释剂型			西药	{}	11
nrdl	NRDL-6FAD113B54	昂丹司琼	口服常释剂型			西药	{}	11
nrdl	NRDL-C9EB4E1B1F	昂丹司琼	注射剂			西药	{}	11
nrdl	NRDL-0CFBE94F15	昂丹司琼口溶膜				西药	{}	11
nrdl	NRDL-FD2A62B1E4	格拉司琼	口服常释剂型			西药	{}	11
nrdl	NRDL-0801007FFF	格拉司琼	注射剂			西药	{}	11
nrdl	NRDL-8EC297C800	帕洛诺司琼	注射剂			西药	{}	11
nrdl	NRDL-63D0D41A47	托烷司琼	口服常释剂型			西药	{}	11
nrdl	NRDL-2882163E65	托烷司琼	口服液体剂			西药	{}	11
nrdl	NRDL-45401C7BA6	托烷司琼	注射剂			西药	{}	11
nrdl	NRDL-576CCDCF55	阿瑞匹坦注射液		限放化疗。		西药	{}	11
nrdl	NRDL-8AE4821BD3	注射用福沙匹坦双葡甲胺		限放化疗。		西药	{}	11
nrdl	NRDL-3471FAC424	熊去氧胆酸	口服常释剂型			西药	{}	11
nrdl	NRDL-C357B711B2	联苯双酯	口服常释剂型			西药	{}	11
nrdl	NRDL-68C02953F2	联苯双酯	滴丸剂			西药	{}	11
nrdl	NRDL-76478F9C40	促肝细胞生长素	注射剂	限AST或ALT大于120U/L的患者。		西药	{}	11
nrdl	NRDL-027E454A8B	多烯磷脂酰胆碱	口服常释剂型			西药	{}	11
nrdl	NRDL-4769CD742D	多烯磷脂酰胆碱	注射剂	限AST或ALT大于120U/L的患者。		西药	{}	11
nrdl	NRDL-3964C8DE73	复方甘草甜素(复方甘草酸苷)	口服常释剂型			西药	{}	11
nrdl	NRDL-4D102F58D4	复方甘草甜素(复方甘草酸苷)	注射剂	限AST或ALT大于120U/L的患者。		西药	{}	11
nrdl	NRDL-3A46FB9A3E	甘草酸二铵	口服常释剂型			西药	{}	11
nrdl	NRDL-0DEC02E8FE	甘草酸二铵	注射剂	限AST或ALT大于120U/L的患者。		西药	{}	11
nrdl	NRDL-51653CB784	谷胱甘肽	口服常释剂型	限肝功能异常患者。		西药	{}	11
nrdl	NRDL-5F113E652C	还原型谷胱甘肽(谷胱甘肽)	注射剂	限AST或ALT大于120U/L的患者。		西药	{}	12
nrdl	NRDL-9BB773E012	硫普罗宁	口服常释剂型			西药	{}	12
nrdl	NRDL-CE7BEE08F5	硫普罗宁	注射剂			西药	{}	12
nrdl	NRDL-279628A0B9	门冬氨酸鸟氨酸	注射剂	限血氨升高或肝性脑病的患者。		西药	{}	12
nrdl	NRDL-D174001762	葡醛内酯	口服常释剂型			西药	{}	12
nrdl	NRDL-E6BDAAE66F	双环醇	口服常释剂型			西药	{}	12
nrdl	NRDL-5EA34036C3	水飞蓟宾	口服常释剂型			西药	{}	12
nrdl	NRDL-2BBEDFD46F	水飞蓟宾葡甲胺	口服常释剂型			西药	{}	12
nrdl	NRDL-3099AA92DC	水飞蓟素	口服常释剂型			西药	{}	12
nrdl	NRDL-18BB031D68	异甘草酸镁	注射剂	限AST或ALT大于120U/L的患者。		西药	{}	12
nrdl	NRDL-41C77253CD	甘草酸单铵半胱氨酸氯化钠注射 液		限AST或ALT大于120U/L的患者。		西药	{}	12
nrdl	NRDL-D687ACE16E	精氨酸谷氨酸注射液		限肝性脑病。		西药	{}	12
nrdl	NRDL-6701D62821	聚乙二醇	口服散剂			西药	{}	12
nrdl	NRDL-A5D37B2ED5	开塞露	外用液体剂			西药	{}	12
nrdl	NRDL-569EFE8149	开塞露	灌肠剂			西药	{}	12
nrdl	NRDL-BEB449075D	开塞露(甘油)	外用液体剂			西药	{}	12
nrdl	NRDL-BC6408B875	开塞露(甘油)	灌肠剂			西药	{}	12
nrdl	NRDL-2B3C331C26	硫酸镁	口服散剂			西药	{}	12
nrdl	NRDL-637561ABBB	硫酸镁钠钾口服用浓溶液				西药	{}	12
nrdl	NRDL-EED34029F2	多库酯钠	口服常释剂型			西药	{}	12
nrdl	NRDL-89BE13A4A8	复方聚乙二醇电解质Ⅰ 复方聚乙二醇电解质Ⅱ 复方聚乙二醇电解质Ⅲ 复方聚乙二醇电解质Ⅳ	口服散剂			西药	{}	12
nrdl	NRDL-95CDFB459D	复方聚乙二醇(3350)电解质散				西药	{}	12
nrdl	NRDL-FD9FE61B28	甘油	栓剂			西药	{}	12
nrdl	NRDL-9F8C82D172	甘油	灌肠剂			西药	{}	12
nrdl	NRDL-C6013320F5	聚卡波非钙	口服常释剂型			西药	{}	12
nrdl	NRDL-44B4E97718	普芦卡必利	口服常释剂型			西药	{}	12
nrdl	NRDL-5D5E388264	乳果糖	口服液体剂			西药	{}	12
nrdl	NRDL-84BC2922BB	利那洛肽胶囊		限成人便秘型肠易激综合征(IBS-C)。		西药	{}	12
nrdl	NRDL-B6A96C403C	小檗碱	口服常释剂型			西药	{}	12
nrdl	NRDL-EB52469734	利福昔明	口服常释剂型			西药	{}	12
nrdl	NRDL-30E4031BED	利福昔明	口服液体剂			西药	{}	12
nrdl	NRDL-66ADFDDA1E	新霉素	口服常释剂型			西药	{}	13
nrdl	NRDL-137B5A4FC4	蒙脱石	口服散剂			西药	{}	13
nrdl	NRDL-0C1ED875A7	药用炭	口服常释剂型			西药	{}	13
nrdl	NRDL-E3F62FCEA8	蒙脱石	颗粒剂			西药	{}	13
nrdl	NRDL-BCE65A7E64	蒙脱石	口服液体剂			西药	{}	13
nrdl	NRDL-4ACDB7A9B0	补液盐Ⅰ 补液盐Ⅱ 补液盐Ⅲ	口服散剂			西药	{}	13
nrdl	NRDL-052011696D	洛哌丁胺	口服常释剂型			西药	{}	13
nrdl	NRDL-6479B1CCCD	洛哌丁胺	颗粒剂			西药	{}	13
nrdl	NRDL-357F161D92	柳氮磺吡啶	口服常释剂型			西药	{}	13
nrdl	NRDL-9FB2FC010F	柳氮磺吡啶	栓剂			西药	{}	13
nrdl	NRDL-832ADAB9AD	美沙拉秦(美沙拉嗪)	口服常释剂型			西药	{}	13
nrdl	NRDL-D9D9462BB0	美沙拉秦(美沙拉嗪)	缓释控释剂型			西药	{}	13
nrdl	NRDL-8AA9BEEE79	美沙拉秦(美沙拉嗪)	缓控释颗粒剂			西药	{}	13
nrdl	NRDL-8C94BF07F5	美沙拉秦(美沙拉嗪)	栓剂			西药	{}	13
nrdl	NRDL-A28E1EF9D4	美沙拉秦(美沙拉嗪)	灌肠剂			西药	{}	13
nrdl	NRDL-2432E9C575	美沙拉秦肠溶缓释胶囊				西药	{}	13
nrdl	NRDL-6A0AB3DD10	地衣芽孢杆菌活菌	口服常释剂型			西药	{}	13
nrdl	NRDL-3E4A1AFB89	地衣芽孢杆菌活菌	颗粒剂			西药	{}	13
nrdl	NRDL-6C75EBEB31	枯草杆菌二联活菌	口服常释剂型			西药	{}	13
nrdl	NRDL-164A700E0F	双歧杆菌活菌	口服常释剂型			西药	{}	13
nrdl	NRDL-4A78CC800D	双歧杆菌乳杆菌三联活菌	口服常释剂型			西药	{}	13
nrdl	NRDL-9EF7FFA9BE	双歧杆菌三联活菌	口服常释剂型			西药	{}	13
nrdl	NRDL-DF2CB0FD77	双歧杆菌三联活菌	口服散剂			西药	{}	13
nrdl	NRDL-C895CD5A7B	双歧杆菌四联活菌	口服常释剂型			西药	{}	13
nrdl	NRDL-2A61F1C134	消旋卡多曲	口服常释剂型			西药	{}	13
nrdl	NRDL-6F3BD92A69	消旋卡多曲	颗粒剂			西药	{}	13
nrdl	NRDL-CDDD700CA0	消旋卡多曲	口服散剂			西药	{}	13
nrdl	NRDL-796D1658D8	乳酶生	口服常释剂型			西药	{}	13
nrdl	NRDL-70E3EA4819	复方阿嗪米特	口服常释剂型			西药	{}	13
nrdl	NRDL-25AE46BBBE	米曲菌胰酶	口服常释剂型			西药	{}	14
nrdl	NRDL-6DE14FBDB2	胰酶	口服常释剂型			西药	{}	14
nrdl	NRDL-7EF5483325	人胰岛素(重组人胰岛素)	注射剂			西药	{}	14
nrdl	NRDL-8114FD7BF1	生物合成人胰岛素	注射剂			西药	{}	14
nrdl	NRDL-95C6D5925E	胰岛素	注射剂			西药	{}	14
nrdl	NRDL-D3EA519128	谷赖胰岛素	注射剂			西药	{}	14
nrdl	NRDL-D4CEDAA6BA	赖脯胰岛素	注射剂			西药	{}	14
nrdl	NRDL-6051DBF1E0	门冬胰岛素	注射剂			西药	{}	14
nrdl	NRDL-538819E472	低精蛋白锌胰岛素	注射剂			西药	{}	14
nrdl	NRDL-ED7C885D1F	精蛋白锌重组人胰岛素	注射剂			西药	{}	14
nrdl	NRDL-6EE28D6073	精蛋白人胰岛素(精蛋白重组人 胰岛素)	注射剂			西药	{}	14
nrdl	NRDL-3AC266968E	德谷门冬双胰岛素注射液		限其他胰岛素或口服药难以控制的2型糖尿病患者。		西药	{}	14
nrdl	NRDL-D5651EC6CF	精蛋白生物合成人胰岛素	注射剂			西药	{}	14
nrdl	NRDL-3A637E3CDE	精蛋白锌胰岛素(30R)	注射剂			西药	{}	14
nrdl	NRDL-D6C650696D	精蛋白人胰岛素混合 (30R)(30/70混合重组人胰岛素)	注射剂			西药	{}	14
nrdl	NRDL-07917A3BE6	精蛋白人胰岛素混合 (50R)(50/50混合重组人胰岛素)	注射剂			西药	{}	14
nrdl	NRDL-0391781F4A	精蛋白人胰岛素混合(30R)[精蛋 白重组人胰岛素混合(30R)]	注射剂			西药	{}	14
nrdl	NRDL-E6D6C50F6C	精蛋白人胰岛素混合(50R)[精蛋 白重组人胰岛素混合(50R)]	注射剂			西药	{}	14
nrdl	NRDL-0FECBCDDC7	精蛋白人胰岛素混合(30R)[精蛋 白重组人胰岛素(预混30/70)]	注射剂			西药	{}	14
nrdl	NRDL-06865129F6	精蛋白人胰岛素混合(30R)[精蛋 白重组人胰岛素混合(30/70)]	注射剂			西药	{}	14
nrdl	NRDL-B5E7FBCE5F	精蛋白人胰岛素混合(50R)[精蛋 白重组人胰岛素混合(50/50)]	注射剂			西药	{}	14
nrdl	NRDL-E3D7D9324B	精蛋白人胰岛素混合(30R)(精蛋 白锌重组人胰岛素混合)	注射剂			西药	{}	14
nrdl	NRDL-3F31119818	精蛋白重组人胰岛素混合 (40/60)	注射剂			西药	{}	14
nrdl	NRDL-D5F202CEF1	精蛋白锌重组赖脯胰岛素混合 (50R)	注射剂			西药	{}	15
nrdl	NRDL-9642ED7AE2	精蛋白锌重组赖脯胰岛素混合 (25R)	注射剂			西药	{}	15
nrdl	NRDL-0AC61B71DA	门冬胰岛素30	注射剂			西药	{}	15
nrdl	NRDL-8274F5918A	门冬胰岛素50	注射剂			西药	{}	15
nrdl	NRDL-3C6F990D92	精蛋白锌胰岛素	注射剂			西药	{}	15
nrdl	NRDL-F7F310D1D5	地特胰岛素	注射剂			西药	{}	15
nrdl	NRDL-7EB3F86C19	甘精胰岛素	注射剂			西药	{}	15
nrdl	NRDL-39640303AC	德谷胰岛素	注射剂			西药	{}	15
nrdl	NRDL-FDDBF2D502	二甲双胍	口服常释剂型			西药	{}	15
nrdl	NRDL-B8664461B2	二甲双胍 二甲双胍Ⅱ	缓释控释剂型			西药	{}	15
nrdl	NRDL-888B59C0C9	盐酸二甲双胍缓释片(Ⅲ)				西药	{}	15
nrdl	NRDL-387765F155	格列本脲	口服常释剂型			西药	{}	15
nrdl	NRDL-8FE7F05532	格列吡嗪	口服常释剂型			西药	{}	15
nrdl	NRDL-61312DB4D2	格列美脲	口服常释剂型			西药	{}	15
nrdl	NRDL-4068149D4A	格列喹酮	口服常释剂型			西药	{}	15
nrdl	NRDL-0975E91051	格列齐特 格列齐特Ⅱ	口服常释剂型			西药	{}	15
nrdl	NRDL-634A81E936	格列吡嗪	缓释控释剂型			西药	{}	15
nrdl	NRDL-C0F0210AD4	格列齐特	缓释控释剂型			西药	{}	15
nrdl	NRDL-A322B1C21D	二甲双胍恩格列净片(Ⅰ)				西药	{}	15
nrdl	NRDL-FEF4AB18EC	达格列净二甲双胍缓释片(Ⅰ)				西药	{}	15
nrdl	NRDL-447958287B	吡格列酮二甲双胍	口服常释剂型			西药	{}	15
nrdl	NRDL-06C13BB6E3	二甲双胍格列吡嗪	口服常释剂型			西药	{}	15
nrdl	NRDL-F67D658396	瑞格列奈二甲双胍Ⅰ 瑞格列奈二甲双胍Ⅱ	口服常释剂型			西药	{}	15
nrdl	NRDL-5DF194BFA3	二甲双胍维格列汀Ⅱ 二甲双胍维格列汀Ⅲ	口服常释剂型			西药	{}	15
nrdl	NRDL-FBD7FDC53A	利格列汀二甲双胍Ⅰ 利格列汀二甲双胍Ⅱ	口服常释剂型			西药	{}	15
nrdl	NRDL-694FBE1EA0	西格列汀二甲双胍Ⅰ 西格列汀二甲双胍Ⅱ	口服常释剂型			西药	{}	16
nrdl	NRDL-4E53CF66D2	西格列汀二甲双胍缓释片				西药	{}	16
nrdl	NRDL-6E8C805809	沙格列汀二甲双胍Ⅰ 沙格列汀二甲双胍Ⅱ 沙格列汀二甲双胍Ⅲ	缓释控释剂型			西药	{}	16
nrdl	NRDL-8AB4BA0EA7	阿卡波糖	口服常释剂型			西药	{}	16
nrdl	NRDL-C06D1249CF	阿卡波糖咀嚼片				西药	{}	16
nrdl	NRDL-F64C746103	伏格列波糖	口服常释剂型			西药	{}	16
nrdl	NRDL-0EB7712C00	米格列醇	口服常释剂型			西药	{}	16
nrdl	NRDL-A34AD31CE8	吡格列酮	口服常释剂型			西药	{}	16
nrdl	NRDL-FC6680DFD0	罗格列酮	口服常释剂型			西药	{}	16
nrdl	NRDL-0AE85780B4	阿格列汀	口服常释剂型			西药	{}	16
nrdl	NRDL-25B564E720	利格列汀	口服常释剂型			西药	{}	16
nrdl	NRDL-8EB30F5931	氢溴酸替格列汀片				西药	{}	16
nrdl	NRDL-29200652DD	沙格列汀	口服常释剂型			西药	{}	16
nrdl	NRDL-728431860B	维格列汀	口服常释剂型			西药	{}	16
nrdl	NRDL-DEF7B52913	西格列汀	口服常释剂型			西药	{}	16
nrdl	NRDL-4A5590B863	恩格列净	口服常释剂型			西药	{}	16
nrdl	NRDL-9F69A816B3	卡格列净	口服常释剂型			西药	{}	16
nrdl	NRDL-BDF860518D	达格列净片				西药	{}	16
nrdl	NRDL-39718F6DB9	艾托格列净片		限二线用药。		西药	{}	16
nrdl	NRDL-10C7025778	艾塞那肽注射液		限2型糖尿病。		西药	{}	16
nrdl	NRDL-4E242EF63C	利拉鲁肽注射液		限2型糖尿病。		西药	{}	16
nrdl	NRDL-29AC6E0C30	利司那肽注射液		限二甲双胍等口服降糖药或胰岛素控制效果不佳的BMI≥25的 患者，首次处方时需由二级及以上医疗机构专科医师开具处 方。		西药	{}	16
nrdl	NRDL-72E18374B5	米格列奈钙	口服常释剂型			西药	{}	16
nrdl	NRDL-632C604BE7	那格列奈	口服常释剂型			西药	{}	16
nrdl	NRDL-BE902A9799	瑞格列奈	口服常释剂型			西药	{}	16
nrdl	NRDL-2764F6DF44	依帕司他	口服常释剂型			西药	{}	16
nrdl	NRDL-032D3045F1	硫辛酸	注射剂			西药	{}	17
nrdl	NRDL-B23864CE83	维生素B1	注射剂			西药	{}	17
nrdl	NRDL-F5A4B2E009	维生素B2	口服常释剂型			西药	{}	17
nrdl	NRDL-6FF9A52FA0	维生素B6	口服常释剂型			西药	{}	17
nrdl	NRDL-88D0ECDFF7	维生素B6	注射剂			西药	{}	17
nrdl	NRDL-7FA598CA4A	维生素C	注射剂			西药	{}	17
nrdl	NRDL-84B99ED570	维生素D2	口服常释剂型			西药	{}	17
nrdl	NRDL-154807E10C	维生素D2	注射剂			西药	{}	17
nrdl	NRDL-CADD7FDB5F	维生素D3	注射剂			西药	{}	17
nrdl	NRDL-BDDF7BE9E0	阿法骨化醇	口服常释剂型			西药	{}	17
nrdl	NRDL-D9430933FB	阿法骨化醇	口服液体剂			西药	{}	17
nrdl	NRDL-0406BDEB18	复合维生素B	口服常释剂型			西药	{}	17
nrdl	NRDL-DB19A05B39	骨化三醇	口服常释剂型			西药	{}	17
nrdl	NRDL-6131E972A6	骨化三醇	注射剂			西药	{}	17
nrdl	NRDL-01E2D03549	骨化三醇口服溶液		限：1.绝经后骨质疏松；2.慢性肾功能衰竭，尤其是接受血 液透析患者之肾性骨营养不良症；3.术后甲状旁腺功能低 下；4.特发性甲状旁腺功能低下；5.假性甲状旁腺功能低 下；6.维生素D依赖性佝偻病；7.低血磷性维生素D抵抗型佝 偻病等。		西药	{}	17
nrdl	NRDL-DC7E8D3078	水溶性维生素	注射剂	限与脂肪乳、氨基酸等肠外营养药物配合使用时支付，单独 使用不予支付。		西药	{}	17
nrdl	NRDL-D6823548D5	碳酸钙D3 Ⅰ(碳酸钙D3)	口服常释剂型			西药	{}	17
nrdl	NRDL-F827FAD2B8	碳酸钙D3 Ⅱ(碳酸钙D3)	颗粒剂			西药	{}	17
nrdl	NRDL-6EE5CF7321	维生素A	口服常释剂型			西药	{}	17
nrdl	NRDL-2001D62D89	维生素B1	口服常释剂型			西药	{}	17
nrdl	NRDL-E4E1F9C281	维生素B2	注射剂			西药	{}	17
nrdl	NRDL-7B3D1370CD	维生素C	口服常释剂型			西药	{}	17
nrdl	NRDL-B0EDC989B3	维生素AD	口服液体剂			西药	{}	17
nrdl	NRDL-E7D7D69909	硒酵母	口服常释剂型			西药	{}	17
nrdl	NRDL-527CC769F4	小儿碳酸钙D3	颗粒剂			西药	{}	17
nrdl	NRDL-752B1E6C57	烟酰胺	口服常释剂型	限烟酸缺乏症患者。		西药	{}	17
nrdl	NRDL-71965D91F8	烟酰胺	注射剂	限烟酸缺乏症患者。		西药	{}	17
nrdl	NRDL-3840361C9E	脂溶性维生素Ⅰ 脂溶性维生素Ⅱ	注射剂	限与脂肪乳、氨基酸等肠外营养药物配合使用时支付，单独 使用不予支付。		西药	{}	17
nrdl	NRDL-350A1FA1E6	多种维生素(12)	注射剂			西药	{}	17
nrdl	NRDL-343229E8AC	艾地骨化醇软胶囊		限绝经后女性骨质疏松症。		西药	{}	17
nrdl	NRDL-5CBC920B74	硫酸镁	注射剂			西药	{}	18
nrdl	NRDL-BECFC7779C	氯化钾	口服常释剂型			西药	{}	18
nrdl	NRDL-98C629C404	氯化钾	缓释控释剂型			西药	{}	18
nrdl	NRDL-CEDB8D7EBC	氯化钾	颗粒剂			西药	{}	18
nrdl	NRDL-8FFF5254DA	葡萄糖酸钙	口服常释剂型			西药	{}	18
nrdl	NRDL-C1297B8D87	葡萄糖酸钙	注射剂			西药	{}	18
nrdl	NRDL-9E07C9628B	醋酸钙	口服常释剂型	限高磷血症。		西药	{}	18
nrdl	NRDL-A8A43F5CB7	复合磷酸氢钾注射液				西药	{}	18
nrdl	NRDL-954DDE6162	枸橼酸钾	颗粒剂			西药	{}	18
nrdl	NRDL-541212F1FB	枸橼酸钾	口服液体剂			西药	{}	18
nrdl	NRDL-DFF7EA7400	硫酸锌	口服常释剂型	限有锌缺乏检验证据的患者。		西药	{}	18
nrdl	NRDL-3DA9E334F1	硫酸锌	口服溶液剂	限有锌缺乏检验证据的患者。		西药	{}	18
nrdl	NRDL-9FA77E9F3A	氯化钙	注射剂			西药	{}	18
nrdl	NRDL-CCE6A95694	氯化钾口服溶液				西药	{}	18
nrdl	NRDL-D8CE523563	门冬氨酸钾镁	口服常释剂型			西药	{}	18
nrdl	NRDL-A27A8462D8	门冬氨酸钾镁	注射剂	限洋地黄中毒引起的心律失常患者。		西药	{}	18
nrdl	NRDL-BA351D6B0F	葡萄糖酸钙	颗粒剂			西药	{}	18
nrdl	NRDL-E0F8DBEB1D	葡萄糖酸钙氯化钠注射液				西药	{}	18
nrdl	NRDL-CA68928012	碳酸钙	口服常释剂型			西药	{}	18
nrdl	NRDL-241F15E757	碳酸钙	颗粒剂			西药	{}	18
nrdl	NRDL-2EF8F6A74C	司坦唑醇	口服常释剂型			西药	{}	18
nrdl	NRDL-49354ED7BF	缓解消化道不适症状的复方OTC 制剂		◇		西药	{}	18
nrdl	NRDL-C68B62DFE5	加贝酯	注射剂			西药	{}	18
nrdl	NRDL-4414720C20	尼替西农胶囊		限成人和儿童酪氨酸血症Ⅰ型(HT-1)。		西药	{}	18
nrdl	NRDL-959FB2A1AC	乌司他丁	注射剂	限急性胰腺炎、慢性复发性胰腺炎患者。		西药	{}	18
nrdl	NRDL-6DB21F5EBB	腺苷蛋氨酸	口服常释剂型			西药	{}	18
nrdl	NRDL-3AEAD066EB	腺苷蛋氨酸	注射剂			西药	{}	18
nrdl	NRDL-31622C48C8	盐酸乙酰左卡尼汀片		限临床确诊的糖尿病周围神经病变患者。		西药	{}	18
nrdl	NRDL-A4E9A2132B	特利加压素	注射剂			西药	{}	18
nrdl	NRDL-0AC076AE6B	华法林	口服常释剂型			西药	{}	18
nrdl	NRDL-6E06A1AEA6	肝素	注射剂			西药	{}	19
nrdl	NRDL-2D22062DED	达肝素	注射剂			西药	{}	19
nrdl	NRDL-5F20C6304D	低分子肝素	注射剂			西药	{}	19
nrdl	NRDL-C855B0DEFE	肝素	封管液	限血液透析、体外循环、导管术、微血管手术等操作中及某 些血液标本或器械的抗凝处理。		西药	{}	19
nrdl	NRDL-BB6FDACD1A	那屈肝素(那曲肝素)	注射剂			西药	{}	19
nrdl	NRDL-DA2ABD04B3	依诺肝素	注射剂			西药	{}	19
nrdl	NRDL-ED34235BFC	阿司匹林	口服常释剂型 (不含分散片)			西药	{}	19
nrdl	NRDL-C7762546E2	双嘧达莫	口服常释剂型			西药	{}	19
nrdl	NRDL-2A6B536CBC	阿司匹林	缓释控释剂型			西药	{}	19
nrdl	NRDL-5D8A4E5DED	阿司匹林	肠溶缓释片			西药	{}	19
nrdl	NRDL-D9E64B2D1B	贝前列素	口服常释剂型	限有慢性动脉闭塞的诊断且有明确的溃疡、间歇性跛行及严 重疼痛体征的患者。		西药	{}	19
nrdl	NRDL-1E2459EB2E	氯吡格雷	口服常释剂型			西药	{}	19
nrdl	NRDL-F07F424427	铝镁匹林片(Ⅱ)				西药	{}	19
nrdl	NRDL-60A382BBB5	沙格雷酯	口服常释剂型	限有慢性动脉闭塞的诊断且有明确的溃疡、间歇性跛行及严 重疼痛体征的患者。		西药	{}	19
nrdl	NRDL-72E69E148C	司来帕格片		限WHO功能分级Ⅱ级-Ⅲ级的肺动脉高压(WHO第1组)的患者。		西药	{}	19
nrdl	NRDL-4BF4032804	替罗非班	注射剂	限急性冠脉综合征的介入治疗。		西药	{}	19
nrdl	NRDL-5259A9C1AD	替罗非班氯化钠	注射剂			西药	{}	19
nrdl	NRDL-635B542BA6	西洛他唑	口服常释剂型	限有慢性动脉闭塞症诊断且有明确的溃疡、间歇性跛行及严 重疼痛体征的患者。		西药	{}	19
nrdl	NRDL-5701A4D63D	依替巴肽	注射剂			西药	{}	19
nrdl	NRDL-DFF36CBE3B	吲哚布芬	口服常释剂型			西药	{}	19
nrdl	NRDL-10174ECE14	替格瑞洛	口服常释剂型			西药	{}	19
nrdl	NRDL-0B721B9045	氯吡格雷阿司匹林片				西药	{}	19
nrdl	NRDL-28BA5285E1	曲前列尼尔注射液		限肺动脉高压(PAH，WHO分类1)。		西药	{}	19
nrdl	NRDL-6AC1677138	尿激酶	注射剂			西药	{}	19
nrdl	NRDL-0559D35D5A	重组链激酶	注射剂			西药	{}	19
nrdl	NRDL-71F6C3E232	降纤酶	注射剂	限急性脑梗死的急救抢救。		西药	{}	19
nrdl	NRDL-4B143E0FBA	纤溶酶	注射剂	限急性脑梗死的急救抢救。		西药	{}	19
nrdl	NRDL-C56E4DBC35	蚓激酶	口服常释剂型			西药	{}	19
nrdl	NRDL-3D7ED35089	巴曲酶	注射剂			西药	{}	19
nrdl	NRDL-5056298235	注射用重组人组织型纤溶酶原激 酶衍生物		限急性心肌梗死发病12小时内、脑梗死发病4.5小时内的溶栓 治疗。		西药	{}	19
nrdl	NRDL-0A4209712A	注射用重组人尿激酶原		限急性心肌梗死发病12小时内使用。		西药	{}	20
nrdl	NRDL-7F80CC09D0	阿加曲班	注射剂			西药	{}	20
nrdl	NRDL-00138BE466	达比加群酯	口服常释剂型			西药	{}	20
nrdl	NRDL-A62AF50531	阿哌沙班	口服常释剂型			西药	{}	20
nrdl	NRDL-16C465217F	磺达肝癸钠	注射剂			西药	{}	20
nrdl	NRDL-6086FCFD55	利伐沙班	口服常释剂型			西药	{}	20
nrdl	NRDL-AC4C973793	甲苯磺酸艾多沙班片		限华法林治疗控制不良或出血高危的非瓣膜性房颤、深静脉 血栓、肺栓塞患者。		西药	{}	20
nrdl	NRDL-5E1EB59271	阿魏酸哌嗪	口服常释剂型			西药	{}	20
nrdl	NRDL-8F27036155	奥扎格雷	注射剂	限新发的急性血栓性脑梗死，支付不超过14天。		西药	{}	20
nrdl	NRDL-B49467DA68	氨甲苯酸	口服常释剂型			西药	{}	20
nrdl	NRDL-92DC8197DC	氨甲苯酸	注射剂			西药	{}	20
nrdl	NRDL-CF2EC53DAE	氨甲环酸	注射剂			西药	{}	20
nrdl	NRDL-D34FC6D140	氨基己酸	口服常释剂型			西药	{}	20
nrdl	NRDL-091C8090F0	氨基己酸	注射剂	限治疗血纤维蛋白溶解亢进引起出血的患者。		西药	{}	20
nrdl	NRDL-B185F15282	氨基己酸氯化钠	注射剂	限治疗血纤维蛋白溶解亢进引起出血的患者。		西药	{}	20
nrdl	NRDL-2022150232	氨甲苯酸氯化钠	注射剂			西药	{}	20
nrdl	NRDL-CC57941C72	氨甲苯酸葡萄糖	注射剂			西药	{}	20
nrdl	NRDL-3E5F4E7D73	氨甲环酸	口服常释剂型			西药	{}	20
nrdl	NRDL-B01C629407	氨甲环酸氯化钠	注射剂			西药	{}	20
nrdl	NRDL-164C85F655	甲萘氢醌	口服常释剂型			西药	{}	20
nrdl	NRDL-289C314DB4	凝血酶	外用冻干制剂			西药	{}	20
nrdl	NRDL-8976DDC67F	凝血酶	散剂			西药	{}	20
nrdl	NRDL-AA7C1AC44C	人凝血因子Ⅷ	注射剂			西药	{}	20
nrdl	NRDL-1163CC22F5	维生素K1	注射剂			西药	{}	20
nrdl	NRDL-7CDE364EF4	亚硫酸氢钠甲萘醌	注射剂			西药	{}	20
nrdl	NRDL-915149A836	艾曲泊帕乙醇胺片		限：1.既往对糖皮质激素、免疫球蛋白等治疗反应不佳的成 人和6岁及以上儿童慢性免疫性(特发性)血小板减少症(ITP) 患者；2.既往对免疫抑制治疗缓解不充分的重型再生障碍性 贫血(SAA)患者。		西药	{}	20
nrdl	NRDL-267401E2E8	白眉蛇毒血凝酶	注射剂	限手术患者或产后出血患者。		西药	{}	20
nrdl	NRDL-110946A9D3	酚磺乙胺	注射剂			西药	{}	20
nrdl	NRDL-BF60C74B5B	聚桂醇(聚多卡醇)	注射剂	限消化道严重出血。		西药	{}	21
nrdl	NRDL-8D9A6210A5	卡络磺钠(肾上腺色腙)	口服常释剂型			西药	{}	21
nrdl	NRDL-89B27209FD	卡络磺钠(肾上腺色腙)	注射剂	限无法口服卡络磺钠(肾上腺色腙)的患者。		西药	{}	21
nrdl	NRDL-50F15D3C0B	卡络磺钠(肾上腺色腙)氯化钠	注射剂	限无法口服卡络磺钠(肾上腺色腙)的患者。		西药	{}	21
nrdl	NRDL-6E5831E4CF	芦曲泊帕片		限计划接受手术(含诊断性操作)的慢性肝病伴血小板减少症 的成年患者。		西药	{}	21
nrdl	NRDL-A5D7076F28	矛头蝮蛇血凝酶	注射剂	限手术患者或产后出血患者。		西药	{}	21
nrdl	NRDL-A0BC5E754B	马来酸阿伐曲泊帕片		限择期行诊断性操作或者手术的慢性肝病相关血小板减少症 的成年患者。		西药	{}	21
nrdl	NRDL-749A5DD1A0	人凝血酶原复合物	注射剂			西药	{}	21
nrdl	NRDL-08FC01A657	人纤维蛋白原	注射剂			西药	{}	21
nrdl	NRDL-7497A00DA6	蛇毒血凝酶	注射剂	限手术患者或产后出血患者。		西药	{}	21
nrdl	NRDL-01E6AEABED	维生素K1	口服常释剂型			西药	{}	21
nrdl	NRDL-4748133D49	亚硫酸氢钠甲萘醌	口服常释剂型			西药	{}	21
nrdl	NRDL-1032958E7B	注射用重组人凝血因子Ⅶa		限下列患者群体出血的治疗，以及外科手术或有创操作出血 的防治：1.凝血因子Ⅷ或Ⅸ的抑制物＞5个Bethesda单位(BU) 的先天性血友病患者；预计对注射凝血因子Ⅷ或凝血因子 Ⅸ，具有高记忆应答的先天性血友病患者；2.获得性血友病 患者；3.先天性凝血因子Ⅶ(FⅦ)缺乏症患者；4.具有血小板 膜糖蛋白Ⅱb-Ⅲa(GPⅡb-Ⅲa)和/或人白细胞抗原(HLA)抗体 和既往或现在对血小板输注无效或不佳的血小板无力症患者 。		西药	{}	21
nrdl	NRDL-E4A1A235EE	重组人凝血因子Ⅷ	注射剂	限儿童甲(A)型血友病；成人甲(A)型血友病限出血时使用。		西药	{}	21
nrdl	NRDL-961F3D55BC	重组人凝血因子Ⅸ	注射剂	限儿童乙(B)型血友病；成人乙(B)型血友病限出血时使用。		西药	{}	21
nrdl	NRDL-F7890F0CFF	人凝血因子Ⅸ		限凝血因子Ⅸ缺乏症(B型血友病)患者的出血治疗。		西药	{}	21
nrdl	NRDL-6501DF6F18	硫酸亚铁	口服常释剂型			西药	{}	21
nrdl	NRDL-A8267CD653	硫酸亚铁	缓释控释剂型			西药	{}	21
nrdl	NRDL-07FDE8F1AA	右旋糖酐铁	注射剂			西药	{}	21
nrdl	NRDL-931FF010D0	琥珀酸亚铁	口服常释剂型			西药	{}	21
nrdl	NRDL-A3EF6B07DA	右旋糖酐铁	口服液体剂			西药	{}	21
nrdl	NRDL-767F599490	多糖铁复合物	口服常释剂型			西药	{}	21
nrdl	NRDL-0DB0915C3D	富马酸亚铁	口服常释剂型			西药	{}	21
nrdl	NRDL-C0E7AE7E3D	富马酸亚铁	颗粒剂			西药	{}	21
nrdl	NRDL-7CB0651F51	富马酸亚铁	咀嚼片			西药	{}	21
nrdl	NRDL-C1C765EBF2	琥珀酸亚铁	缓释控释剂型			西药	{}	21
nrdl	NRDL-ACB99A5E36	琥珀酸亚铁	颗粒剂			西药	{}	21
nrdl	NRDL-6B6DF3C013	葡萄糖酸亚铁	口服常释剂型			西药	{}	22
nrdl	NRDL-CCD50876BC	蔗糖铁	注射剂			西药	{}	22
nrdl	NRDL-52B8811EED	维生素B12	注射剂			西药	{}	22
nrdl	NRDL-479D0EB7F0	叶酸	口服常释剂型			西药	{}	22
nrdl	NRDL-375E97E285	腺苷钴胺	口服常释剂型			西药	{}	22
nrdl	NRDL-A221ED8979	甲钴胺	口服常释剂型			西药	{}	22
nrdl	NRDL-4CBDD27CAE	甲钴胺	注射剂			西药	{}	22
nrdl	NRDL-39F8BE566B	利可君	口服常释剂型			西药	{}	22
nrdl	NRDL-A863349CB2	腺苷钴胺	注射剂	限巨幼红细胞性贫血且有禁食医嘱或因吞咽困难等，无法使 用腺苷钴胺口服制剂的患者。		西药	{}	22
nrdl	NRDL-EC2FE1EEBF	叶酸	注射剂			西药	{}	22
nrdl	NRDL-2F899FD17F	人促红素[重组人促红素(CHO细 胞)]	注射剂			西药	{}	22
nrdl	NRDL-F49916C62F	重组人促红素-β(CHO细胞)	注射剂	限肾性贫血、非骨髓恶性肿瘤化疗引起的贫血。		西药	{}	22
nrdl	NRDL-54E87251C6	罗沙司他胶囊		限慢性肾脏病(CKD)引起的贫血。		西药	{}	22
nrdl	NRDL-A92DFBE5BA	琥珀酰明胶	注射剂			西药	{}	22
nrdl	NRDL-051435B0D2	羟乙基淀粉(200/0.5)氯化钠 羟乙基淀粉(130/0.4)氯化钠	注射剂			西药	{}	22
nrdl	NRDL-E793956DEE	人血白蛋白	注射剂	限抢救、重症或因肝硬化、癌症引起胸腹水的患者，且白蛋 白低于30g/L。		西药	{}	22
nrdl	NRDL-C9E890EE2E	羟乙基淀粉130/0.4电解质	注射剂			西药	{}	22
nrdl	NRDL-EC885873E1	复方氨基酸(18AA) 复方氨基酸(18AA-Ⅰ) 复方氨基酸(18AA-Ⅱ) 复方氨基酸(18AA-Ⅲ) 复方氨基酸(18AA-Ⅴ)	注射剂			西药	{}	22
nrdl	NRDL-4C68810884	小儿复方氨基酸(18AA-Ⅰ) 小儿复方氨基酸(18AA-Ⅱ)	注射剂			西药	{}	22
nrdl	NRDL-FEDEBAE37E	复方氨基酸注射液(14AA-SF)				西药	{}	22
nrdl	NRDL-1B353CD9A3	复方氨基酸(15AA)	注射剂	限有明确的肝硬化、重症肝炎和肝昏迷诊断证据的患者。		西药	{}	22
nrdl	NRDL-3B4B9FAC3E	复方氨基酸(15AA-Ⅱ)/葡萄糖 (10%)电解质注射液				西药	{}	22
nrdl	NRDL-CC110BF0A7	复方氨基酸(16AA)/葡萄糖 (12.6%)电解质注射液				西药	{}	23
nrdl	NRDL-8F2240D8AD	复方氨基酸(18AA-Ⅶ)	注射剂			西药	{}	23
nrdl	NRDL-BCBFAC8B47	复方氨基酸注射液(18AA-Ⅴ-SF)				西药	{}	23
nrdl	NRDL-45A64B7DE6	复方氨基酸 复方氨基酸(20AA)	注射剂	限有明确的肝硬化、重症肝炎和肝昏迷诊断证据的患者。		西药	{}	23
nrdl	NRDL-0766184481	复方氨基酸(6AA)	注射剂	限有明确的肝硬化、重症肝炎和肝昏迷诊断证据的患者。		西药	{}	23
nrdl	NRDL-499466A4FB	复方氨基酸(9AA)	注射剂	限肾功能不全的患者。		西药	{}	23
nrdl	NRDL-5019B75087	小儿复方氨基酸(19AA-Ⅰ)	注射剂			西药	{}	23
nrdl	NRDL-F41EF4540A	脂肪乳(C14-24)[指大豆油]	注射剂			西药	{}	23
nrdl	NRDL-10482E8714	ω-3鱼油脂肪乳	注射剂	限重度炎症及感染的患者。		西药	{}	23
nrdl	NRDL-F584C828A9	中/长链脂肪乳[中/长链脂肪乳 (C6-24)]	注射剂			西药	{}	23
nrdl	NRDL-6B340D0B1F	ω-3鱼油中/长链脂肪乳注射液				西药	{}	23
nrdl	NRDL-70DBABE1CF	中/长链脂肪乳 中/长链脂肪乳(C8-24) 中/长链脂肪乳(C8-24Ve)	注射剂			西药	{}	23
nrdl	NRDL-57958E8956	结构脂肪乳(C6-24)	注射剂	限肝功能不全(严重肝功能不全者除外)患者的二线用药。		西药	{}	23
nrdl	NRDL-599F7C1E27	脂肪乳氨基酸葡萄糖	注射剂			西药	{}	23
nrdl	NRDL-78AC49D2F0	复方氯化钠	注射剂			西药	{}	23
nrdl	NRDL-F93E6B0241	葡萄糖	注射剂			西药	{}	23
nrdl	NRDL-7E40F65C9F	葡萄糖氯化钠	注射剂			西药	{}	23
nrdl	NRDL-D8FEBF8A57	乳酸钠	注射剂			西药	{}	23
nrdl	NRDL-B97B2767CD	乳酸钠林格	注射剂			西药	{}	23
nrdl	NRDL-7940FA9A9E	碳酸氢钠林格注射液				西药	{}	23
nrdl	NRDL-784434AD38	复方电解质醋酸钠葡萄糖注射液				西药	{}	23
nrdl	NRDL-0977A9FDF7	复方乳酸钠葡萄糖	注射剂			西药	{}	23
nrdl	NRDL-DB9668482B	果糖	注射剂	限因胰岛素抵抗无法使用葡萄糖的抢救患者，果糖总量每日 不超过50g。		西药	{}	23
nrdl	NRDL-BBCB251B29	果糖氯化钠	注射剂	限因胰岛素抵抗无法使用葡萄糖的抢救患者，果糖总量每日 不超过50g。		西药	{}	23
nrdl	NRDL-8C9617C386	灭菌注射用水	注射剂			西药	{}	23
nrdl	NRDL-5754C787AB	甘露醇	注射剂			西药	{}	23
nrdl	NRDL-6CDFE95B0A	甘油果糖氯化钠	注射剂			西药	{}	23
nrdl	NRDL-C2124A5AEE	山梨醇甘露醇冲洗剂		限经尿道前列腺切除术及其他泌尿外科手术的术中冲洗。		西药	{}	23
nrdl	NRDL-E52E77DD47	生理氯化钠	冲洗剂			西药	{}	24
nrdl	NRDL-A92AFD2CCA	生理氯化钠	溶液剂			西药	{}	24
nrdl	NRDL-8FCA99C3F6	腹膜透析液	注射剂			西药	{}	24
nrdl	NRDL-DDC11AB30C	氨基酸(15)腹膜透析液				西药	{}	24
nrdl	NRDL-A4B3263688	精氨酸	注射剂			西药	{}	24
nrdl	NRDL-515A0A00A4	氯化钾	注射剂			西药	{}	24
nrdl	NRDL-2CB43F0C63	氯化钠	注射剂			西药	{}	24
nrdl	NRDL-CFF9294CD3	浓氯化钠	注射剂			西药	{}	24
nrdl	NRDL-ACE41B66A9	碳酸氢钠	注射剂			西药	{}	24
nrdl	NRDL-B1C5FD5306	丙氨酰谷氨酰胺	注射剂			西药	{}	24
nrdl	NRDL-33A3DE4654	甘油磷酸钠	注射剂			西药	{}	24
nrdl	NRDL-76B1F93486	枸橼酸钠血滤置换液				西药	{}	24
nrdl	NRDL-933F921B7D	甘露醇	冲洗剂			西药	{}	24
nrdl	NRDL-BC6C89E237	糜蛋白酶	注射剂			西药	{}	24
nrdl	NRDL-757F9C99CF	胰蛋白酶	注射剂			西药	{}	24
nrdl	NRDL-99B03AC96D	血液滤过置换基础液	注射剂			西药	{}	24
nrdl	NRDL-F26A3A04CF	血液滤过置换液	注射剂			西药	{}	24
nrdl	NRDL-7315853F85	醋酸艾替班特注射液		限成人、青少年和≥2 岁儿童的遗传性血管性水肿(HAE)急性 发作。		西药	{}	24
nrdl	NRDL-8FBD085CC2	地高辛	口服常释剂型			西药	{}	24
nrdl	NRDL-F282BE54EE	地高辛	口服液体剂			西药	{}	24
nrdl	NRDL-8101502E15	地高辛	注射剂			西药	{}	24
nrdl	NRDL-8C2D7BE7E1	毒毛花苷K	注射剂			西药	{}	24
nrdl	NRDL-434AF8F6C5	去乙酰毛花苷	注射剂			西药	{}	24
nrdl	NRDL-285D4C65A1	胺碘酮	口服常释剂型			西药	{}	24
nrdl	NRDL-708DA604FD	胺碘酮	注射剂			西药	{}	24
nrdl	NRDL-900DB462EE	奎尼丁	口服常释剂型			西药	{}	24
nrdl	NRDL-062B17C4DB	利多卡因	注射剂			西药	{}	24
nrdl	NRDL-83B74FF864	美西律	口服常释剂型			西药	{}	25
nrdl	NRDL-61707C834D	普罗帕酮	口服常释剂型			西药	{}	25
nrdl	NRDL-8A2A9D7BC3	普罗帕酮	注射剂			西药	{}	25
nrdl	NRDL-B57F9F66BC	莫雷西嗪	口服常释剂型			西药	{}	25
nrdl	NRDL-93E0011601	伊布利特	注射剂			西药	{}	25
nrdl	NRDL-C06290E5CD	多巴胺	注射剂			西药	{}	25
nrdl	NRDL-4F5615C41D	多巴酚丁胺	注射剂			西药	{}	25
nrdl	NRDL-4A44497C73	间羟胺	注射剂			西药	{}	25
nrdl	NRDL-55B01A54F7	麻黄碱	注射剂			西药	{}	25
nrdl	NRDL-ED31615063	去甲肾上腺素	注射剂			西药	{}	25
nrdl	NRDL-AF7F39E950	肾上腺素	注射剂			西药	{}	25
nrdl	NRDL-2854D5E115	异丙肾上腺素	注射剂			西药	{}	25
nrdl	NRDL-21B1C6BFF2	米多君	口服常释剂型			西药	{}	25
nrdl	NRDL-F7FB535BA6	米力农	注射剂			西药	{}	25
nrdl	NRDL-B72FE1A4D7	去氧肾上腺素	注射剂			西药	{}	25
nrdl	NRDL-0AA3CBD6B8	左西孟旦	注射剂	限规范治疗效果不佳的急性失代偿性心力衰竭短期治疗。		西药	{}	25
nrdl	NRDL-21BF077FBF	盐酸奥普力农注射液				西药	{}	25
nrdl	NRDL-BAEDD7CEF4	硝酸甘油	口服常释剂型			西药	{}	25
nrdl	NRDL-1965734E06	硝酸甘油	注射剂			西药	{}	25
nrdl	NRDL-C480756E8C	硝酸异山梨酯	口服常释剂型			西药	{}	25
nrdl	NRDL-C59DDA1563	硝酸异山梨酯	注射剂			西药	{}	25
nrdl	NRDL-A96995F0E2	单硝酸异山梨酯	口服常释剂型			西药	{}	25
nrdl	NRDL-EA4EF7FE45	尼可地尔	口服常释剂型			西药	{}	25
nrdl	NRDL-B557766050	单硝酸异山梨酯	注射剂			西药	{}	25
nrdl	NRDL-5012ED516B	单硝酸异山梨酯 单硝酸异山梨酯Ⅰ 单硝酸异山梨酯Ⅱ 单硝酸异山梨酯Ⅲ 单硝酸异山梨酯Ⅳ	缓释控释剂型			西药	{}	25
nrdl	NRDL-E36783C7F2	硝酸甘油	舌下片剂			西药	{}	25
nrdl	NRDL-7D913842B6	硝酸甘油	吸入剂			西药	{}	25
nrdl	NRDL-8D857A4DCD	硝酸异山梨酯	缓释控释剂型			西药	{}	25
nrdl	NRDL-E3CFB9E6C6	硝酸异山梨酯氯化钠	注射剂			西药	{}	25
nrdl	NRDL-8C1E92C614	硝酸异山梨酯葡萄糖	注射剂			西药	{}	25
nrdl	NRDL-A432942B04	葛根素	注射剂	限视网膜动静脉阻塞或突发性耳聋患者，支付不超过14天。		西药	{}	25
nrdl	NRDL-0BFCF62DBB	曲美他嗪	口服常释剂型			西药	{}	26
nrdl	NRDL-887EC10F03	曲美他嗪	缓释控释剂型			西药	{}	26
nrdl	NRDL-8820DCD442	腺苷	注射剂			西药	{}	26
nrdl	NRDL-F2BFE3BB7B	伊伐布雷定	口服常释剂型			西药	{}	26
nrdl	NRDL-036D9D7836	瑞加诺生注射液				西药	{}	26
nrdl	NRDL-5C933DCB67	注射用重组人脑利钠肽		限二级及以上医疗机构用于规范治疗效果不佳的急性失代偿 性心力衰竭短期治疗。住院方可支付，单次支付不超过3天。		西药	{}	26
nrdl	NRDL-FCE93363D1	利血平	注射剂			西药	{}	26
nrdl	NRDL-BA29043CD7	地巴唑	口服常释剂型			西药	{}	26
nrdl	NRDL-63CEA4FA7F	甲基多巴	口服常释剂型			西药	{}	26
nrdl	NRDL-D80337D1C4	可乐定	口服常释剂型			西药	{}	26
nrdl	NRDL-2348E9E56B	可乐定	贴剂			西药	{}	26
nrdl	NRDL-46768D9C2A	哌唑嗪	口服常释剂型			西药	{}	26
nrdl	NRDL-95632D8986	川芎嗪	注射剂	限急性缺血性脑血管疾病，支付不超过14天。		西药	{}	26
nrdl	NRDL-91EBBB0887	银杏达莫	注射剂	限缺血性心脑血管疾病急性期住院患者，支付不超过14天。		西药	{}	26
nrdl	NRDL-61E653704B	银杏叶提取物	口服常释剂型			西药	{}	26
nrdl	NRDL-393B27E40A	银杏叶提取物	口服液体剂			西药	{}	26
nrdl	NRDL-16204DF230	银杏叶提取物	注射剂	限缺血性心脑血管疾病急性期住院患者；限耳部血流及神经 障碍患者。支付不超过14天。		西药	{}	26
nrdl	NRDL-8F0AF17B98	银杏蜜环	口服液体剂			西药	{}	26
nrdl	NRDL-ECFE12EE38	穿龙薯蓣皂苷(薯蓣皂苷)	口服常释剂型			西药	{}	26
nrdl	NRDL-26AFF2E106	多沙唑嗪	口服常释剂型			西药	{}	26
nrdl	NRDL-E74722D330	多沙唑嗪	缓释控释剂型			西药	{}	26
nrdl	NRDL-6AFB4A86BB	萘哌地尔	口服常释剂型			西药	{}	26
nrdl	NRDL-7600542156	乌拉地尔	缓释控释剂型			西药	{}	26
nrdl	NRDL-81287FDB91	乌拉地尔	注射剂			西药	{}	26
nrdl	NRDL-3532713F60	硝普钠	注射剂			西药	{}	26
nrdl	NRDL-08E722B794	安立生坦	口服常释剂型			西药	{}	26
nrdl	NRDL-BFE018B20A	波生坦分散片		限3-12岁特发性或先天性肺动脉高压患者。		西药	{}	26
nrdl	NRDL-4BB7266C3E	波生坦片		限WHO功能分级Ⅱ级-Ⅳ级的肺动脉高压(WHO第1组)的患者。		西药	{}	26
nrdl	NRDL-BD58333E8A	利奥西呱片		限：1.术后持续性或复发性慢性血栓栓塞性肺动脉高压 (CTEPH)或不能手术的CTEPH，且(WHO FC)为Ⅱ-Ⅲ的患者； 2.动脉性肺动脉高压(PAH)且(WHO FC)为Ⅱ-Ⅲ患者的二线用 药。		西药	{}	27
nrdl	NRDL-8F62B72EC4	马昔腾坦片		限WHO功能分级Ⅱ级-Ⅲ级的肺动脉高压(WHO第1组)的患者。		西药	{}	27
nrdl	NRDL-DB5878E4B2	复方利血平	口服常释剂型			西药	{}	27
nrdl	NRDL-01DB1EACE6	复方利血平氨苯蝶啶	口服常释剂型			西药	{}	27
nrdl	NRDL-54C417B94F	氢氯噻嗪	口服常释剂型			西药	{}	27
nrdl	NRDL-F45224737E	吲达帕胺	口服常释剂型			西药	{}	27
nrdl	NRDL-AF2EB2B4FB	吲达帕胺	缓释控释剂型			西药	{}	27
nrdl	NRDL-E692331EC3	吲达帕胺Ⅱ	缓释控释剂型			西药	{}	27
nrdl	NRDL-AC670F7BF1	呋塞米	口服常释剂型			西药	{}	27
nrdl	NRDL-1B1A4010FD	呋塞米	注射剂			西药	{}	27
nrdl	NRDL-24D1089C9E	布美他尼	口服常释剂型			西药	{}	27
nrdl	NRDL-69C9700FF3	布美他尼	注射剂			西药	{}	27
nrdl	NRDL-06B7B52BAD	托拉塞米	口服常释剂型			西药	{}	27
nrdl	NRDL-92D0AEF9C9	托拉塞米	注射剂			西药	{}	27
nrdl	NRDL-F1A3B19016	氨苯蝶啶	口服常释剂型			西药	{}	27
nrdl	NRDL-C751D08FC2	螺内酯	口服常释剂型			西药	{}	27
nrdl	NRDL-41E74C6AD7	托伐普坦片				西药	{}	27
nrdl	NRDL-23421EA148	酚妥拉明	注射剂			西药	{}	27
nrdl	NRDL-76A63C002B	阿魏酸钠	口服常释剂型			西药	{}	27
nrdl	NRDL-60F1C0B7B5	二氢麦角碱	口服常释剂型			西药	{}	27
nrdl	NRDL-6B7EE96F56	二氢麦角碱	缓释控释剂型			西药	{}	27
nrdl	NRDL-FB12252DC2	法舒地尔	注射剂			西药	{}	27
nrdl	NRDL-1A1DB5A6B9	酚苄明	口服常释剂型			西药	{}	27
nrdl	NRDL-F54D7B607B	酚苄明	注射剂			西药	{}	27
nrdl	NRDL-6EE6681F5D	己酮可可碱	口服常释剂型			西药	{}	27
nrdl	NRDL-9A8DFF6ED1	己酮可可碱	缓释控释剂型			西药	{}	27
nrdl	NRDL-5DF2C61F89	己酮可可碱	注射剂			西药	{}	27
nrdl	NRDL-EF213CF5DC	尼麦角林	口服常释剂型			西药	{}	28
nrdl	NRDL-077408DAB6	烟酸	口服常释剂型			西药	{}	28
nrdl	NRDL-497514E6A1	烟酸	缓释控释剂型			西药	{}	28
nrdl	NRDL-D5C5103737	烟酸	注射剂			西药	{}	28
nrdl	NRDL-0F791D0C02	烟酸肌醇酯	口服常释剂型			西药	{}	28
nrdl	NRDL-ABFC55D835	肌醇烟酸酯片				西药	{}	28
nrdl	NRDL-8FA9007D94	胰激肽原酶	口服常释剂型	限有糖尿病诊断且有微循环障碍临床证据的患者。		西药	{}	28
nrdl	NRDL-84081A2A04	胰激肽原酶	注射剂	限有糖尿病诊断且有微循环障碍临床证据的患者。		西药	{}	28
nrdl	NRDL-405E67FB85	地奥司明(柑橘黄酮)	口服常释剂型			西药	{}	28
nrdl	NRDL-8340016FC0	复方角菜酸酯	栓剂			西药	{}	28
nrdl	NRDL-B59C9B0AD2	复方角菜酸酯	乳膏剂			西药	{}	28
nrdl	NRDL-F0ED24C932	肝素	乳膏剂			西药	{}	28
nrdl	NRDL-1019AEF898	多磺酸粘多糖	软膏剂	限由静脉输液或注射引起的血栓性静脉炎。		西药	{}	28
nrdl	NRDL-EEDC600B5F	七叶皂苷	口服常释剂型			西药	{}	28
nrdl	NRDL-4EBEE96B11	七叶皂苷	注射剂	支付不超过10天。		西药	{}	28
nrdl	NRDL-1A7EE5704F	曲克芦丁	口服常释剂型			西药	{}	28
nrdl	NRDL-92810FC890	曲克芦丁	注射剂	限新发的缺血性脑梗死，支付不超过14天。		西药	{}	28
nrdl	NRDL-DC15C1F37E	普萘洛尔	口服常释剂型			西药	{}	28
nrdl	NRDL-A41F20F8E0	普萘洛尔	缓释控释剂型			西药	{}	28
nrdl	NRDL-2621A6A0F3	普萘洛尔	注射剂			西药	{}	28
nrdl	NRDL-5AE523ED6F	索他洛尔	口服常释剂型			西药	{}	28
nrdl	NRDL-01590B8572	索他洛尔	注射剂			西药	{}	28
nrdl	NRDL-404FDD4B08	阿替洛尔	口服常释剂型			西药	{}	28
nrdl	NRDL-11AFBDC333	比索洛尔	口服常释剂型			西药	{}	28
nrdl	NRDL-6D78C51661	美托洛尔	口服常释剂型			西药	{}	28
nrdl	NRDL-6C82264EEE	美托洛尔	注射剂			西药	{}	28
nrdl	NRDL-4868F4344C	艾司洛尔	注射剂			西药	{}	28
nrdl	NRDL-1ED634573A	美托洛尔 美托洛尔Ⅱ	缓释控释剂型			西药	{}	28
nrdl	NRDL-21F149DF62	盐酸艾司洛尔氯化钠注射液				西药	{}	28
nrdl	NRDL-8BEEF9C92B	阿罗洛尔	口服常释剂型			西药	{}	28
nrdl	NRDL-BB5E9DC411	卡维地洛	口服常释剂型			西药	{}	28
nrdl	NRDL-E52A152680	拉贝洛尔	口服常释剂型			西药	{}	29
nrdl	NRDL-D61F61B3D8	比索洛尔氨氯地平片				西药	{}	29
nrdl	NRDL-B5519F9369	氨氯地平	口服常释剂型			西药	{}	29
nrdl	NRDL-9BF990F450	尼莫地平	口服常释剂型			西药	{}	29
nrdl	NRDL-4A85CFBAFB	尼群地平	口服常释剂型			西药	{}	29
nrdl	NRDL-1A169DB1BB	硝苯地平	口服常释剂型			西药	{}	29
nrdl	NRDL-FC2B5AC57A	硝苯地平 硝苯地平Ⅰ 硝苯地平Ⅱ 硝苯地平Ⅲ 硝苯地平Ⅳ	缓释控释剂型			西药	{}	29
nrdl	NRDL-61EDC336D5	非洛地平	口服常释剂型			西药	{}	29
nrdl	NRDL-539D7DEB53	氨氯地平阿托伐他汀	口服常释剂型			西药	{}	29
nrdl	NRDL-B5C331038C	贝尼地平	口服常释剂型			西药	{}	29
nrdl	NRDL-69E8720CF5	非洛地平 非洛地平Ⅱ	缓释控释剂型			西药	{}	29
nrdl	NRDL-86E27649B5	拉西地平	口服常释剂型			西药	{}	29
nrdl	NRDL-83A3FAD6D8	乐卡地平	口服常释剂型			西药	{}	29
nrdl	NRDL-DAD9A54717	尼卡地平	口服常释剂型			西药	{}	29
nrdl	NRDL-5EBC04B24E	尼卡地平	缓释控释剂型			西药	{}	29
nrdl	NRDL-148B170AD2	尼卡地平	注射剂			西药	{}	29
nrdl	NRDL-3850FD155A	尼莫地平	注射剂			西药	{}	29
nrdl	NRDL-7D6A79C8E4	尼群洛尔	口服常释剂型			西药	{}	29
nrdl	NRDL-9CEAF0A36E	西尼地平	口服常释剂型			西药	{}	29
nrdl	NRDL-D2CA0A354E	左氨氯地平(左旋氨氯地平)	口服常释剂型			西药	{}	29
nrdl	NRDL-3C1DC2F142	地尔硫䓬	口服常释剂型			西药	{}	29
nrdl	NRDL-08AA7C612A	维拉帕米	口服常释剂型			西药	{}	29
nrdl	NRDL-44E52B6072	维拉帕米	注射剂			西药	{}	29
nrdl	NRDL-175F4DD4EE	地尔硫䓬	注射剂			西药	{}	29
nrdl	NRDL-072549963C	地尔硫䓬 地尔硫䓬Ⅱ	缓释控释剂型			西药	{}	29
nrdl	NRDL-E17623478D	维拉帕米	缓释控释剂型			西药	{}	29
nrdl	NRDL-D58E879998	卡托普利	口服常释剂型			西药	{}	30
nrdl	NRDL-8438F69C07	依那普利	口服常释剂型			西药	{}	30
nrdl	NRDL-824E23C69A	贝那普利	口服常释剂型			西药	{}	30
nrdl	NRDL-483982A0B2	福辛普利	口服常释剂型			西药	{}	30
nrdl	NRDL-BE5D147D97	赖诺普利	口服常释剂型			西药	{}	30
nrdl	NRDL-90DA85C652	雷米普利	口服常释剂型			西药	{}	30
nrdl	NRDL-0CAEDE0099	咪达普利	口服常释剂型			西药	{}	30
nrdl	NRDL-5ABBC38C58	培哚普利	口服常释剂型			西药	{}	30
nrdl	NRDL-368AAFAE3A	氨氯地平贝那普利Ⅰ 氨氯地平贝那普利Ⅱ	口服常释剂型			西药	{}	30
nrdl	NRDL-1A8ECCAFB0	氨氯地平贝那普利胶囊				西药	{}	30
nrdl	NRDL-6AA39FE31C	贝那普利氢氯噻嗪	口服常释剂型			西药	{}	30
nrdl	NRDL-FBB2FF63B2	复方卡托普利	口服常释剂型			西药	{}	30
nrdl	NRDL-C5005FB15A	赖诺普利氢氯噻嗪	口服常释剂型			西药	{}	30
nrdl	NRDL-74F17706DA	依那普利叶酸	口服常释剂型	限有明确同型半胱氨酸水平升高证据的原发性高血压。		西药	{}	30
nrdl	NRDL-901B3799D4	培哚普利吲达帕胺	口服常释剂型			西药	{}	30
nrdl	NRDL-FBA008E94F	培哚普利氨氯地平Ⅰ 培哚普利氨氯地平Ⅱ 培哚普利氨氯地平Ⅲ	口服常释剂型			西药	{}	30
nrdl	NRDL-F71804B9CE	缬沙坦	口服常释剂型			西药	{}	30
nrdl	NRDL-7F21F7CB1B	奥美沙坦酯	口服常释剂型			西药	{}	30
nrdl	NRDL-CA778C1DB5	厄贝沙坦	口服常释剂型			西药	{}	30
nrdl	NRDL-860E65A6B4	氯沙坦	口服常释剂型			西药	{}	30
nrdl	NRDL-415406AD0D	替米沙坦	口服常释剂型			西药	{}	30
nrdl	NRDL-77E6471A18	坎地沙坦酯	口服常释剂型			西药	{}	30
nrdl	NRDL-29E0A5DC82	阿利沙坦酯片		限轻、中度原发性高血压。		西药	{}	30
nrdl	NRDL-E3E057EE4B	阿齐沙坦片				西药	{}	30
nrdl	NRDL-3CFAA41824	美阿沙坦钾片				西药	{}	30
nrdl	NRDL-AA6AF97646	奥美沙坦酯氢氯噻嗪	口服常释剂型			西药	{}	30
nrdl	NRDL-DC79F2C997	厄贝沙坦氢氯噻嗪	口服常释剂型			西药	{}	30
nrdl	NRDL-0FFCD030C6	氯沙坦氢氯噻嗪	口服常释剂型			西药	{}	30
nrdl	NRDL-6FAAC96F58	替米沙坦氢氯噻嗪	口服常释剂型			西药	{}	30
nrdl	NRDL-E3B99B555C	缬沙坦氨氯地平Ⅰ 缬沙坦氨氯地平Ⅱ	口服常释剂型			西药	{}	30
nrdl	NRDL-C90C6152A4	缬沙坦氢氯噻嗪	口服常释剂型			西药	{}	30
nrdl	NRDL-C5D98356FF	奥美沙坦酯氨氯地平	口服常释剂型			西药	{}	31
nrdl	NRDL-98DAA1EE63	替米沙坦氨氯地平	口服常释剂型			西药	{}	31
nrdl	NRDL-763E6891A4	坎地沙坦酯氢氯噻嗪Ⅰ 坎地沙坦酯氢氯噻嗪Ⅱ 坎地氢噻	口服常释剂型			西药	{}	31
nrdl	NRDL-EE7C6984B8	沙库巴曲缬沙坦钠片		限：1.射血分数降低的慢性心力衰竭(NYHA Ⅱ-Ⅳ级，LVEF≤ 40%)成人患者；2.原发性高血压。		西药	{}	31
nrdl	NRDL-ABA10758EC	辛伐他汀	口服常释剂型			西药	{}	31
nrdl	NRDL-6386D87E65	阿托伐他汀	口服常释剂型			西药	{}	31
nrdl	NRDL-155DEB8E53	氟伐他汀	口服常释剂型			西药	{}	31
nrdl	NRDL-FFBE8E8069	氟伐他汀	缓释控释剂型			西药	{}	31
nrdl	NRDL-A9C27BFD08	洛伐他汀	口服常释剂型			西药	{}	31
nrdl	NRDL-7C88C29464	匹伐他汀	口服常释剂型			西药	{}	31
nrdl	NRDL-A614AF36E7	普伐他汀	口服常释剂型			西药	{}	31
nrdl	NRDL-B14A269D49	瑞舒伐他汀	口服常释剂型			西药	{}	31
nrdl	NRDL-128039B607	苯扎贝特	口服常释剂型			西药	{}	31
nrdl	NRDL-39CB1D007A	非诺贝特 非诺贝特Ⅱ 非诺贝特Ⅲ	口服常释剂型			西药	{}	31
nrdl	NRDL-B474FD4343	吉非罗齐	口服常释剂型			西药	{}	31
nrdl	NRDL-14673399DF	阿昔莫司	口服常释剂型			西药	{}	31
nrdl	NRDL-E35180F587	普罗布考	口服常释剂型			西药	{}	31
nrdl	NRDL-464E238263	依折麦布	口服常释剂型			西药	{}	31
nrdl	NRDL-AB8E13196D	瑞舒伐他汀依折麦布片(Ⅰ)		限：1.他汀类药物单药治疗LDL-C无法达标的成人原发性(杂 合子型家族性或非家族性)高胆固醇血症或混合性高脂血症患 者；2.降低纯合子型家族性高胆固醇血症(HoFH)患者的TC和 LDL-C水平。		西药	{}	31
nrdl	NRDL-1DC2C65D20	依折麦布阿托伐他汀钙片(Ⅱ)		限：1.他汀类药物单药治疗LDL-C无法达标的成人原发性(杂 合子型家族性或非家族性)高胆固醇血症或混合性高脂血症患 者；2.降低纯合子型家族性高胆固醇血症(HoFH)患者的TC和 LDL-C水平。		西药	{}	31
nrdl	NRDL-10B44EF199	克霉唑	软膏剂			西药	{}	32
nrdl	NRDL-F7C7351086	咪康唑	软膏剂			西药	{}	32
nrdl	NRDL-B68F80B6B9	水杨酸	软膏剂			西药	{}	32
nrdl	NRDL-9E8EC38877	阿莫罗芬	软膏剂			西药	{}	32
nrdl	NRDL-F82A0CF5DD	布替萘芬	软膏剂			西药	{}	32
nrdl	NRDL-C134F99CD4	二硫化硒	外用液体剂			西药	{}	32
nrdl	NRDL-2913D56577	复方土槿皮	外用液体剂			西药	{}	32
nrdl	NRDL-F670272DC7	环吡酮胺	软膏剂			西药	{}	32
nrdl	NRDL-7ADF7B7083	联苯苄唑	外用液体剂			西药	{}	32
nrdl	NRDL-7FD048112E	联苯苄唑	软膏剂			西药	{}	32
nrdl	NRDL-C032CEC4A3	曲安奈德益康唑	软膏剂			西药	{}	32
nrdl	NRDL-8A9827FEAD	特比萘芬	口服常释剂型			西药	{}	32
nrdl	NRDL-6193B7053E	特比萘芬	软膏剂			西药	{}	32
nrdl	NRDL-F305459539	酮康唑	软膏剂			西药	{}	32
nrdl	NRDL-7A4F1ED05F	益康唑	软膏剂			西药	{}	32
nrdl	NRDL-381BBD9D25	尿素	软膏剂			西药	{}	32
nrdl	NRDL-8DD76377F5	复方水杨酸	外用液体剂			西药	{}	32
nrdl	NRDL-A7E461F4DA	氧化锌	软膏剂			西药	{}	32
nrdl	NRDL-0BFDC4C1E2	牛碱性成纤维细胞生长因子(重 组牛碱性成纤维细胞生长因子)	外用冻干制剂	限Ⅱ度烧伤。		西药	{}	32
nrdl	NRDL-CF34ECC2DA	牛碱性成纤维细胞生长因子(重 组牛碱性成纤维细胞生长因子)	凝胶剂	限Ⅱ度烧伤。		西药	{}	32
nrdl	NRDL-578C79A913	人表皮生长因子(重组人表皮生 长因子)	外用冻干制剂			西药	{}	32
nrdl	NRDL-E39F76823A	人表皮生长因子(LR截短型)[人 表皮生长因子/重组人表皮生长 因子(酵母)]	凝胶剂			西药	{}	32
nrdl	NRDL-4C4F27FE96	人表皮生长因子(ARI加长型)[人 表皮生长因子(Ⅰ)/重组人表皮 生长因子Ⅰ]	外用液体剂			西药	{}	32
nrdl	NRDL-C14A6B455D	重组人碱性成纤维细胞生长因子	外用冻干制剂	限Ⅱ度烧伤。		西药	{}	32
nrdl	NRDL-9B39D20DA1	重组人碱性成纤维细胞生长因子	凝胶剂	限Ⅱ度烧伤。		西药	{}	32
nrdl	NRDL-EB7F0EFB6C	重组人酸性成纤维细胞生长因子	外用冻干制剂			西药	{}	32
nrdl	NRDL-9896AB4563	阿维A	口服常释剂型			西药	{}	33
nrdl	NRDL-12449A561A	本维莫德乳膏		限成人轻至中度稳定性寻常型银屑病的局部治疗。		西药	{}	33
nrdl	NRDL-8C853BE7EE	地蒽酚	软膏剂			西药	{}	33
nrdl	NRDL-445E409657	甲氧沙林	口服常释剂型			西药	{}	33
nrdl	NRDL-F317952E69	甲氧沙林	外用液体剂			西药	{}	33
nrdl	NRDL-51D9B2CAAF	卡泊三醇	外用液体剂			西药	{}	33
nrdl	NRDL-3C38EFF073	卡泊三醇	软膏剂			西药	{}	33
nrdl	NRDL-31D22A9CA6	卡泊三醇倍他米松	软膏剂			西药	{}	33
nrdl	NRDL-D88FD5E4A1	卡泊三醇倍他米松	凝胶剂			西药	{}	33
nrdl	NRDL-A24D6E0289	他扎罗汀	软膏剂			西药	{}	33
nrdl	NRDL-13CD67AB82	他扎罗汀	凝胶剂			西药	{}	33
nrdl	NRDL-8001C3FA0B	他卡西醇	软膏剂			西药	{}	33
nrdl	NRDL-AB86BD8D1C	他扎罗汀倍他米松	软膏剂			西药	{}	33
nrdl	NRDL-B9EF2D11F5	阿昔洛韦	软膏剂			西药	{}	33
nrdl	NRDL-F34052568A	磺胺嘧啶银	软膏剂			西药	{}	33
nrdl	NRDL-9369535F78	环丙沙星	软膏剂			西药	{}	33
nrdl	NRDL-5B641BAC9A	阿昔洛韦	凝胶剂			西药	{}	33
nrdl	NRDL-4DE21F4785	夫西地酸	软膏剂			西药	{}	33
nrdl	NRDL-EF9BC0FA65	氟尿嘧啶	软膏剂			西药	{}	33
nrdl	NRDL-F05712FD80	复方多粘菌素B	软膏剂			西药	{}	33
nrdl	NRDL-52B24E4259	复方磺胺嘧啶锌	凝胶剂			西药	{}	33
nrdl	NRDL-F81707B6BF	鬼臼毒素	外用液体剂			西药	{}	33
nrdl	NRDL-4D0B6C9B64	鬼臼毒素	软膏剂			西药	{}	33
nrdl	NRDL-1EF942A024	磺胺嘧啶锌	软膏剂			西药	{}	33
nrdl	NRDL-41936CEDCE	环丙沙星	凝胶剂			西药	{}	33
nrdl	NRDL-56300992CF	金霉素	软膏剂			西药	{}	33
nrdl	NRDL-A7A318ABCF	莫匹罗星	软膏剂			西药	{}	33
nrdl	NRDL-85056B7FFA	诺氟沙星	软膏剂			西药	{}	33
nrdl	NRDL-08A84A2F10	喷昔洛韦	软膏剂			西药	{}	33
nrdl	NRDL-C9894EE9D3	喷昔洛韦	凝胶剂			西药	{}	33
nrdl	NRDL-C8AF8EEDE0	四环素	软膏剂			西药	{}	33
nrdl	NRDL-1334F85BF9	新霉素	软膏剂			西药	{}	33
nrdl	NRDL-945448A991	氢化可的松	软膏剂			西药	{}	33
nrdl	NRDL-B9E1F54599	倍氯米松	软膏剂			西药	{}	33
nrdl	NRDL-2B5D33E777	氯倍他索	软膏剂			西药	{}	33
nrdl	NRDL-C27BFFCC4D	地奈德	软膏剂			西药	{}	33
nrdl	NRDL-FD1CF2DF2B	地塞米松	软膏剂			西药	{}	34
nrdl	NRDL-237C266965	丁酸氢化可的松	软膏剂			西药	{}	34
nrdl	NRDL-7E93605EB6	哈西奈德	外用液体剂			西药	{}	34
nrdl	NRDL-77C364BEBC	哈西奈德	软膏剂			西药	{}	34
nrdl	NRDL-1DBFD2F695	糠酸莫米松	软膏剂			西药	{}	34
nrdl	NRDL-F236E3B9E4	糠酸莫米松	凝胶剂			西药	{}	34
nrdl	NRDL-1C104504D3	卤米松	乳膏剂			西药	{}	34
nrdl	NRDL-FB453788BB	卤米松/三氯生	软膏剂			西药	{}	34
nrdl	NRDL-0793867819	曲安奈德	软膏剂			西药	{}	34
nrdl	NRDL-9DD3D46ECB	氟替卡松	软膏剂			西药	{}	34
nrdl	NRDL-4E133B4844	高锰酸钾	片剂			西药	{}	34
nrdl	NRDL-163FCE6957	过氧化氢	溶液剂			西药	{}	34
nrdl	NRDL-3E97861C20	硼酸	外用液体剂			西药	{}	34
nrdl	NRDL-8FA589C6EE	硼酸	软膏剂			西药	{}	34
nrdl	NRDL-4A2064A59F	依沙吖啶	外用液体剂			西药	{}	34
nrdl	NRDL-F112454791	依沙吖啶	软膏剂			西药	{}	34
nrdl	NRDL-2DB7896E24	红霉素	软膏剂			西药	{}	34
nrdl	NRDL-4ECFFE9F44	维A酸	软膏剂			西药	{}	34
nrdl	NRDL-CEE87A1F6A	阿达帕林	凝胶剂			西药	{}	34
nrdl	NRDL-6E961C636E	过氧苯甲酰	凝胶剂			西药	{}	34
nrdl	NRDL-B9D7A3A90C	克林霉素	软膏剂			西药	{}	34
nrdl	NRDL-2F26AD31BC	硫软膏	软膏剂			西药	{}	34
nrdl	NRDL-792E7038C6	异维A酸	口服常释剂型			西药	{}	34
nrdl	NRDL-B51529D6B3	异维A酸	凝胶剂			西药	{}	34
nrdl	NRDL-80EA28DF4B	炉甘石	外用液体剂			西药	{}	34
nrdl	NRDL-5E406CD759	鱼石脂	软膏剂			西药	{}	34
nrdl	NRDL-7941187444	吡美莫司	软膏剂	限轻中度特应性皮炎患者的二线用药。		西药	{}	34
nrdl	NRDL-823F5B1086	多塞平	乳膏剂			西药	{}	34
nrdl	NRDL-44A745279B	克立硼罗软膏		限3月龄及以上的轻度至中度特应性皮炎患者。		西药	{}	34
nrdl	NRDL-1F559FC87F	氢醌	软膏剂	限工伤保险。		西药	{}	34
nrdl	NRDL-2331628FEF	他克莫司	软膏剂	限中重度特应性皮炎患者的二线用药。		西药	{}	34
nrdl	NRDL-72570F5DF0	甲硝唑	阴道泡腾片			西药	{}	34
nrdl	NRDL-7080B99E51	甲硝唑	栓剂			西药	{}	34
nrdl	NRDL-5E61F5EE96	克霉唑	阴道片			西药	{}	35
nrdl	NRDL-9780F5E42A	克霉唑	栓剂			西药	{}	35
nrdl	NRDL-34D25FFE21	克霉唑阴道乳膏				西药	{}	35
nrdl	NRDL-FC9AC926CD	咪康唑	栓剂			西药	{}	35
nrdl	NRDL-077DF3C9B9	咪康唑	阴道片			西药	{}	35
nrdl	NRDL-F7606FBB35	咪康唑	阴道泡腾片			西药	{}	35
nrdl	NRDL-FC7AB894CD	咪康唑	阴道软胶囊			西药	{}	35
nrdl	NRDL-57E99D76E9	制霉素	阴道泡腾片			西药	{}	35
nrdl	NRDL-D5F9563F60	制霉素	栓剂			西药	{}	35
nrdl	NRDL-97DD9C48F2	复方莪术油	栓剂			西药	{}	35
nrdl	NRDL-3F9D3EDD34	甲硝唑	凝胶剂			西药	{}	35
nrdl	NRDL-886EAAF832	聚甲酚磺醛	外用液体剂			西药	{}	35
nrdl	NRDL-2C4259C1DE	聚甲酚磺醛	栓剂			西药	{}	35
nrdl	NRDL-8536831F11	替硝唑	阴道泡腾片			西药	{}	35
nrdl	NRDL-4F3E783AE8	替硝唑	栓剂			西药	{}	35
nrdl	NRDL-819CFB8BEB	硝呋太尔	口服常释剂型			西药	{}	35
nrdl	NRDL-3072D6F23E	硝呋太尔	阴道片			西药	{}	35
nrdl	NRDL-0619CDA990	硝呋太尔制霉素	阴道软胶囊			西药	{}	35
nrdl	NRDL-70146B6BDF	硝呋太尔-制霉菌素	栓剂			西药	{}	35
nrdl	NRDL-32C7C43E32	硝呋太尔制霉菌素阴道软胶囊				西药	{}	35
nrdl	NRDL-9AA9C0889F	氯喹那多普罗雌烯	阴道片			西药	{}	35
nrdl	NRDL-A19050905F	酮康唑	栓剂			西药	{}	35
nrdl	NRDL-0803198F86	麦角新碱	注射剂			西药	{}	35
nrdl	NRDL-B51124F5FF	米索前列醇	口服常释剂型			西药	{}	35
nrdl	NRDL-263DB71BCE	依沙吖啶	注射剂			西药	{}	35
nrdl	NRDL-71E9C791EA	地诺前列酮	栓剂	限生育保险。		西药	{}	35
nrdl	NRDL-CD1251C82F	卡前列甲酯	栓剂			西药	{}	35
nrdl	NRDL-6D9AB0EE7A	卡前列素氨丁三醇	注射剂	限生育保险。		西药	{}	35
nrdl	NRDL-F8D300E994	利托君	口服常释剂型			西药	{}	35
nrdl	NRDL-7E1BCA0074	利托君	注射剂			西药	{}	35
nrdl	NRDL-ADEEE6821F	乳酸菌	阴道胶囊			西药	{}	35
nrdl	NRDL-7838E68916	乳杆菌活菌	阴道胶囊			西药	{}	35
nrdl	NRDL-91BB17FE0E	溴隐亭	口服常释剂型			西药	{}	35
nrdl	NRDL-BF680063F4	阿托西班	注射剂			西药	{}	35
nrdl	NRDL-C2B64DBFA5	丙酸睾酮	注射剂			西药	{}	36
nrdl	NRDL-4B7709E300	十一酸睾酮	口服常释剂型			西药	{}	36
nrdl	NRDL-66CB576530	十一酸睾酮	注射剂			西药	{}	36
nrdl	NRDL-2E483C5194	己烯雌酚	口服常释剂型			西药	{}	36
nrdl	NRDL-B6B9309A45	己烯雌酚	注射剂			西药	{}	36
nrdl	NRDL-663EC40D0D	炔雌醇	口服常释剂型			西药	{}	36
nrdl	NRDL-CD0B504260	苯甲酸雌二醇	注射剂			西药	{}	36
nrdl	NRDL-A87C9848DB	雌二醇	凝胶剂			西药	{}	36
nrdl	NRDL-9CFD260D67	结合雌激素	口服常释剂型			西药	{}	36
nrdl	NRDL-ED948E5A6B	尼尔雌醇	口服常释剂型			西药	{}	36
nrdl	NRDL-4819C788D0	普罗雌烯	阴道胶囊			西药	{}	36
nrdl	NRDL-FA0B6D5406	普罗雌烯	阴道软胶囊			西药	{}	36
nrdl	NRDL-719A185276	普罗雌烯	软膏剂			西药	{}	36
nrdl	NRDL-3B7D3F3092	替勃龙	口服常释剂型			西药	{}	36
nrdl	NRDL-A1B7AD66C5	戊酸雌二醇	口服常释剂型			西药	{}	36
nrdl	NRDL-E554076D30	黄体酮	注射剂			西药	{}	36
nrdl	NRDL-F39557A83A	甲地孕酮	口服常释剂型			西药	{}	36
nrdl	NRDL-23BF5E53B5	甲羟孕酮	口服常释剂型			西药	{}	36
nrdl	NRDL-F3F9DF5C4E	地屈孕酮	口服常释剂型			西药	{}	36
nrdl	NRDL-6DC1D2EBD2	黄体酮	口服常释剂型			西药	{}	36
nrdl	NRDL-DA8E38AE10	黄体酮	栓剂			西药	{}	36
nrdl	NRDL-FF76819FE1	黄体酮注射液(Ⅱ)		限辅助生殖技术(ART)中黄体酮的补充治疗，适用于不能使用 或不能耐受阴道制剂的女性。		西药	{}	36
nrdl	NRDL-8BA4165535	甲羟孕酮	注射剂			西药	{}	36
nrdl	NRDL-BF5ED4315B	炔诺酮	口服常释剂型			西药	{}	36
nrdl	NRDL-69AA41D92B	烯丙雌醇	口服常释剂型			西药	{}	36
nrdl	NRDL-55B3EA2024	地诺孕素	口服常释剂型			西药	{}	36
nrdl	NRDL-05E6261AAB	炔雌醇环丙孕酮	口服常释剂型	限多囊卵巢综合症。		西药	{}	36
nrdl	NRDL-3B1040DEDF	雌二醇/雌二醇地屈孕酮	口服常释剂型			西药	{}	36
nrdl	NRDL-A7A615356B	戊酸雌二醇/雌二醇环丙孕酮	口服常释剂型			西药	{}	36
nrdl	NRDL-7B29DDC043	绒促性素	注射剂			西药	{}	36
nrdl	NRDL-6E582AD56A	氯米芬	口服常释剂型			西药	{}	36
nrdl	NRDL-18E99FF28D	尿促性素	注射剂			西药	{}	37
nrdl	NRDL-17711829FE	达那唑	口服常释剂型			西药	{}	37
nrdl	NRDL-EAA93D1CBA	雷洛昔芬	口服常释剂型			西药	{}	37
nrdl	NRDL-1C34958EBC	米非司酮 米非司酮Ⅱ	口服常释剂型	限子宫肌瘤患者或生育保险。		西药	{}	37
nrdl	NRDL-DD1EE45BBA	孕三烯酮	口服常释剂型			西药	{}	37
nrdl	NRDL-28DFB61AE5	黄酮哌酯	口服常释剂型			西药	{}	37
nrdl	NRDL-CA3AE218D5	奥昔布宁	口服常释剂型			西药	{}	37
nrdl	NRDL-E31DAC4283	奥昔布宁	缓释控释剂型			西药	{}	37
nrdl	NRDL-7D506F6DCE	包醛氧淀粉	口服常释剂型			西药	{}	37
nrdl	NRDL-FF44E5CF9A	包醛氧淀粉	口服散剂			西药	{}	37
nrdl	NRDL-448C5CF82D	非那吡啶	口服常释剂型	限膀胱镜检查使用。		西药	{}	37
nrdl	NRDL-6316091C49	聚苯乙烯磺酸	口服散剂			西药	{}	37
nrdl	NRDL-F788DF0E65	托特罗定	口服常释剂型			西药	{}	37
nrdl	NRDL-0E3E0BB6C5	托特罗定	缓释控释剂型			西药	{}	37
nrdl	NRDL-82EB48677F	左卡尼汀	注射剂			西药	{}	37
nrdl	NRDL-DDD119D407	左卡尼汀	口服液体剂			西药	{}	37
nrdl	NRDL-BF67675B4C	索利那新	口服常释剂型			西药	{}	37
nrdl	NRDL-DA878CE1AE	米拉贝隆缓释片				西药	{}	37
nrdl	NRDL-1700EF4D4A	特拉唑嗪	口服常释剂型			西药	{}	37
nrdl	NRDL-D2CF042923	阿夫唑嗪	口服常释剂型			西药	{}	37
nrdl	NRDL-99A450ED02	阿夫唑嗪	缓释控释剂型			西药	{}	37
nrdl	NRDL-91028B7609	爱普列特	口服常释剂型			西药	{}	37
nrdl	NRDL-FB65F3EBCC	非那雄胺	口服常释剂型	限前列腺增生。		西药	{}	37
nrdl	NRDL-2DB3559215	普适泰	口服常释剂型			西药	{}	37
nrdl	NRDL-CD9031F2DA	赛洛多辛	口服常释剂型			西药	{}	37
nrdl	NRDL-6132CFC738	坦洛新(坦索罗辛)	缓释控释剂型			西药	{}	37
nrdl	NRDL-474F379DEB	促皮质素	注射剂			西药	{}	37
nrdl	NRDL-F53CF2AD15	人生长激素(重组人生长激素)	注射剂	限生长激素缺乏症。		西药	{}	37
nrdl	NRDL-3AC01592D8	垂体后叶	注射剂			西药	{}	37
nrdl	NRDL-ABFC601FB6	去氨加压素	口服常释剂型			西药	{}	38
nrdl	NRDL-D01F873AFF	去氨加压素	注射剂			西药	{}	38
nrdl	NRDL-87E04654D8	缩宫素	注射剂			西药	{}	38
nrdl	NRDL-84D4A2A860	卡贝缩宫素	注射剂			西药	{}	38
nrdl	NRDL-B6EC0666C6	去氨加压素口服溶液				西药	{}	38
nrdl	NRDL-987541B0FE	鞣酸加压素	注射剂			西药	{}	38
nrdl	NRDL-3252162F90	缩宫素	喷雾剂			西药	{}	38
nrdl	NRDL-ACDC65EB99	奥曲肽	注射剂			西药	{}	38
nrdl	NRDL-36A7575CF9	生长抑素	注射剂			西药	{}	38
nrdl	NRDL-A2053DEF49	注射用醋酸奥曲肽微球		限胃肠胰内分泌肿瘤、肢端肥大症。		西药	{}	38
nrdl	NRDL-16161A33FC	地塞米松	口服常释剂型			西药	{}	38
nrdl	NRDL-E7489B8A4B	地塞米松	注射剂			西药	{}	38
nrdl	NRDL-46ABCE41C7	地塞米松棕榈酸酯	注射剂			西药	{}	38
nrdl	NRDL-5361F1926C	地塞米松磷酸钠	注射剂			西药	{}	38
nrdl	NRDL-B248A22E03	泼尼松	口服常释剂型			西药	{}	38
nrdl	NRDL-DD925DBF1B	氢化可的松	口服常释剂型			西药	{}	38
nrdl	NRDL-CFE20B3AE8	氢化可的松	注射剂			西药	{}	38
nrdl	NRDL-BED97807E1	甲泼尼龙	口服常释剂型			西药	{}	38
nrdl	NRDL-CCD678B02A	倍他米松	口服常释剂型			西药	{}	38
nrdl	NRDL-0F959F6BD7	倍他米松	注射剂			西药	{}	38
nrdl	NRDL-91E8B40D56	复方倍他米松	注射剂			西药	{}	38
nrdl	NRDL-F0DC8C02DC	甲泼尼龙	注射剂			西药	{}	38
nrdl	NRDL-19E0A6DE22	可的松	口服常释剂型			西药	{}	38
nrdl	NRDL-A3B6353CCA	泼尼松龙	口服常释剂型			西药	{}	38
nrdl	NRDL-F3718A38C3	泼尼松龙(氢化泼尼松)	注射剂			西药	{}	38
nrdl	NRDL-A0A9C527D8	曲安奈德	注射剂			西药	{}	38
nrdl	NRDL-B2FFB40C13	曲安西龙	口服常释剂型			西药	{}	38
nrdl	NRDL-A002F551D0	甲状腺片	口服常释剂型			西药	{}	38
nrdl	NRDL-BE7EE6B560	左甲状腺素	口服常释剂型			西药	{}	38
nrdl	NRDL-1747D9703F	丙硫氧嘧啶	口服常释剂型			西药	{}	38
nrdl	NRDL-C2356577E5	甲巯咪唑	口服常释剂型			西药	{}	38
nrdl	NRDL-0DA124DFDA	高血糖素	注射剂			西药	{}	38
nrdl	NRDL-BC32BA41A0	人高血糖素(生物合成高血糖素)	注射剂			西药	{}	39
nrdl	NRDL-CA9079EEF9	鲑降钙素	吸入剂			西药	{}	39
nrdl	NRDL-75452CFA0C	鲑降钙素	注射剂			西药	{}	39
nrdl	NRDL-D0782A3A1F	帕立骨化醇	注射剂			西药	{}	39
nrdl	NRDL-85060E3F5B	西那卡塞	口服常释剂型			西药	{}	39
nrdl	NRDL-5313D53E1D	依降钙素	注射剂			西药	{}	39
nrdl	NRDL-ECA34F3743	多西环素	口服常释剂型			西药	{}	39
nrdl	NRDL-FC8122ABAE	多西环素	注射剂	限无法使用多西环素口服制剂的患者。		西药	{}	39
nrdl	NRDL-E851ED7FA6	米诺环素	口服常释剂型			西药	{}	39
nrdl	NRDL-3E17CCA864	替加环素	注射剂			西药	{}	39
nrdl	NRDL-A4089F9FDC	氯霉素	注射剂			西药	{}	39
nrdl	NRDL-71AE1D06B4	阿莫西林	口服常释剂型			西药	{}	39
nrdl	NRDL-D12F25A214	阿莫西林	口服液体剂			西药	{}	39
nrdl	NRDL-E658A93D58	阿莫西林	颗粒剂			西药	{}	39
nrdl	NRDL-0D010B4E2A	氨苄西林	注射剂			西药	{}	39
nrdl	NRDL-506946CF29	哌拉西林	注射剂			西药	{}	39
nrdl	NRDL-6D5C6EE981	阿洛西林	注射剂			西药	{}	39
nrdl	NRDL-7687D1A043	美洛西林	注射剂			西药	{}	39
nrdl	NRDL-2A28CA0922	苄星青霉素	注射剂			西药	{}	39
nrdl	NRDL-2C4DD12717	青霉素	注射剂			西药	{}	39
nrdl	NRDL-CC29F543C1	青霉素V	口服常释剂型			西药	{}	39
nrdl	NRDL-2035FF9B8D	青霉素V	颗粒剂			西药	{}	39
nrdl	NRDL-26D2CF0F35	普鲁卡因青霉素	注射剂			西药	{}	39
nrdl	NRDL-5DB9BAF589	苯唑西林	口服常释剂型			西药	{}	39
nrdl	NRDL-800212D19D	苯唑西林	注射剂			西药	{}	39
nrdl	NRDL-E56DD04F28	氯唑西林	注射剂			西药	{}	39
nrdl	NRDL-1D237F0FDC	舒巴坦	注射剂			西药	{}	39
nrdl	NRDL-F97DA20591	阿莫西林克拉维酸	口服常释剂型			西药	{}	40
nrdl	NRDL-6AD839FD43	阿莫西林克拉维酸	口服液体剂			西药	{}	40
nrdl	NRDL-5356BE1441	阿莫西林克拉维酸	颗粒剂			西药	{}	40
nrdl	NRDL-B4570FB2B3	阿莫西林克拉维酸	注射剂			西药	{}	40
nrdl	NRDL-6BE748812E	氨苄西林舒巴坦	注射剂			西药	{}	40
nrdl	NRDL-9FDE92DD78	哌拉西林舒巴坦	注射剂	限有明确药敏试验证据或重症感染的患者。		西药	{}	40
nrdl	NRDL-543193140D	哌拉西林他唑巴坦	注射剂			西药	{}	40
nrdl	NRDL-8175229F60	替卡西林克拉维酸	注射剂			西药	{}	40
nrdl	NRDL-8768C49408	头孢氨苄	口服常释剂型			西药	{}	40
nrdl	NRDL-36CEB377B0	头孢氨苄	颗粒剂			西药	{}	40
nrdl	NRDL-7D0A5D52D1	头孢拉定	口服常释剂型			西药	{}	40
nrdl	NRDL-8653677DB4	头孢唑林	注射剂			西药	{}	40
nrdl	NRDL-E4CDC363AB	头孢拉定	口服液体剂			西药	{}	40
nrdl	NRDL-FF6CDB27B1	头孢拉定	颗粒剂			西药	{}	40
nrdl	NRDL-69BFE0DC33	头孢拉定	注射剂			西药	{}	40
nrdl	NRDL-3AD8DCD2EE	头孢硫脒	注射剂	限有明确药敏试验证据的患者。		西药	{}	40
nrdl	NRDL-BDA098803F	头孢羟氨苄	口服常释剂型			西药	{}	40
nrdl	NRDL-BA070C6555	头孢羟氨苄	颗粒剂			西药	{}	40
nrdl	NRDL-6147942ACE	注射用头孢唑林钠/氯化钠注射 液				西药	{}	40
nrdl	NRDL-87F45AE8CF	头孢呋辛	注射剂			西药	{}	40
nrdl	NRDL-D3ADD55F1D	头孢呋辛酯	口服常释剂型			西药	{}	40
nrdl	NRDL-5314E4A17A	注射用头孢呋辛钠/氯化钠注射 液				西药	{}	40
nrdl	NRDL-C70FDC8125	头孢丙烯	口服常释剂型			西药	{}	40
nrdl	NRDL-E5DFBBBC4F	头孢丙烯	口服液体剂			西药	{}	40
nrdl	NRDL-A8B0212241	头孢丙烯	颗粒剂			西药	{}	40
nrdl	NRDL-4478997581	头孢呋辛酯	口服液体剂			西药	{}	40
nrdl	NRDL-D754C28463	头孢呋辛酯	颗粒剂			西药	{}	40
nrdl	NRDL-DECD65AB99	头孢克洛	口服常释剂型			西药	{}	40
nrdl	NRDL-B6CFF3266C	头孢克洛	口服液体剂			西药	{}	40
nrdl	NRDL-3D3DE96C7B	头孢克洛	颗粒剂			西药	{}	40
nrdl	NRDL-991264ED67	头孢克洛 头孢克洛Ⅱ	缓释控释剂型			西药	{}	40
nrdl	NRDL-0326B8928E	头孢替安	注射剂			西药	{}	40
nrdl	NRDL-0C69E8720D	头孢美唑	注射剂			西药	{}	41
nrdl	NRDL-0AAD5C2FA4	头孢西丁	注射剂			西药	{}	41
nrdl	NRDL-DED39BFC47	注射用头孢西丁钠/葡萄糖注射 液				西药	{}	41
nrdl	NRDL-850E722400	头孢米诺	注射剂			西药	{}	41
nrdl	NRDL-0F769D1881	注射用头孢美唑钠/氯化钠注射 液				西药	{}	41
nrdl	NRDL-8FB70BD537	头孢曲松	注射剂			西药	{}	41
nrdl	NRDL-2B5FEAFDEC	头孢噻肟	注射剂			西药	{}	41
nrdl	NRDL-B9CAB9DB55	注射用头孢噻肟钠他唑巴坦钠				西药	{}	41
nrdl	NRDL-1CA232D427	拉氧头孢	注射剂	限有明确药敏试验证据或重症感染的患者。		西药	{}	41
nrdl	NRDL-1F5AF9A0E8	头孢地尼	口服常释剂型			西药	{}	41
nrdl	NRDL-FF10C466C5	头孢克肟	口服常释剂型			西药	{}	41
nrdl	NRDL-1E46327A01	头孢克肟	口服液体剂			西药	{}	41
nrdl	NRDL-EE9A62F717	头孢克肟	颗粒剂			西药	{}	41
nrdl	NRDL-888F57189B	头孢哌酮舒巴坦	注射剂			西药	{}	41
nrdl	NRDL-ADBF257511	头孢他啶	注射剂			西药	{}	41
nrdl	NRDL-EB827FCA74	头孢唑肟	注射剂			西药	{}	41
nrdl	NRDL-1B63925160	注射用头孢曲松钠/氯化钠注射 液				西药	{}	41
nrdl	NRDL-C72D20EB83	注射用头孢他啶阿维巴坦钠				西药	{}	41
nrdl	NRDL-109D307639	注射用头孢他啶/氯化钠注射液				西药	{}	41
nrdl	NRDL-878D1BE3EF	头孢吡肟	注射剂			西药	{}	41
nrdl	NRDL-F554CBDD4C	头孢匹罗	注射剂	限有明确药敏试验证据或重症感染的患者。		西药	{}	41
nrdl	NRDL-1CC204A66F	氨曲南	注射剂			西药	{}	41
nrdl	NRDL-613707E49C	厄他培南	注射剂	限头孢菌素耐药或重症感染患者。		西药	{}	41
nrdl	NRDL-A17A925A61	比阿培南	注射剂			西药	{}	41
nrdl	NRDL-853F3EB420	美罗培南	注射剂			西药	{}	41
nrdl	NRDL-E70DA3757A	亚胺培南西司他丁	注射剂	限头孢菌素耐药或重症感染患者。		西药	{}	41
nrdl	NRDL-F43D51920A	法罗培南	口服常释剂型	限头孢菌素耐药或重症感染患者。		西药	{}	41
nrdl	NRDL-FC4F134455	法罗培南	颗粒剂	限头孢菌素耐药或重症感染患者。		西药	{}	41
nrdl	NRDL-23F8A69E6C	小儿法罗培南钠颗粒		限头孢菌素耐药或重症感染儿童患者。		西药	{}	41
nrdl	NRDL-882FB04ADD	甲氧苄啶	口服常释剂型			西药	{}	42
nrdl	NRDL-F06EC956C1	磺胺嘧啶	口服常释剂型			西药	{}	42
nrdl	NRDL-57277AD8C0	磺胺嘧啶	注射剂			西药	{}	42
nrdl	NRDL-D8A4120C84	磺胺嘧啶	口服液体剂			西药	{}	42
nrdl	NRDL-9E1F46002A	复方磺胺甲噁唑	口服常释剂型			西药	{}	42
nrdl	NRDL-E01AF28F37	小儿复方磺胺甲噁唑	口服常释剂型			西药	{}	42
nrdl	NRDL-C9DDF79193	复方磺胺甲噁唑	注射剂			西药	{}	42
nrdl	NRDL-6217FD4CCB	联磺甲氧苄啶	口服常释剂型			西药	{}	42
nrdl	NRDL-B7FC9EA345	小儿复方磺胺甲噁唑	颗粒剂			西药	{}	42
nrdl	NRDL-FF5775D8C4	小儿复方磺胺甲噁唑	口服散剂			西药	{}	42
nrdl	NRDL-32408EACA5	阿奇霉素	口服常释剂型			西药	{}	42
nrdl	NRDL-EA8D66649F	阿奇霉素	颗粒剂			西药	{}	42
nrdl	NRDL-C61C785212	红霉素	口服常释剂型			西药	{}	42
nrdl	NRDL-034E157504	红霉素	注射剂			西药	{}	42
nrdl	NRDL-0A5AFB1A5B	阿奇霉素	口服液体剂			西药	{}	42
nrdl	NRDL-E866980D18	阿奇霉素	注射剂			西药	{}	42
nrdl	NRDL-17101EF51F	琥乙红霉素	口服常释剂型			西药	{}	42
nrdl	NRDL-1D072ACF7B	琥乙红霉素	颗粒剂			西药	{}	42
nrdl	NRDL-EF24263E96	环酯红霉素	口服液体剂			西药	{}	42
nrdl	NRDL-DEDE0699CA	克拉霉素	口服常释剂型			西药	{}	42
nrdl	NRDL-9CDD233514	克拉霉素	颗粒剂			西药	{}	42
nrdl	NRDL-AFE69758C7	罗红霉素	口服常释剂型			西药	{}	42
nrdl	NRDL-067A7E3420	罗红霉素	颗粒剂			西药	{}	42
nrdl	NRDL-B50785B80E	克林霉素	注射剂			西药	{}	42
nrdl	NRDL-F55C5E929B	克林霉素磷酸酯	注射剂			西药	{}	42
nrdl	NRDL-49762FCE85	克林霉素	口服常释剂型			西药	{}	42
nrdl	NRDL-3004727BD6	克林霉素磷酸酯	口服常释剂型			西药	{}	42
nrdl	NRDL-014A2868E5	克林霉素棕榈酸酯	口服常释剂型			西药	{}	42
nrdl	NRDL-F3DC139BB4	林可霉素	注射剂			西药	{}	42
nrdl	NRDL-6F9DD67EA5	克林霉素棕榈酸酯	颗粒剂			西药	{}	42
nrdl	NRDL-096175D3B7	克林霉素棕榈酸酯	口服液体剂			西药	{}	42
nrdl	NRDL-9C641754F8	林可霉素	口服常释剂型			西药	{}	42
nrdl	NRDL-A04588AA21	链霉素	注射剂			西药	{}	43
nrdl	NRDL-C34F50E0E1	阿米卡星	注射剂			西药	{}	43
nrdl	NRDL-289D081A4E	庆大霉素	注射剂			西药	{}	43
nrdl	NRDL-146944A81D	奈替米星	注射剂			西药	{}	43
nrdl	NRDL-34E57ED0F2	庆大霉素	口服常释剂型			西药	{}	43
nrdl	NRDL-22ACC16014	妥布霉素	注射剂			西药	{}	43
nrdl	NRDL-5EBD7BF8E2	依替米星	注射剂			西药	{}	43
nrdl	NRDL-66D02AE7DE	异帕米星	注射剂			西药	{}	43
nrdl	NRDL-4A396BD7BC	环丙沙星	口服常释剂型			西药	{}	43
nrdl	NRDL-92F4373938	环丙沙星	注射剂			西药	{}	43
nrdl	NRDL-298CCD07D7	诺氟沙星	口服常释剂型			西药	{}	43
nrdl	NRDL-DFC6416BBB	左氧氟沙星	口服常释剂型			西药	{}	43
nrdl	NRDL-C09C504289	左氧氟沙星	注射剂			西药	{}	43
nrdl	NRDL-EDF66F8A14	环丙沙星葡萄糖	注射剂			西药	{}	43
nrdl	NRDL-A48F7239B2	环丙沙星氯化钠	注射剂			西药	{}	43
nrdl	NRDL-F04D75CB52	吉米沙星	口服常释剂型	限二线用药。		西药	{}	43
nrdl	NRDL-0CD3A64A9E	莫西沙星	口服常释剂型			西药	{}	43
nrdl	NRDL-71AB8524DF	莫西沙星	注射剂	限有明确药敏试验证据的如下感染：急性窦炎、下呼吸道感 染、社区获得性肺炎、复杂性腹腔感染。		西药	{}	43
nrdl	NRDL-A720CFF433	莫西沙星氯化钠	注射剂			西药	{}	43
nrdl	NRDL-88CBBB9103	左氧氟沙星葡萄糖	注射剂			西药	{}	43
nrdl	NRDL-BC55A1CB66	左氧氟沙星氯化钠	注射剂			西药	{}	43
nrdl	NRDL-17D9DBD164	吡哌酸	口服常释剂型			西药	{}	43
nrdl	NRDL-F760C3FCBB	西他沙星片				西药	{}	43
nrdl	NRDL-4A3D5E773F	苹果酸奈诺沙星胶囊		限二线用药。		西药	{}	43
nrdl	NRDL-8121EC44B0	去甲万古霉素	注射剂	限甲氧西林耐药阳性球菌感染；病原不明的中枢神经系统、 心血管系统重症感染及菌血症。		西药	{}	43
nrdl	NRDL-8D06984064	替考拉宁	注射剂	限甲氧西林耐药阳性球菌感染的二线治疗。		西药	{}	43
nrdl	NRDL-E4E9DD060D	万古霉素	注射剂	限甲氧西林耐药阳性球菌感染；病原不明的中枢神经系统、 心血管系统重症感染及菌血症。		西药	{}	43
nrdl	NRDL-453D94272E	多粘菌素B(多粘菌素)	注射剂	限有药敏试验证据支持的多重耐药细菌感染的联合治疗。		西药	{}	44
nrdl	NRDL-C6EA7BD4E5	注射用多黏菌素E甲磺酸钠				西药	{}	44
nrdl	NRDL-11864F99E6	夫西地酸	注射剂	限甲氧西林耐药阳性球菌感染。		西药	{}	44
nrdl	NRDL-EEB39E96E3	甲硝唑	口服常释剂型			西药	{}	44
nrdl	NRDL-B7144684DB	甲硝唑	注射剂			西药	{}	44
nrdl	NRDL-3C3038EF57	替硝唑	口服常释剂型			西药	{}	44
nrdl	NRDL-CE5401973B	奥硝唑	口服常释剂型			西药	{}	44
nrdl	NRDL-EF2EBCC326	奥硝唑	注射剂			西药	{}	44
nrdl	NRDL-0B96A07F0B	奥硝唑氯化钠	注射剂			西药	{}	44
nrdl	NRDL-D700B9BBF2	奥硝唑葡萄糖	注射剂			西药	{}	44
nrdl	NRDL-B94F7EEDE6	甲硝唑氯化钠	注射剂			西药	{}	44
nrdl	NRDL-A107464A9D	甲硝唑葡萄糖	注射剂			西药	{}	44
nrdl	NRDL-918870AFF8	替硝唑	注射剂			西药	{}	44
nrdl	NRDL-02518A866C	替硝唑氯化钠	注射剂			西药	{}	44
nrdl	NRDL-5E059B1C9F	替硝唑葡萄糖	注射剂			西药	{}	44
nrdl	NRDL-B9C9C959AD	左奥硝唑氯化钠	注射剂	限二线用药。		西药	{}	44
nrdl	NRDL-61FDE70379	吗啉硝唑氯化钠注射液		限二线用药。		西药	{}	44
nrdl	NRDL-B2D6FD2C07	呋喃妥因	口服常释剂型			西药	{}	44
nrdl	NRDL-2F9AB9FF95	呋喃唑酮	口服常释剂型			西药	{}	44
nrdl	NRDL-0D1FD9AEA3	磷霉素	注射剂			西药	{}	44
nrdl	NRDL-E72F43845E	鱼腥草素	口服常释剂型			西药	{}	44
nrdl	NRDL-3DD2DF5CFB	达托霉素	注射剂			西药	{}	44
nrdl	NRDL-AD21E4D4C8	大观霉素	注射剂			西药	{}	44
nrdl	NRDL-DAD26D2EEF	大蒜素	口服常释剂型			西药	{}	44
nrdl	NRDL-E6692A1F48	大蒜素	注射剂			西药	{}	44
nrdl	NRDL-FC11C0110D	硫酸黏菌素	注射剂			西药	{}	44
nrdl	NRDL-4D26327174	利奈唑胺	口服常释剂型			西药	{}	44
nrdl	NRDL-A302E7912C	利奈唑胺葡萄糖	注射剂			西药	{}	44
nrdl	NRDL-0D70546B2A	磷霉素	口服常释剂型			西药	{}	44
nrdl	NRDL-7D04710285	磷霉素氨丁三醇	口服散剂			西药	{}	44
nrdl	NRDL-D43DD992DB	磷霉素氨丁三醇	颗粒剂			西药	{}	44
nrdl	NRDL-F27DEA5304	磷酸特地唑胺片		限急性细菌性皮肤及皮肤软组织感染。		西药	{}	44
nrdl	NRDL-9C056F1077	黏菌素	口服常释剂型			西药	{}	44
nrdl	NRDL-0BC7C7192F	青霉素皮试剂	注射剂			西药	{}	45
nrdl	NRDL-E76272990B	注射用磷酸特地唑胺		限急性细菌性皮肤及皮肤软组织感染。		西药	{}	45
nrdl	NRDL-08CA5A6D75	两性霉素B	注射剂			西药	{}	45
nrdl	NRDL-81AA51459B	两性霉素B	脂质体注射剂	限因肾损伤或药物毒性而不能使用有效剂量两性霉素B的患者 。		西药	{}	45
nrdl	NRDL-21B061850E	氟康唑	口服常释剂型			西药	{}	45
nrdl	NRDL-8E9B482975	伏立康唑	口服常释剂型			西药	{}	45
nrdl	NRDL-D8D29BB2C5	伏立康唑	口服液体剂	限有明确的重度免疫缺陷诊断并发严重真菌感染的临床证 据；曲霉菌肺炎或中枢神经系统感染。		西药	{}	45
nrdl	NRDL-B03F9E89FE	伏立康唑	注射剂			西药	{}	45
nrdl	NRDL-0C6549C2EF	氟康唑	颗粒剂			西药	{}	45
nrdl	NRDL-2EE6191B62	氟康唑	注射剂			西药	{}	45
nrdl	NRDL-BAFA95D07C	氟康唑氯化钠	注射剂			西药	{}	45
nrdl	NRDL-59BE58B983	氟康唑葡萄糖	注射剂			西药	{}	45
nrdl	NRDL-9F543BD4FA	伊曲康唑	口服常释剂型			西药	{}	45
nrdl	NRDL-C9DFAAA11D	伊曲康唑	颗粒剂			西药	{}	45
nrdl	NRDL-F5A0662316	伊曲康唑	口服液体剂			西药	{}	45
nrdl	NRDL-513964B94F	伊曲康唑	注射剂			西药	{}	45
nrdl	NRDL-A1ABD60B1B	泊沙康唑口服混悬液		限：1.预防移植后(干细胞及实体器官移植)及恶性肿瘤患者 有重度粒细胞缺乏的侵袭性曲霉菌和念球菌感染；2.伊曲康 唑或氟康唑难治性口咽念珠菌病；3.接合菌纲类感染。		西药	{}	45
nrdl	NRDL-5D6C768B53	泊沙康唑肠溶片				西药	{}	45
nrdl	NRDL-60977878D8	泊沙康唑注射液				西药	{}	45
nrdl	NRDL-8FF522E8FE	注射用硫酸艾沙康唑		限侵袭性曲霉病或侵袭性毛霉病的成人患者。		西药	{}	45
nrdl	NRDL-193C25E13A	制霉素	口服常释剂型			西药	{}	45
nrdl	NRDL-59BBC7068A	氟胞嘧啶	口服常释剂型			西药	{}	45
nrdl	NRDL-2772324E31	氟胞嘧啶	注射剂			西药	{}	45
nrdl	NRDL-7D75F37A86	卡泊芬净	注射剂			西药	{}	45
nrdl	NRDL-FA8A7BD861	米卡芬净	注射剂			西药	{}	45
nrdl	NRDL-6B9736FAB8	对氨基水杨酸钠	口服常释剂型			西药	{}	45
nrdl	NRDL-62923DA07A	对氨基水杨酸钠	注射剂			西药	{}	46
nrdl	NRDL-CB979803BA	利福喷丁	口服常释剂型			西药	{}	46
nrdl	NRDL-62DC917DF2	利福平	注射剂			西药	{}	46
nrdl	NRDL-B78FECB2AF	利福平 利福平Ⅱ	口服常释剂型			西药	{}	46
nrdl	NRDL-DEB7ED12D9	环丝氨酸	口服常释剂型			西药	{}	46
nrdl	NRDL-F985769597	卷曲霉素	注射剂			西药	{}	46
nrdl	NRDL-22D4C3632D	利福布汀	口服常释剂型			西药	{}	46
nrdl	NRDL-FF7D7DA4EC	利福霉素	注射剂			西药	{}	46
nrdl	NRDL-2847915309	异烟肼	口服常释剂型			西药	{}	46
nrdl	NRDL-2ACAB2B88D	异烟肼	注射剂			西药	{}	46
nrdl	NRDL-E6B662A8C0	帕司烟肼(对氨基水杨酸异烟肼)	口服常释剂型			西药	{}	46
nrdl	NRDL-30B4734C3C	丙硫异烟胺	口服常释剂型			西药	{}	46
nrdl	NRDL-0955B5EF8C	吡嗪酰胺	口服常释剂型			西药	{}	46
nrdl	NRDL-30E34C3F94	乙胺丁醇	口服常释剂型			西药	{}	46
nrdl	NRDL-AD61D82FA3	富马酸贝达喹啉片		限耐多药结核患者。		西药	{}	46
nrdl	NRDL-5F45C9873F	德拉马尼片		限耐多药结核患者。		西药	{}	46
nrdl	NRDL-D9E77E90D3	乙胺吡嗪利福异烟 乙胺吡嗪利福异烟Ⅱ	口服常释剂型			西药	{}	46
nrdl	NRDL-1B0B79DEF5	乙胺利福异烟	口服常释剂型			西药	{}	46
nrdl	NRDL-1EA1745D46	异福(利福平异烟肼)	口服常释剂型			西药	{}	46
nrdl	NRDL-BB84985A8D	异福酰胺	口服常释剂型			西药	{}	46
nrdl	NRDL-4A438FA78D	氨苯砜	口服常释剂型			西药	{}	46
nrdl	NRDL-97310D3334	氯法齐明	口服常释剂型			西药	{}	46
nrdl	NRDL-E54EFD3BCD	阿昔洛韦	口服常释剂型			西药	{}	46
nrdl	NRDL-FACB8ED509	利巴韦林	口服常释剂型			西药	{}	46
nrdl	NRDL-B628FBFB1A	利巴韦林	注射剂			西药	{}	46
nrdl	NRDL-60D3392597	阿昔洛韦	颗粒剂			西药	{}	46
nrdl	NRDL-268633267E	阿昔洛韦	注射剂			西药	{}	47
nrdl	NRDL-F5F6ADB833	伐昔洛韦	口服常释剂型			西药	{}	47
nrdl	NRDL-338B011423	泛昔洛韦	口服常释剂型			西药	{}	47
nrdl	NRDL-CC57D95C4F	更昔洛韦	口服常释剂型			西药	{}	47
nrdl	NRDL-E40648B80D	更昔洛韦	注射剂			西药	{}	47
nrdl	NRDL-E78D0F318D	金刚乙胺	口服常释剂型			西药	{}	47
nrdl	NRDL-159D707662	金刚乙胺	口服液体剂			西药	{}	47
nrdl	NRDL-94AA347225	金刚乙胺	颗粒剂			西药	{}	47
nrdl	NRDL-0E2FDA045F	膦甲酸钠	注射剂			西药	{}	47
nrdl	NRDL-D0E89DF6C0	膦甲酸钠氯化钠	注射剂			西药	{}	47
nrdl	NRDL-A493440609	膦甲酸钠葡萄糖	注射剂			西药	{}	47
nrdl	NRDL-DAFA46B211	阿德福韦酯	口服常释剂型			西药	{}	47
nrdl	NRDL-05E5CE8196	恩曲他滨	口服常释剂型	限艾滋病病毒感染。		西药	{}	47
nrdl	NRDL-8F0B849C6B	恩曲他滨替诺福韦	口服常释剂型			西药	{}	47
nrdl	NRDL-F4D77248E2	恩替卡韦	口服常释剂型			西药	{}	47
nrdl	NRDL-EECEC79D2D	拉米夫定	口服常释剂型	限有活动性乙型肝炎的明确诊断及检验证据或母婴乙肝传播 阻断。		西药	{}	47
nrdl	NRDL-33FA09598D	齐多夫定	口服液体剂	限艾滋病病毒感染。		西药	{}	47
nrdl	NRDL-E401C28A67	齐多夫定	注射剂	限艾滋病病毒感染。		西药	{}	47
nrdl	NRDL-9D367DAD98	替比夫定	口服常释剂型	限有活动性乙型肝炎的明确诊断及检验证据或母婴乙肝传播 阻断。		西药	{}	47
nrdl	NRDL-DD93466040	替诺福韦二吡呋酯	口服常释剂型			西药	{}	47
nrdl	NRDL-4D585084D4	丙酚替诺福韦	口服常释剂型			西药	{}	47
nrdl	NRDL-51CC3130C6	恩替卡韦口服溶液		限慢性乙型肝炎成人患者或2岁至<18岁慢性HBV感染代偿性肝 病的核苷初治儿童患者。		西药	{}	47
nrdl	NRDL-874807C80A	利匹韦林	口服常释剂型	限艾滋病病毒感染。		西药	{}	47
nrdl	NRDL-663A1820FE	奥司他韦	口服常释剂型			西药	{}	47
nrdl	NRDL-DB026CE125	奥司他韦	颗粒剂			西药	{}	47
nrdl	NRDL-CF0B7DBA74	磷酸奥司他韦干混悬剂				西药	{}	47
nrdl	NRDL-65E57B6B72	帕拉米韦氯化钠	注射剂			西药	{}	47
nrdl	NRDL-0F631CAE54	帕拉米韦注射液				西药	{}	47
nrdl	NRDL-4AA58FD92A	抗艾滋病用药		◇		西药	{}	47
nrdl	NRDL-CF21666815	齐多拉米双夫定	口服常释剂型	限艾滋病病毒感染。		西药	{}	48
nrdl	NRDL-E13C8E2826	洛匹那韦利托那韦	口服常释剂型	限艾滋病病毒感染。		西药	{}	48
nrdl	NRDL-343A2DF514	奈韦拉平齐多拉米双夫定片		限艾滋病病毒感染。		西药	{}	48
nrdl	NRDL-DF092CFEF8	注射用艾博韦泰		限艾滋病病毒感染。		西药	{}	48
nrdl	NRDL-D0C6E1E916	阿比多尔	口服常释剂型			西药	{}	48
nrdl	NRDL-01826F02D6	来特莫韦片		限接受异基因造血干细胞移植(HSCT)的巨细胞病毒(CMV)血清 学阳性的成人和6个月及以上且体重≥6 kg的儿童受者[R+]预 防巨细胞病毒感染和巨细胞病毒病。		西药	{}	48
nrdl	NRDL-09D07FC862	来特莫韦注射液		限接受异基因造血干细胞移植(HSCT)的巨细胞病毒(CMV)血清 学阳性的成人和6个月及以上且体重≥6 kg的儿童受者[R+]预 防巨细胞病毒感染和巨细胞病毒病。		西药	{}	48
nrdl	NRDL-FEAB868251	重组细胞因子基因衍生蛋白注射 液		限HBeAg阳性的慢性乙型肝炎患者。		西药	{}	48
nrdl	NRDL-CF75F426B1	法维拉韦片(又称:法匹拉韦片)		限流感重症高危人群及重症患者的抗流感病毒治疗。		西药	{}	48
nrdl	NRDL-263C65C514	玛巴洛沙韦片		限成人和5岁及以上儿童单纯性甲型和乙型流感患者，或存在 流感相关并发症高风险的成人和12岁及以上儿童流感患者。		西药	{}	48
nrdl	NRDL-60BD6B0F22	白喉抗毒素	注射剂			西药	{}	48
nrdl	NRDL-6FAC9F4E89	多价气性坏疽抗毒素	注射剂			西药	{}	48
nrdl	NRDL-45135D5A77	抗狂犬病血清	注射剂			西药	{}	48
nrdl	NRDL-659D1E6C9A	抗蝮蛇毒血清	注射剂			西药	{}	48
nrdl	NRDL-AA16E408C0	抗五步蛇毒血清	注射剂			西药	{}	48
nrdl	NRDL-B0F1A62F35	抗眼镜蛇毒血清	注射剂			西药	{}	48
nrdl	NRDL-06A6C4B3DC	抗银环蛇毒血清	注射剂			西药	{}	48
nrdl	NRDL-4BD5332671	破伤风抗毒素	注射剂			西药	{}	48
nrdl	NRDL-08AB7320F1	肉毒抗毒素	注射剂			西药	{}	48
nrdl	NRDL-8950EB0FB9	A型肉毒毒素	注射剂	限工伤保险。		西药	{}	48
nrdl	NRDL-27FAE5A6B2	静注人免疫球蛋白[静注人免疫 球蛋白(pH4)]	注射剂	限原发性免疫球蛋白缺乏症；新生儿败血症；重型原发性免 疫性血小板减少症；川崎病；全身型重症肌无力；急性格林 巴利综合征。		西药	{}	48
nrdl	NRDL-03A9F0D9D1	人免疫球蛋白	注射剂	限麻疹和传染性肝炎接触者的预防治疗。		西药	{}	48
nrdl	NRDL-08C7A822C8	破伤风人免疫球蛋白	注射剂			西药	{}	48
nrdl	NRDL-A7B14DD935	马破伤风免疫球蛋白	注射剂			西药	{}	49
nrdl	NRDL-3228D83A8A	人狂犬病免疫球蛋白	注射剂			西药	{}	49
nrdl	NRDL-09EC2AFED7	抗炭疽血清	注射剂			西药	{}	49
nrdl	NRDL-7127CF84CA	人用狂犬病疫苗(Vero细胞)	注射剂	限工伤保险。		西药	{}	49
nrdl	NRDL-6F1ED91D3D	人用狂犬病疫苗(地鼠肾细胞)	注射剂	限工伤保险。		西药	{}	49
nrdl	NRDL-55BD1B9C08	人用狂犬病疫苗(鸡胚细胞)	注射剂	限工伤保险。		西药	{}	49
nrdl	NRDL-DEF1987738	人用狂犬病疫苗(人二倍体细胞)	注射剂	限工伤保险。		西药	{}	49
nrdl	NRDL-A056F1DE82	氮芥	注射剂			西药	{}	49
nrdl	NRDL-67C4F6A848	环磷酰胺	口服常释剂型			西药	{}	49
nrdl	NRDL-280981492C	环磷酰胺	注射剂			西药	{}	49
nrdl	NRDL-C4778C448E	苯丁酸氮芥	口服常释剂型			西药	{}	49
nrdl	NRDL-1D82FE476C	美法仑	口服常释剂型			西药	{}	49
nrdl	NRDL-986A13E5E4	硝卡芥	注射剂			西药	{}	49
nrdl	NRDL-5C8D5F4400	异环磷酰胺	注射剂			西药	{}	49
nrdl	NRDL-A00615998B	苯达莫司汀	注射剂			西药	{}	49
nrdl	NRDL-5860E27D56	白消安	口服常释剂型			西药	{}	49
nrdl	NRDL-8953AD7105	白消安	注射剂			西药	{}	49
nrdl	NRDL-11E228FE7B	司莫司汀	口服常释剂型			西药	{}	49
nrdl	NRDL-19C0F7A04A	福莫司汀	注射剂			西药	{}	49
nrdl	NRDL-DD5E646D6F	卡莫司汀	注射剂			西药	{}	49
nrdl	NRDL-24C4F566F5	洛莫司汀	口服常释剂型			西药	{}	49
nrdl	NRDL-DBDBA0EDA9	尼莫司汀	注射剂			西药	{}	49
nrdl	NRDL-EEA9D4B0F3	塞替派	注射剂			西药	{}	49
nrdl	NRDL-8A281B9C80	达卡巴嗪	注射剂			西药	{}	49
nrdl	NRDL-2E03011311	替莫唑胺	口服常释剂型			西药	{}	49
nrdl	NRDL-AED2E5906A	注射用替莫唑胺				西药	{}	49
nrdl	NRDL-1F49FD9D67	甲氨蝶呤	注射剂			西药	{}	49
nrdl	NRDL-A382233040	培美曲塞	注射剂			西药	{}	49
nrdl	NRDL-AC3BC6CD7E	雷替曲塞	注射剂			西药	{}	50
nrdl	NRDL-5613F9920E	巯嘌呤	口服常释剂型			西药	{}	50
nrdl	NRDL-1504EFBB68	氟达拉滨	口服常释剂型	限接受过至少一个标准的含烷化剂方案治疗的B细胞性慢性淋 巴细胞白血病(CLL)患者。		西药	{}	50
nrdl	NRDL-A12B5BB9E4	氟达拉滨	注射剂	限接受过至少一个标准的含烷化剂方案治疗的B细胞性慢性淋 巴细胞白血病(CLL)患者。		西药	{}	50
nrdl	NRDL-5A8C4510F0	硫鸟嘌呤	口服常释剂型			西药	{}	50
nrdl	NRDL-A5651A885B	阿糖胞苷	注射剂			西药	{}	50
nrdl	NRDL-ED6FFD2511	氟尿嘧啶	口服常释剂型			西药	{}	50
nrdl	NRDL-114AEB4863	氟尿嘧啶	注射剂			西药	{}	50
nrdl	NRDL-11E02E31A4	地西他滨	注射剂			西药	{}	50
nrdl	NRDL-673849056F	氟尿嘧啶氯化钠	注射剂			西药	{}	50
nrdl	NRDL-5598A83B33	氟尿嘧啶葡萄糖	注射剂			西药	{}	50
nrdl	NRDL-DCAF7AF3E9	吉西他滨	注射剂			西药	{}	50
nrdl	NRDL-63AD361551	卡莫氟	口服常释剂型			西药	{}	50
nrdl	NRDL-7F2406DA0D	卡培他滨	口服常释剂型			西药	{}	50
nrdl	NRDL-9FAF77E085	曲氟尿苷替匹嘧啶片		限：既往接受过氟嘧啶类、奥沙利铂和伊立替康为基础的化 疗，以及既往接受过或不适合接受抗血管内皮生长因子 (VEGF)治疗、抗表皮生长因子受体(EGFR)治疗(RAS野生型)的 转移性结直肠癌(mCRC)患者 。		西药	{}	50
nrdl	NRDL-1BBB84EB43	去氧氟尿苷	口服常释剂型			西药	{}	50
nrdl	NRDL-A7338A86C6	替吉奥	口服常释剂型			西药	{}	50
nrdl	NRDL-762D05152B	替加氟	栓剂			西药	{}	50
nrdl	NRDL-8FD6DC17EC	替加氟	注射剂			西药	{}	50
nrdl	NRDL-AC364C3D37	替加氟氯化钠	注射剂			西药	{}	50
nrdl	NRDL-CE05D1204C	阿扎胞苷	注射剂			西药	{}	50
nrdl	NRDL-E5C69D4AAF	长春新碱	注射剂			西药	{}	50
nrdl	NRDL-E80D98FD66	长春地辛	注射剂			西药	{}	50
nrdl	NRDL-1F8BAA807B	长春瑞滨	口服常释剂型			西药	{}	50
nrdl	NRDL-52F0046266	长春瑞滨	注射剂			西药	{}	50
nrdl	NRDL-623D953772	依托泊苷	注射剂			西药	{}	50
nrdl	NRDL-D2606E7657	替尼泊苷	注射剂			西药	{}	50
nrdl	NRDL-800A544A1E	依托泊苷	口服常释剂型			西药	{}	50
nrdl	NRDL-3DCB8A87CE	紫杉醇	注射剂			西药	{}	51
nrdl	NRDL-9F106E3E78	多西他赛	注射剂			西药	{}	51
nrdl	NRDL-84A0B86860	紫杉醇(白蛋白结合型)	注射剂			西药	{}	51
nrdl	NRDL-1ABD5C102C	注射用紫杉醇脂质体		限：1.卵巢癌的一线化疗及以后卵巢转移性癌的治疗、作为 一线化疗，也可与顺铂联合应用；2.用于曾用过含阿霉素标 准化疗的乳腺癌患者的后续治疗或复发患者的治疗；3.可与 顺铂联合用于不能手术或放疗的非小细胞肺癌患者的一线化 疗。		西药	{}	51
nrdl	NRDL-70B605100E	托泊替康	口服常释剂型			西药	{}	51
nrdl	NRDL-C92F43EB8A	托泊替康	注射剂			西药	{}	51
nrdl	NRDL-E718AE213C	伊立替康	注射剂			西药	{}	51
nrdl	NRDL-687ECA3783	高三尖杉酯碱	注射剂			西药	{}	51
nrdl	NRDL-081938DF62	羟喜树碱	注射剂			西药	{}	51
nrdl	NRDL-12F6890E1C	斑蝥酸钠维生素B6	注射剂	限晚期原发性肝癌、晚期肺癌。		西药	{}	51
nrdl	NRDL-334C1881E5	榄香烯	口服液体剂	限晚期食管癌或晚期胃癌改善症状的辅助治疗。		西药	{}	51
nrdl	NRDL-4FE708E9EC	榄香烯	注射剂	限癌性胸腹水患者。		西药	{}	51
nrdl	NRDL-9EA0B6905E	羟基喜树碱氯化钠	注射剂			西药	{}	51
nrdl	NRDL-C6E930B6D4	三尖杉酯碱	注射剂			西药	{}	51
nrdl	NRDL-76F1D79B62	放线菌素D	注射剂			西药	{}	51
nrdl	NRDL-B76A28F097	多柔比星	注射剂			西药	{}	51
nrdl	NRDL-814FD24D21	柔红霉素	注射剂			西药	{}	51
nrdl	NRDL-CFA313EAD0	阿柔比星	注射剂			西药	{}	51
nrdl	NRDL-5E58462681	吡柔比星	注射剂			西药	{}	51
nrdl	NRDL-A935432E60	表柔比星	注射剂			西药	{}	51
nrdl	NRDL-AA129B09FB	米托蒽醌	注射剂			西药	{}	51
nrdl	NRDL-D381EE584D	米托蒽醌葡萄糖	注射剂			西药	{}	51
nrdl	NRDL-3987B47A03	米托蒽醌氯化钠	注射剂			西药	{}	51
nrdl	NRDL-15A495FED6	伊达比星	注射剂			西药	{}	51
nrdl	NRDL-288671F92B	平阳霉素	注射剂			西药	{}	51
nrdl	NRDL-D60CDE228D	丝裂霉素	注射剂			西药	{}	51
nrdl	NRDL-99DAB446D0	博来霉素	注射剂			西药	{}	51
nrdl	NRDL-2D3FFA8D93	伊马替尼	口服常释剂型			西药	{}	52
nrdl	NRDL-D2FADE0B12	达沙替尼	口服常释剂型			西药	{}	52
nrdl	NRDL-0D37F55908	尼洛替尼胶囊		限：1.新诊断的费城染色体阳性的慢性髓性白血病(Ph+CML) 慢性期成人患者及2岁以上的儿童患者；2.既往治疗(包括伊 马替尼)耐药或不耐受的费城染色体阳性的慢性髓性白血病 (Ph+CML)慢性期或加速期成人患者以及慢性期2岁以上的儿童 患者。		西药	{}	52
nrdl	NRDL-824FA03AB9	吉非替尼	口服常释剂型			西药	{}	52
nrdl	NRDL-BB4007338D	阿法替尼	口服常释剂型			西药	{}	52
nrdl	NRDL-A064584004	厄洛替尼	口服常释剂型			西药	{}	52
nrdl	NRDL-FF24B8C132	达可替尼片		限表皮生长因子受体(EGFR)19号外显子缺失突变或21号外显 子L858R置换突变的局部晚期或转移性非小细胞肺癌(NSCLC) 患者的一线治疗。		西药	{}	52
nrdl	NRDL-83C2350503	甲磺酸奥希替尼片		限：1.既往接受过手术切除治疗的ⅠB-ⅢA期存在表皮生长因 子受体(EGFR)外显子19缺失或外显子21(L858R)置换突变的非 小细胞肺癌(NSCLC)患者的治疗；2.接受含铂放化疗期间或之 后未出现疾病进展，及具有表皮生长因子受体(EGFR)外显子 19缺失或外显子21(L858R)置换突变的局部晚期、不可切除 (III期)非小细胞肺癌(NSCLC)成人患者的治疗；3.具有表皮 生长因子受体(EGFR)外显子19缺失或外显子21(L858R)置换突 变的局部晚期或转移性非小细胞肺癌(NSCLC)成人患者的一线 治疗；4.既往经EGFR酪氨酸激酶抑制剂(TKI)治疗时或治疗后 出现疾病进展，并且经检测确认存在EGFR T790M突变阳性的 局部晚期或转移性NSCLC成人患者的治疗；5.联合培美曲塞和 铂类化疗药物用于具有表皮生长因子受体(EGFR)外显子19缺 失或外显子21(L858R)置换突变的局部晚期或转移性非小细胞 肺癌(NSCLC)成人患者的一线治疗。		西药	{}	52
nrdl	NRDL-2F2B12F0D9	塞瑞替尼胶囊		限间变性淋巴瘤激酶(ALK)阳性的局部晚期或转移性非小细胞 肺癌(NSCLC)患者的治疗。		西药	{}	52
nrdl	NRDL-E022D13B33	克唑替尼胶囊		限间变性淋巴瘤激酶(ALK)阳性的局部晚期或转移性非小细胞 肺癌患者或 ROS1阳性的晚期非小细胞肺癌患者。		西药	{}	52
nrdl	NRDL-A2F4F8B877	哌柏西利胶囊		限激素受体(HR)阳性、人表皮生长因子受体2(HER2)阴性的局 部晚期或转移性乳腺癌。		西药	{}	53
nrdl	NRDL-E78BF920FB	马来酸奈拉替尼片		限人类表皮生长因子受体2(HER2)阳性的早期乳腺癌成年患 者，在接受含曲妥珠单抗辅助治疗之后的强化辅助治疗。		西药	{}	53
nrdl	NRDL-8F9A22B9B5	磷酸芦可替尼片		限：1.中危或高危的原发性骨髓纤维化(PMF)(亦称为慢性特 发性骨髓纤维化)、真性红细胞增多症继发的骨髓纤维化 (PPV-MF)或原发性血小板增多症继发的骨髓纤维化(PET-MF) 的成年患者；2.对糖皮质激素或其他系统治疗应答不充分的 12岁及以上急性移植物抗宿主病(急性GVHD)或慢性移植物抗 宿主病(慢性GVHD)患者。		西药	{}	53
nrdl	NRDL-B9AF66722A	阿昔替尼片				西药	{}	53
nrdl	NRDL-005E81695C	伊布替尼胶囊		限：1.既往至少接受过一种治疗的套细胞淋巴瘤(MCL)患者的 治疗；2.慢性淋巴细胞白血病/小淋巴细胞淋巴瘤(CLL/SLL) 患者的治疗；3.华氏巨球蛋白血症患者的治疗，按说明书用 药。		西药	{}	53
nrdl	NRDL-6420013A32	舒尼替尼	口服常释剂型			西药	{}	53
nrdl	NRDL-2269630999	索拉非尼	口服常释剂型			西药	{}	53
nrdl	NRDL-634DA4F197	培唑帕尼片		限晚期肾细胞癌患者的一线治疗和曾经接受过细胞因子治疗 的晚期肾细胞癌的治疗。		西药	{}	53
nrdl	NRDL-4E99A1AB01	甲磺酸阿帕替尼片		限：1.既往至少接受过2种系统化疗后进展或复发的晚期胃腺 癌或胃-食管结合部腺癌患者；2.既往接受过至少一线系统性 治疗后失败或不可耐受的晚期肝细胞癌患者；3.不可切除或 转移性肝细胞癌患者的一线治疗；4.联合氟唑帕利用于新辅 助、辅助或转移阶段接受过化疗治疗的伴有胚系BRCA突变 (gBRCAm)的人表皮生长因子受体(HER2)阴性转移性乳腺癌成 年患者，激素受体(HR)阳性乳腺癌患者既往需接受过内分泌 治疗或被认为不适合接受内分泌治疗。		西药	{}	53
nrdl	NRDL-31F75388D8	甲磺酸仑伐替尼胶囊				西药	{}	53
nrdl	NRDL-92E6A8C99E	瑞戈非尼片		限：1.肝细胞癌二线治疗；2.转移性结直肠癌三线治疗；3. 胃肠道间质瘤三线治疗。		西药	{}	53
nrdl	NRDL-6F74FAD771	利妥昔单抗	注射剂			西药	{}	53
nrdl	NRDL-61F632A34A	曲妥珠单抗	注射剂			西药	{}	53
nrdl	NRDL-E321D37AE3	贝伐珠单抗	注射剂			西药	{}	54
nrdl	NRDL-8D0916EF3A	尼妥珠单抗注射液		限：1.与放疗联合治疗局部晚期鼻咽癌；2.与同步放化疗联 合治疗局部晚期头颈部鳞癌。		西药	{}	54
nrdl	NRDL-12E0125205	帕妥珠单抗注射液		限以下情况方可支付，且支付不超过12个月：1.HER2阳性的 局部晚期、炎性或早期乳腺癌患者的新辅助治疗；2.具有高 复发风险HER2阳性早期乳腺癌患者的辅助治疗。		西药	{}	54
nrdl	NRDL-01DA5437D0	卡铂	注射剂			西药	{}	54
nrdl	NRDL-E35E58B7C9	顺铂	注射剂			西药	{}	54
nrdl	NRDL-7121003A4E	奥沙利铂	注射剂			西药	{}	54
nrdl	NRDL-679B07280D	洛铂	注射剂			西药	{}	54
nrdl	NRDL-291E4FF34E	奈达铂	注射剂			西药	{}	54
nrdl	NRDL-37D0B4FC82	顺铂氯化钠	注射剂			西药	{}	54
nrdl	NRDL-E44C3E7418	奥沙利铂甘露醇	注射剂			西药	{}	54
nrdl	NRDL-01DF38D1D9	硼替佐米	注射剂			西药	{}	54
nrdl	NRDL-B1DEE2EABA	门冬酰胺酶	注射剂			西药	{}	54
nrdl	NRDL-079F631F04	羟基脲	口服常释剂型			西药	{}	54
nrdl	NRDL-2AEFF05058	维A酸	口服常释剂型			西药	{}	54
nrdl	NRDL-CC60FD5ED7	安吖啶	注射剂			西药	{}	54
nrdl	NRDL-91054BEF73	雌莫司汀	口服常释剂型			西药	{}	54
nrdl	NRDL-2F903FA24F	重组人血管内皮抑制素注射液		限晚期非小细胞肺癌患者。		西药	{}	54
nrdl	NRDL-E236C02F4C	甘氨双唑钠	注射剂			西药	{}	54
nrdl	NRDL-9F105BE2A9	六甲蜜胺	口服常释剂型			西药	{}	54
nrdl	NRDL-6959817F7F	西达本胺片		限：1.既往至少接受过一次全身化疗的复发或难治的外周T细 胞淋巴瘤(PTCL)患者；2.联合R-CHOP(利妥昔单抗、环磷酰胺 、阿霉素、长春新碱和强的松)用于MYC和BCL2表达阳性的既 往未经治疗的弥漫大B细胞淋巴瘤(DLBCL)患者。		西药	{}	54
nrdl	NRDL-BC71FDB243	亚砷酸(三氧化二砷)	注射剂			西药	{}	54
nrdl	NRDL-6D72A9F750	亚砷酸氯化钠	注射剂			西药	{}	54
nrdl	NRDL-4758509EC8	枸橼酸伊沙佐米胶囊		限治疗已接受过至少一种既往治疗的多发性骨髓瘤成人患者 。		西药	{}	54
nrdl	NRDL-6FF9BA03A2	培门冬酶注射液				西药	{}	54
nrdl	NRDL-74F2CE2A19	奥拉帕利片		限：1.携带胚系或体细胞BRCA突变的(gBRCAm或sBRCAm)晚期 上皮性卵巢癌、输卵管癌或原发性腹膜癌初治成人患者在一 线含铂化疗达到完全缓解或部分缓解后的维持治疗；2.同源 重组修复缺陷(HRD)阳性的晚期上皮性卵巢癌、输卵管癌或原 发性腹膜癌成人患者在一线含铂化疗联合贝伐珠单抗治疗达 到完全缓解或部分缓解后的维持治疗；3.铂敏感的复发性上 皮性卵巢癌、输卵管癌或原发性腹膜癌成人患者在含铂化疗 达到完全缓解或部分缓解后的维持治疗；4.携带胚系或体细 胞BRCA突变(gBRCAm或sBRCAm)且既往治疗(包括一种新型内分 泌药物)失败的转移性去势抵抗性前列腺癌成人患者的治疗； 5.接受过新辅助或辅助化疗的携带有害或疑似有害胚系BRCA 突变(gBRCAm)、人表皮生长因子受体2(HER2)阴性早期高风险 乳腺癌成人患者的辅助治疗。		西药	{}	55
nrdl	NRDL-CD51335894	甲磺酸艾立布林注射液		限既往接受过至少两种化疗方案的局部晚期或转移性乳腺癌 患者。既往的化疗方案应包含一种蒽环类和一种紫杉烷类药 物。		西药	{}	55
nrdl	NRDL-E63BBC75F8	丙氨瑞林	注射剂			西药	{}	55
nrdl	NRDL-DFB3FF2203	戈那瑞林	注射剂			西药	{}	55
nrdl	NRDL-7EDC79568A	亮丙瑞林	微球注射剂			西药	{}	55
nrdl	NRDL-A95DCC51CE	亮丙瑞林	缓释微球注射 剂			西药	{}	55
nrdl	NRDL-940B5C8651	曲普瑞林	注射剂			西药	{}	55
nrdl	NRDL-AD891C1232	他莫昔芬	口服常释剂型			西药	{}	55
nrdl	NRDL-3276B9E449	阿那曲唑	口服常释剂型			西药	{}	55
nrdl	NRDL-8CC4CCC145	阿帕他胺片		限：1.转移性内分泌治疗敏感性前列腺癌(mHSPC)成年患者； 2.有高危转移风险的非转移性去势抵抗性前列腺癌(NM-CRPC) 成年患者。		西药	{}	55
nrdl	NRDL-5238B05246	比卡鲁胺	口服常释剂型			西药	{}	55
nrdl	NRDL-E52DFC6211	氟他胺	口服常释剂型			西药	{}	55
nrdl	NRDL-AEDD6DF4D2	来曲唑	口服常释剂型			西药	{}	55
nrdl	NRDL-9703CA4485	托瑞米芬	口服常释剂型			西药	{}	55
nrdl	NRDL-52D8032ABD	依西美坦	口服常释剂型			西药	{}	55
nrdl	NRDL-75332C4716	阿比特龙	口服常释剂型			西药	{}	55
nrdl	NRDL-3D3955B812	氟维司群	注射剂			西药	{}	55
nrdl	NRDL-7ABA64E55D	恩扎卢胺软胶囊				西药	{}	55
nrdl	NRDL-2AF73D58DE	聚乙二醇化人粒细胞刺激因子 (聚乙二醇化重组人粒细胞刺激 因子)	注射剂	限既往化疗曾发生重度中性粒细胞减少的患者。		西药	{}	56
nrdl	NRDL-A0BE56E2AA	人粒细胞刺激因子(重组人粒细 胞刺激因子)	注射剂			西药	{}	56
nrdl	NRDL-23E84CAC87	重组人粒细胞刺激因子(CHO细 胞)	注射剂			西药	{}	56
nrdl	NRDL-F4013972CF	人粒细胞巨噬细胞刺激因子(重 组人粒细胞巨噬细胞刺激因子)	注射剂			西药	{}	56
nrdl	NRDL-8E084E7803	聚乙二醇干扰素α-2a	注射剂	限丙肝、慢性活动性乙肝，连续使用6个月无效时停药，连续 使用不超过12个月。		西药	{}	56
nrdl	NRDL-2917015DA3	聚乙二醇干扰素α-2b	注射剂	限丙肝、慢性活动性乙肝，连续使用6个月无效时停药，连续 使用不超过12个月。		西药	{}	56
nrdl	NRDL-8DD4D283E8	人干扰素α1b(重组人干扰素α- 1b)	注射剂			西药	{}	56
nrdl	NRDL-B1188CC8D1	人干扰素α2a(重组人干扰素α- 2a)	注射剂			西药	{}	56
nrdl	NRDL-07CAA9D14E	人干扰素α2b(重组人干扰素α- 2b)	注射剂			西药	{}	56
nrdl	NRDL-01564EDF30	人干扰素α2b[重组人干扰素α- 2b(假单胞菌)]	注射剂			西药	{}	56
nrdl	NRDL-69EC1C6E21	人白介素-11(重组人白介素-11)	注射剂			西药	{}	56
nrdl	NRDL-00612EF84C	重组人白介素-11(Ⅰ)	注射剂			西药	{}	56
nrdl	NRDL-E2D255649D	人白介素-11[重组人白介素- 11(酵母)]	注射剂			西药	{}	56
nrdl	NRDL-B828692E11	人白介素-2(重组人白介素-2)	注射剂	限肾细胞癌、黑色素瘤、癌性胸腹腔积液。		西药	{}	56
nrdl	NRDL-478E8A8838	人白介素-2(Ⅰ)[重组人白介素- 2(Ⅰ)]	注射剂	限肾细胞癌、黑色素瘤、癌性胸腹腔积液。		西药	{}	56
nrdl	NRDL-F9A007F108	重组人白介素-2(125Ala)[人白 介素-2(125Ala)]	注射剂	限肾细胞癌、黑色素瘤、癌性胸腹腔积液。		西药	{}	56
nrdl	NRDL-B9A93E99A6	重组人白介素-2(125Ser)	注射剂	限肾细胞癌、黑色素瘤、癌性胸腹腔积液。		西药	{}	56
nrdl	NRDL-A1AC158722	肌苷	注射剂			西药	{}	56
nrdl	NRDL-99FE88675B	氨肽素	口服常释剂型			西药	{}	57
nrdl	NRDL-23A82D52EC	草分枝杆菌F.U.36	注射剂			西药	{}	57
nrdl	NRDL-2D78A681A7	鲨肝醇	口服常释剂型			西药	{}	57
nrdl	NRDL-D022DA2EEF	腺嘌呤(维生素B4)	口服常释剂型			西药	{}	57
nrdl	NRDL-AE9C41E12C	胸腺法新	注射剂	限工伤保险。		西药	{}	57
nrdl	NRDL-24352DD08D	吗替麦考酚酯	口服常释剂型			西药	{}	57
nrdl	NRDL-04C00B3CF4	吗替麦考酚酯	口服液体剂	限口服吞咽困难的器官移植后抗排异反应。		西药	{}	57
nrdl	NRDL-228D9882F7	麦考酚钠	口服常释剂型	限器官移植后的抗排异反应。		西药	{}	57
nrdl	NRDL-0C0845CF5D	抗人T细胞兔免疫球蛋白	注射剂	限：1.器官移植排斥反应高危人群的诱导治疗；2.急性排斥 反应的治疗。		西药	{}	57
nrdl	NRDL-001D4A66B3	兔抗人胸腺细胞免疫球蛋白	注射剂	限：1.预防和治疗器官排异反应；2.预防造血干细胞移植术 后的急性和慢性移植物抗宿主病(GvHD)；3.治疗激素耐受的 移植物抗宿主病(GvHD)；4.治疗再生障碍性贫血。		西药	{}	57
nrdl	NRDL-F0DC3CA259	抗人T细胞猪免疫球蛋白	注射剂	限：1.器官移植排斥反应高危人群的诱导治疗；2.急性排斥 反应的治疗；3.重型再生障碍性贫血；4.原发性血小板减少 性紫癜。		西药	{}	57
nrdl	NRDL-B90C44FF80	阿普米司特片		限符合接受光疗或系统性治疗指征的中度至重度斑块状银屑 病的成人患者。		西药	{}	57
nrdl	NRDL-32D6665FB7	重组人Ⅱ型肿瘤坏死因子受体- 抗体融合蛋白	注射剂			西药	{}	57
nrdl	NRDL-165841CF8D	戈利木单抗	注射剂	限以下情况方可支付：1.诊断明确的类风湿关节炎经传统 DMARDs治疗3-6个月疾病活动度下降低于50%者；2.诊断明确 的强直性脊柱炎(不含放射学前期中轴性脊柱关节炎)NSAIDs 充分治疗3个月疾病活动度下降低于50%者。		西药	{}	57
nrdl	NRDL-89D092AE40	阿达木单抗	注射剂			西药	{}	57
nrdl	NRDL-F9A3BC8166	注射用英夫利西单抗				西药	{}	57
nrdl	NRDL-54DD7F98E9	巴利昔单抗	注射剂	限器官移植的诱导治疗。		西药	{}	57
nrdl	NRDL-B679E8DD18	托珠单抗	注射剂	限：1.全身型幼年特发性关节炎的二线治疗；2.限诊断明确 的类风湿关节炎经传统DMARDs治疗3-6个月疾病活动度下降低 于50%者。		西药	{}	57
nrdl	NRDL-2951AD1133	乌司奴单抗注射液		限：1.对环孢素、甲氨喋呤(MTX)等其他系统性治疗或 PUVA(补骨脂素和紫外线A)不应答、有禁忌或无法耐受的成年 中重度斑块状银屑病患者；2.对其他系统性治疗或光疗应答 不足或无法耐受的6岁及以上儿童和青少年中重度斑块状银屑 病患者；3.对传统治疗或肿瘤坏死因子α(TNFα)拮抗剂应答 不足、失应答或无法耐受的成年中重度活动性克罗恩病患者 。		西药	{}	58
nrdl	NRDL-50A71075CF	环孢素	口服常释剂型			西药	{}	58
nrdl	NRDL-BAC0E96858	环孢素	口服液体剂			西药	{}	58
nrdl	NRDL-D909DD9D55	环孢素	注射剂			西药	{}	58
nrdl	NRDL-80D6141435	他克莫司	口服常释剂型			西药	{}	58
nrdl	NRDL-669E51DBD6	他克莫司	缓释控释剂型			西药	{}	58
nrdl	NRDL-BA402ECE1E	西尼莫德片		限成人复发型多发性硬化的患者。		西药	{}	58
nrdl	NRDL-2954BB30E3	盐酸芬戈莫德胶囊		限10岁及以上患者复发型多发性硬化(RMS)的患者。		西药	{}	58
nrdl	NRDL-A71AFC7031	巴瑞替尼片		限：1.诊断明确的类风湿关节炎经传统DMARDs治疗3-6个月疾 病活动度下降低于50%者；2.对一种或多种既往传统合成或生 物DMARDs应答不佳或不耐受的2岁及以上活动性幼年特发性关 节炎患者，包括：(1)多关节型幼年特发性关节炎(多关节型 类风湿因子阳性[RF+]或阴性[RF-]，扩展型少关节炎),(2)附 着点炎相关关节炎,(3)幼年银屑病关节炎。可单药使用或与 甲氨蝶呤联合用药。		西药	{}	58
nrdl	NRDL-FBA55EE59A	托法替布	口服常释剂型			西药	{}	58
nrdl	NRDL-6219CFF839	枸橼酸托法替布缓释片				西药	{}	58
nrdl	NRDL-35C52C04BE	西罗莫司	口服常释剂型	限器官移植后的抗排异反应。		西药	{}	58
nrdl	NRDL-4B0B68450A	西罗莫司	口服液体剂	限器官移植后的抗排异反应。		西药	{}	58
nrdl	NRDL-FFA133B330	西罗莫司凝胶		限成人和6岁及以上儿童患者的结节性硬化症相关面部血管纤 维瘤。		西药	{}	58
nrdl	NRDL-9F83FEBF98	依维莫司片		限：1.既往接受舒尼替尼或索拉非尼治疗失败的晚期肾细胞 癌成人患者；2.不可切除的、局部晚期或转移性的、分化良 好的(中度分化或高度分化)进展期胰腺神经内分泌瘤成人患 者；3.无法手术切除的、局部晚期或转移性的、分化良好的 、进展期非功能性胃肠道或肺源神经内分泌肿瘤(NET)成人患 者；4.需要治疗干预但不适于手术切除的结节性硬化症(TSC) 相关的室管膜下巨细胞星形细胞瘤(SEGA)成人和儿童患者； 5.不需立即手术治疗的结节性硬化症相关的肾血管平滑肌脂 肪瘤(TSC-AML)成人患者；6.来曲唑或阿那曲唑治疗失败后的 激素受体阳性、表皮生长因子受体-2阴性、绝经后晚期女性 乳腺癌患者。		西药	{}	59
nrdl	NRDL-77B2315CBF	来氟米特	口服常释剂型			西药	{}	59
nrdl	NRDL-C983A74853	特立氟胺片		限常规治疗无效的多发性硬化患者。		西药	{}	59
nrdl	NRDL-F0E6AC7AD5	甲氨蝶呤	口服常释剂型			西药	{}	59
nrdl	NRDL-D8B2E6C28B	硫唑嘌呤	口服常释剂型			西药	{}	59
nrdl	NRDL-FEC5A95F92	吡非尼酮	口服常释剂型	限特发性肺纤维化。		西药	{}	59
nrdl	NRDL-0A5C3AF214	咪唑立宾	口服常释剂型	限器官移植后的排异反应。		西药	{}	59
nrdl	NRDL-4C3D2FA754	沙利度胺	口服常释剂型			西药	{}	59
nrdl	NRDL-A0DA9F23C9	来那度胺	口服常释剂型			西药	{}	59
nrdl	NRDL-F3B4A521A4	富马酸二甲酯肠溶胶囊		限成人复发型多发性硬化(RMS)。		西药	{}	59
nrdl	NRDL-E4F82D7FB7	泊马度胺胶囊		限既往接受过至少两种治疗(包括来那度胺和一种蛋白酶体抑 制剂)，且在最后一次治疗期间或治疗结束后60天内发生疾病 进展的成年多发性骨髓瘤患者。		西药	{}	59
nrdl	NRDL-0E3C9D2038	乙磺酸尼达尼布软胶囊		限：1.特发性肺纤维化(IPF)；2.系统性硬化病相关间质性肺 疾病(SSc-ILD)；3.具有进行性表型的慢性纤维化性间质性肺 疾病。		西药	{}	59
nrdl	NRDL-1943021023	双氯芬酸	口服常释剂型			西药	{}	59
nrdl	NRDL-9C42E088D2	双氯芬酸 双氯芬酸Ⅰ 双氯芬酸Ⅲ 双氯芬酸Ⅳ 双氯芬酸Ⅴ	缓释控释剂型			西药	{}	59
nrdl	NRDL-E0FCD8E31C	吲哚美辛	栓剂			西药	{}	60
nrdl	NRDL-84DC36C94D	双氯芬酸	双释放肠溶胶 囊			西药	{}	60
nrdl	NRDL-A8B3F6B510	双氯芬酸	肠溶缓释胶囊			西药	{}	60
nrdl	NRDL-62B74DA24C	双氯芬酸 双氯芬酸Ⅱ	栓剂			西药	{}	60
nrdl	NRDL-402CA9FDB6	氨糖美辛	口服常释剂型			西药	{}	60
nrdl	NRDL-627798F98F	醋氯芬酸	口服常释剂型			西药	{}	60
nrdl	NRDL-7F76F5A78D	舒林酸	口服常释剂型			西药	{}	60
nrdl	NRDL-15AEF4F933	酮咯酸氨丁三醇	注射剂			西药	{}	60
nrdl	NRDL-4453E405A4	吲哚美辛	口服常释剂型			西药	{}	60
nrdl	NRDL-DC022F8116	吲哚美辛	缓释控释剂型			西药	{}	60
nrdl	NRDL-4774B39CF9	吡罗昔康	口服常释剂型			西药	{}	60
nrdl	NRDL-6FAB0934AA	氯诺昔康	注射剂			西药	{}	60
nrdl	NRDL-C13B684996	美洛昔康	口服常释剂型			西药	{}	60
nrdl	NRDL-CFBA72564E	布洛芬	口服常释剂型			西药	{}	60
nrdl	NRDL-7431674CFA	小儿布洛芬	栓剂			西药	{}	60
nrdl	NRDL-E958D6B690	布洛芬	口服液体剂			西药	{}	60
nrdl	NRDL-A6B9D04385	布洛芬	缓释控释剂型			西药	{}	60
nrdl	NRDL-06AD998A4A	布洛芬	颗粒剂			西药	{}	60
nrdl	NRDL-5A2EA556C0	布洛芬	乳膏剂			西药	{}	60
nrdl	NRDL-20A1262B70	布洛芬	注射剂			西药	{}	60
nrdl	NRDL-BD98E159DF	氟比洛芬	贴膏剂			西药	{}	60
nrdl	NRDL-DCB5FF1BBB	氟比洛芬	巴布膏剂			西药	{}	60
nrdl	NRDL-61C6A1CAA8	氟比洛芬	凝胶贴膏剂			西药	{}	60
nrdl	NRDL-B0D8A6F987	氟比洛芬酯	注射剂			西药	{}	60
nrdl	NRDL-0D6B86C19C	精氨酸布洛芬	颗粒剂			西药	{}	60
nrdl	NRDL-A9A7553B5D	洛索洛芬	口服常释剂型			西药	{}	60
nrdl	NRDL-762FBCA65E	洛索洛芬	贴剂			西药	{}	60
nrdl	NRDL-3D31488972	洛索洛芬	贴膏剂			西药	{}	60
nrdl	NRDL-7C5055AA30	萘普生	口服常释剂型			西药	{}	60
nrdl	NRDL-73A58F13CA	萘普生	缓释控释剂型			西药	{}	60
nrdl	NRDL-F44395B7AA	右旋布洛芬	口服液体剂			西药	{}	60
nrdl	NRDL-83113981DF	艾瑞昔布	口服常释剂型			西药	{}	60
nrdl	NRDL-82A2BD302C	帕瑞昔布	注射剂			西药	{}	60
nrdl	NRDL-70018734A0	塞来昔布	口服常释剂型			西药	{}	61
nrdl	NRDL-6E9744E053	依托考昔	口服常释剂型			西药	{}	61
nrdl	NRDL-2FB2D6AC30	萘丁美酮	口服常释剂型			西药	{}	61
nrdl	NRDL-54D41458D4	尼美舒利	口服常释剂型			西药	{}	61
nrdl	NRDL-B6B5E4E097	艾拉莫德	口服常释剂型	限活动性类风湿关节炎患者的二线治疗。		西药	{}	61
nrdl	NRDL-24B1DA4230	氨基葡萄糖	口服常释剂型			西药	{}	61
nrdl	NRDL-277A7DACAD	白芍总苷	口服常释剂型			西药	{}	61
nrdl	NRDL-165BBF755D	草乌甲素	口服常释剂型			西药	{}	61
nrdl	NRDL-1F9D6E4C31	青霉胺	口服常释剂型			西药	{}	61
nrdl	NRDL-E75780DED4	汉防己甲素	口服常释剂型			西药	{}	61
nrdl	NRDL-018E277B74	汉防己甲素	注射剂			西药	{}	61
nrdl	NRDL-D6827A391E	双氯芬酸二乙胺	凝胶剂			西药	{}	61
nrdl	NRDL-EEF70115FF	樟脑	软膏剂			西药	{}	61
nrdl	NRDL-2D9F9DBFDC	樟脑	醑剂			西药	{}	61
nrdl	NRDL-762B3F299B	阿曲库铵	注射剂			西药	{}	61
nrdl	NRDL-8F14E2B1D8	氯化琥珀胆碱	注射剂			西药	{}	61
nrdl	NRDL-F8DE34E608	维库溴铵	注射剂			西药	{}	61
nrdl	NRDL-D31CD7B9B0	巴氯芬	口服常释剂型			西药	{}	61
nrdl	NRDL-7E090BBFD5	苯磺顺阿曲库铵	注射剂			西药	{}	61
nrdl	NRDL-0FBCBC1BA5	复方氯唑沙宗	口服常释剂型			西药	{}	61
nrdl	NRDL-FF6FCDD72A	氯唑氨酚分散片				西药	{}	61
nrdl	NRDL-36CC343CC1	罗库溴铵	注射剂			西药	{}	61
nrdl	NRDL-6972BD3469	米库氯铵	注射剂			西药	{}	61
nrdl	NRDL-5FA54409C3	哌库溴铵	注射剂			西药	{}	61
nrdl	NRDL-2D768F2FF4	替扎尼定	口服常释剂型			西药	{}	61
nrdl	NRDL-665FF1A0A9	乙哌立松	口服常释剂型			西药	{}	61
nrdl	NRDL-EEC22EBC1C	别嘌醇	口服常释剂型			西药	{}	61
nrdl	NRDL-7EDB74A09F	秋水仙碱	口服常释剂型			西药	{}	61
nrdl	NRDL-4DAF98251E	苯溴马隆	口服常释剂型			西药	{}	61
nrdl	NRDL-C4A37F4F6E	别嘌醇	缓释控释剂型			西药	{}	61
nrdl	NRDL-F093F6EAD9	非布司他	口服常释剂型			西药	{}	61
nrdl	NRDL-C2F756DFD9	阿仑膦酸	口服常释剂型			西药	{}	61
nrdl	NRDL-679932D6AF	胆维丁	口服乳剂			西药	{}	62
nrdl	NRDL-2693FD2C62	胆维丁	口服常释剂型			西药	{}	62
nrdl	NRDL-138BB580A9	利塞膦酸	口服常释剂型			西药	{}	62
nrdl	NRDL-6C03B4A754	氯膦酸二钠	口服常释剂型			西药	{}	62
nrdl	NRDL-E59880F78A	氯膦酸二钠	注射剂			西药	{}	62
nrdl	NRDL-38696639B0	帕米膦酸二钠	注射剂			西药	{}	62
nrdl	NRDL-37372A6A73	帕米膦酸二钠葡萄糖	注射剂			西药	{}	62
nrdl	NRDL-1B57403971	伊班膦酸	注射剂			西药	{}	62
nrdl	NRDL-06E7E5CCE1	因卡膦酸二钠(英卡膦酸二钠)	注射剂			西药	{}	62
nrdl	NRDL-0C761BC59E	唑来膦酸	注射剂			西药	{}	62
nrdl	NRDL-24C9C18F82	地舒单抗注射液				西药	{}	62
nrdl	NRDL-C0F148A906	玻璃酸钠	注射剂			西药	{}	62
nrdl	NRDL-004853296E	恩氟烷	液体剂			西药	{}	62
nrdl	NRDL-D59A696281	地氟烷	溶液剂			西药	{}	62
nrdl	NRDL-0FEB8CC6B1	七氟烷	吸入用溶液剂			西药	{}	62
nrdl	NRDL-E38502950F	七氟烷	吸入溶液剂			西药	{}	62
nrdl	NRDL-9FDA1C04F4	芬太尼	注射剂			西药	{}	62
nrdl	NRDL-869518DEEF	瑞芬太尼	注射剂			西药	{}	62
nrdl	NRDL-C89DB74A74	舒芬太尼	注射剂			西药	{}	62
nrdl	NRDL-99FA1D3571	丙泊酚	注射剂			西药	{}	62
nrdl	NRDL-DE52121B3B	氯胺酮	注射剂			西药	{}	62
nrdl	NRDL-5705F64450	丙泊酚中/长链脂肪乳	注射剂			西药	{}	62
nrdl	NRDL-8F351B3887	羟丁酸钠	注射剂			西药	{}	62
nrdl	NRDL-1DDAA0DF5C	氧化亚氮	气体剂型			西药	{}	62
nrdl	NRDL-58FE1795AE	依托咪酯	注射剂			西药	{}	62
nrdl	NRDL-DCAB2D2C82	依托咪酯中/长链脂肪乳注射液				西药	{}	62
nrdl	NRDL-2690A24DE4	盐酸艾司氯胺酮注射液		限用于与镇静麻醉药联合诱导和实施全身麻醉。		西药	{}	62
nrdl	NRDL-A2D1C0F2FD	丁卡因	注射剂			西药	{}	63
nrdl	NRDL-068407A5B7	丁卡因	凝胶剂			西药	{}	63
nrdl	NRDL-B54E4B82A0	氯普鲁卡因	注射剂			西药	{}	63
nrdl	NRDL-7BF24EE56F	布比卡因	注射剂			西药	{}	63
nrdl	NRDL-B52600629A	布比卡因脂质体注射液		限：1.12岁及以上的患者单剂量浸润产生术后局部镇痛；2. 成人肌间沟臂丛神经阻滞产生术后区域镇痛；3.成人腘窝坐 骨神经阻滞产生术后区域镇痛；4.成人收肌管阻滞产生术后 区域镇痛。		西药	{}	63
nrdl	NRDL-B5DB0561E5	复方阿替卡因	注射剂			西药	{}	63
nrdl	NRDL-75EE6C9EE6	利多卡因	吸入剂			西药	{}	63
nrdl	NRDL-3C1463E68E	利多卡因	凝胶剂			西药	{}	63
nrdl	NRDL-7CF41F04A1	利多卡因 利多卡因Ⅰ	胶浆剂			西药	{}	63
nrdl	NRDL-D55ADF5FD9	利多卡因凝胶贴膏		限带状疱疹患者。		西药	{}	63
nrdl	NRDL-CAC0301D97	罗哌卡因	注射剂			西药	{}	63
nrdl	NRDL-FED395CAAB	左布比卡因	注射剂			西药	{}	63
nrdl	NRDL-960D178C17	达克罗宁	胶浆剂			西药	{}	63
nrdl	NRDL-1E0499B827	辣椒碱	软膏剂			西药	{}	63
nrdl	NRDL-00239B2FA7	吗啡	口服常释剂型			西药	{}	63
nrdl	NRDL-8C0F393C19	吗啡	缓释控释剂型			西药	{}	63
nrdl	NRDL-9B4BEB706F	吗啡	注射剂			西药	{}	63
nrdl	NRDL-047EC5C0FA	氨酚待因Ⅰ 氨酚待因Ⅱ	口服常释剂型			西药	{}	63
nrdl	NRDL-19C3C1DE7E	氨酚双氢可待因	口服常释剂型			西药	{}	63
nrdl	NRDL-D0C33FDD45	可待因	注射剂			西药	{}	63
nrdl	NRDL-C6B380FBEB	洛芬待因	口服常释剂型			西药	{}	63
nrdl	NRDL-DFB1924B8F	洛芬待因	缓释控释剂型			西药	{}	63
nrdl	NRDL-45B2164D06	吗啡	口服液体剂			西药	{}	63
nrdl	NRDL-6D49E4A7F2	吗啡	栓剂			西药	{}	63
nrdl	NRDL-2E396B9229	纳美芬	注射剂	限急救抢救。		西药	{}	63
nrdl	NRDL-17BAFFC7E0	羟考酮	口服常释剂型			西药	{}	63
nrdl	NRDL-8934673757	羟考酮	缓释控释剂型			西药	{}	63
nrdl	NRDL-3F71D448EE	羟考酮	注射剂			西药	{}	63
nrdl	NRDL-2B9FBA80A2	氢吗啡酮	注射剂			西药	{}	64
nrdl	NRDL-B331295E97	双氢可待因	口服常释剂型			西药	{}	64
nrdl	NRDL-737292F012	哌替啶	注射剂			西药	{}	64
nrdl	NRDL-180E99B3A5	芬太尼	贴剂			西药	{}	64
nrdl	NRDL-38991003A9	布托啡诺	注射剂			西药	{}	64
nrdl	NRDL-3FFCDA8DBA	纳布啡	注射剂	限复合麻醉。		西药	{}	64
nrdl	NRDL-E2D09272C6	氨酚曲马多	口服常释剂型			西药	{}	64
nrdl	NRDL-95C94CC1F0	丁丙诺啡	透皮贴剂			西药	{}	64
nrdl	NRDL-2DE779562F	曲马多	口服常释剂型			西药	{}	64
nrdl	NRDL-3CD93B24E1	曲马多 曲马多Ⅱ	缓释控释剂型			西药	{}	64
nrdl	NRDL-FEEEBC5812	曲马多	注射剂			西药	{}	64
nrdl	NRDL-81672EB26B	复方阿司匹林	口服常释剂型			西药	{}	64
nrdl	NRDL-B6D7D87E4F	赖氨匹林	注射剂			西药	{}	64
nrdl	NRDL-C80FC2FB7A	去痛片	口服常释剂型			西药	{}	64
nrdl	NRDL-AB30E477F8	安乃近	口服常释剂型			西药	{}	64
nrdl	NRDL-D6747152DD	米格来宁	口服常释剂型			西药	{}	64
nrdl	NRDL-95B4B5ACEF	安替比林咖啡因片				西药	{}	64
nrdl	NRDL-AE56215546	对乙酰氨基酚	口服常释剂型			西药	{}	64
nrdl	NRDL-00F21744D0	对乙酰氨基酚	颗粒剂			西药	{}	64
nrdl	NRDL-197496A87C	小儿对乙酰氨基酚	口服常释剂型			西药	{}	64
nrdl	NRDL-ECBC57B752	氨酚羟考酮	口服常释剂型			西药	{}	64
nrdl	NRDL-DF2C3C4875	对乙酰氨基酚	缓释控释剂型			西药	{}	64
nrdl	NRDL-00B9E25E5B	对乙酰氨基酚	口服液体剂			西药	{}	64
nrdl	NRDL-DF2D7B43DA	对乙酰氨基酚	栓剂			西药	{}	64
nrdl	NRDL-127C9E3593	复方对乙酰氨基酚	口服常释剂型			西药	{}	64
nrdl	NRDL-C1A132E2D5	罗通定	口服常释剂型			西药	{}	64
nrdl	NRDL-AEA954E4D2	罗通定	注射剂			西药	{}	64
nrdl	NRDL-3CCD60D5D5	普瑞巴林	口服常释剂型			西药	{}	64
nrdl	NRDL-108C3F38BC	普瑞巴林口服溶液				西药	{}	64
nrdl	NRDL-567696E4B2	利扎曲普坦	口服常释剂型			西药	{}	65
nrdl	NRDL-EC2AE003EF	舒马普坦	口服常释剂型			西药	{}	65
nrdl	NRDL-B60E04B956	佐米曲普坦	口服常释剂型			西药	{}	65
nrdl	NRDL-FD1F713487	苯巴比妥	口服常释剂型			西药	{}	65
nrdl	NRDL-6190B7731A	苯巴比妥	注射剂			西药	{}	65
nrdl	NRDL-635234634D	扑米酮	口服常释剂型			西药	{}	65
nrdl	NRDL-D7BFC006EF	苯妥英钠	口服常释剂型			西药	{}	65
nrdl	NRDL-BF4D3D21E1	氯硝西泮	口服常释剂型			西药	{}	65
nrdl	NRDL-FA7F4ACD7D	氯硝西泮	注射剂			西药	{}	65
nrdl	NRDL-4928C0AFDD	卡马西平	口服常释剂型			西药	{}	65
nrdl	NRDL-C60CF783CB	奥卡西平	口服常释剂型			西药	{}	65
nrdl	NRDL-A08CEBFC23	卡马西平	缓释控释剂型			西药	{}	65
nrdl	NRDL-43F14EA5A7	奥卡西平	口服液体剂			西药	{}	65
nrdl	NRDL-B612BC3FBB	丙戊酸钠	口服常释剂型			西药	{}	65
nrdl	NRDL-4E4AE9145F	氨己烯酸口服溶液用散		限婴儿痉挛症。		西药	{}	65
nrdl	NRDL-EFDC1683AB	丙戊酸钠	口服液体剂			西药	{}	65
nrdl	NRDL-5DF59DB435	丙戊酸钠 丙戊酸钠Ⅰ 丙戊酸钠Ⅱ	缓释控释剂型			西药	{}	65
nrdl	NRDL-A056316485	丙戊酸钠	注射剂			西药	{}	65
nrdl	NRDL-296D6AFDD8	丙戊酸镁	口服常释剂型			西药	{}	65
nrdl	NRDL-3E720060A3	丙戊酸镁	缓释控释剂型			西药	{}	65
nrdl	NRDL-E57DA55F50	加巴喷丁	口服常释剂型			西药	{}	65
nrdl	NRDL-758EEB6064	拉莫三嗪	口服常释剂型			西药	{}	65
nrdl	NRDL-11AC9DD2FB	托吡酯	口服常释剂型			西药	{}	65
nrdl	NRDL-3201DC7FD2	左乙拉西坦	口服常释剂型			西药	{}	65
nrdl	NRDL-A3E722E557	左乙拉西坦	口服液体剂			西药	{}	65
nrdl	NRDL-6ED5E95C42	左乙拉西坦	缓释控释剂型			西药	{}	65
nrdl	NRDL-A41FE68A6B	左乙拉西坦	注射剂			西药	{}	66
nrdl	NRDL-60ABB2D6DD	拉考沙胺	口服常释剂型			西药	{}	66
nrdl	NRDL-3891F5C269	拉考沙胺口服溶液				西药	{}	66
nrdl	NRDL-D6529B20E0	拉考沙胺注射液				西药	{}	66
nrdl	NRDL-4D1FCFAFA3	唑尼沙胺	口服常释剂型			西药	{}	66
nrdl	NRDL-50BE8A092A	吡仑帕奈片				西药	{}	66
nrdl	NRDL-F87FA7C8DB	苯海索	口服常释剂型			西药	{}	66
nrdl	NRDL-46BDBDAFDC	多巴丝肼	口服常释剂型			西药	{}	66
nrdl	NRDL-A162D3DC86	左旋多巴	口服常释剂型			西药	{}	66
nrdl	NRDL-14B1A234FD	屈昔多巴	口服常释剂型	限二线用药。		西药	{}	66
nrdl	NRDL-FFC92F27DA	卡左双多巴(左旋多巴/卡比多 巴)	缓释控释剂型			西药	{}	66
nrdl	NRDL-E855C2CFE1	复方卡比多巴	口服常释剂型			西药	{}	66
nrdl	NRDL-0E379D4A8A	金刚烷胺	口服常释剂型			西药	{}	66
nrdl	NRDL-027C6EA71C	吡贝地尔	缓释控释剂型			西药	{}	66
nrdl	NRDL-E3AB54A954	罗匹尼罗	口服常释剂型	限二线用药。		西药	{}	66
nrdl	NRDL-833BCEB78B	罗匹尼罗	缓释控释剂型	限二线用药。		西药	{}	66
nrdl	NRDL-F8E78338F0	普拉克索	缓释控释剂型			西药	{}	66
nrdl	NRDL-DB354E9416	普拉克索	口服常释剂型			西药	{}	66
nrdl	NRDL-A4F0614298	司来吉兰	口服常释剂型			西药	{}	66
nrdl	NRDL-9E1C84EF68	雷沙吉兰	口服常释剂型			西药	{}	66
nrdl	NRDL-8D2B6A701F	恩他卡朋	口服常释剂型	限二线用药。		西药	{}	66
nrdl	NRDL-2EAB93C6D7	恩他卡朋双多巴 恩他卡朋双多巴Ⅱ 恩他卡朋双多巴Ⅲ 恩他卡朋双多巴Ⅳ	口服常释剂型	限二线用药。		西药	{}	66
nrdl	NRDL-25587E9B2A	氯丙嗪	口服常释剂型			西药	{}	66
nrdl	NRDL-76D0E306FD	氯丙嗪	注射剂			西药	{}	67
nrdl	NRDL-097D78E0BA	奋乃静	口服常释剂型			西药	{}	67
nrdl	NRDL-49C6E49152	奋乃静	注射剂			西药	{}	67
nrdl	NRDL-0043C2EAC3	三氟拉嗪	口服常释剂型			西药	{}	67
nrdl	NRDL-C74E666D1C	氟奋乃静	口服常释剂型			西药	{}	67
nrdl	NRDL-9B01B6BA60	氟奋乃静	注射剂			西药	{}	67
nrdl	NRDL-64DFB17F44	癸氟奋乃静	注射剂			西药	{}	67
nrdl	NRDL-4C71A4C172	哌泊塞嗪	注射剂			西药	{}	67
nrdl	NRDL-FC12918CAA	氟哌啶醇	口服常释剂型			西药	{}	67
nrdl	NRDL-5F261DB7EA	氟哌啶醇	注射剂			西药	{}	67
nrdl	NRDL-3665A5A80D	氟哌利多	注射剂			西药	{}	67
nrdl	NRDL-65DECAB79C	齐拉西酮	口服常释剂型			西药	{}	67
nrdl	NRDL-6DDC919B3F	齐拉西酮	注射剂			西药	{}	67
nrdl	NRDL-02577173F7	盐酸鲁拉西酮片				西药	{}	67
nrdl	NRDL-47D9B223A3	氯普噻吨	口服常释剂型			西药	{}	67
nrdl	NRDL-38A50C31D0	氯普噻吨	注射剂			西药	{}	67
nrdl	NRDL-2A78B5EEF7	五氟利多	口服常释剂型			西药	{}	67
nrdl	NRDL-C0E87D3A93	喹硫平	口服常释剂型			西药	{}	67
nrdl	NRDL-FD3215FAAD	氯氮平	口服常释剂型			西药	{}	67
nrdl	NRDL-2FCE3B8729	奥氮平	口服常释剂型			西药	{}	67
nrdl	NRDL-52983B6930	喹硫平	缓释控释剂型			西药	{}	67
nrdl	NRDL-E4F68EC82C	氯氮平	口腔崩解片			西药	{}	67
nrdl	NRDL-DBC72BB9B0	奥氮平	口腔崩解片			西药	{}	67
nrdl	NRDL-8D8F275F7D	奥氮平口溶膜				西药	{}	67
nrdl	NRDL-493394728E	舒必利	口服常释剂型			西药	{}	67
nrdl	NRDL-D6373EF2F2	舒必利	注射剂			西药	{}	67
nrdl	NRDL-19C8282156	氨磺必利	口服常释剂型			西药	{}	67
nrdl	NRDL-DDAE848A2C	氨磺必利口服溶液				西药	{}	67
nrdl	NRDL-E4F80B78FE	硫必利	口服常释剂型			西药	{}	67
nrdl	NRDL-2187F1EBF0	硫必利	注射剂			西药	{}	67
nrdl	NRDL-84AB858728	碳酸锂	口服常释剂型			西药	{}	68
nrdl	NRDL-7B0151CF31	碳酸锂	缓释控释剂型			西药	{}	68
nrdl	NRDL-594E896775	阿立哌唑	口服常释剂型			西药	{}	68
nrdl	NRDL-811DF1BA82	阿立哌唑	口腔崩解片			西药	{}	68
nrdl	NRDL-CE49CBFAAF	阿立哌唑口溶膜				西药	{}	68
nrdl	NRDL-BF1F29CAE4	丁苯那嗪片		限亨廷顿病相关的舞蹈症。		西药	{}	68
nrdl	NRDL-C52C035FD4	利培酮	口服常释剂型			西药	{}	68
nrdl	NRDL-D3532A3B28	利培酮	口服液体剂			西药	{}	68
nrdl	NRDL-2F87BE76EC	利培酮	口腔崩解片			西药	{}	68
nrdl	NRDL-FC669E7ED5	帕利哌酮	缓释控释剂型			西药	{}	68
nrdl	NRDL-797CC580A0	帕利哌酮	注射剂			西药	{}	68
nrdl	NRDL-3D9A0C4405	哌罗匹隆	口服常释剂型			西药	{}	68
nrdl	NRDL-ED1201CFDA	布南色林片				西药	{}	68
nrdl	NRDL-B7AF9580A5	阿普唑仑	口服常释剂型			西药	{}	68
nrdl	NRDL-051408C74E	地西泮	口服常释剂型			西药	{}	68
nrdl	NRDL-1D30ADC4A4	地西泮	注射剂			西药	{}	68
nrdl	NRDL-C198FEC08C	劳拉西泮	口服常释剂型			西药	{}	68
nrdl	NRDL-EBD98B2759	奥沙西泮	口服常释剂型			西药	{}	68
nrdl	NRDL-5FD7F924BB	氯巴占片		限2岁及以上Lennox-Gastaut综合征(LGS)患者癫痫发作的联 合治疗。		西药	{}	68
nrdl	NRDL-8B90BC7C83	羟嗪	口服常释剂型			西药	{}	68
nrdl	NRDL-E7AFB3DEB5	丁螺环酮	口服常释剂型			西药	{}	68
nrdl	NRDL-1090028D83	坦度螺酮	口服常释剂型			西药	{}	68
nrdl	NRDL-C211CAFC4B	司可巴比妥	口服常释剂型			西药	{}	68
nrdl	NRDL-4135188F2C	异戊巴比妥	注射剂			西药	{}	68
nrdl	NRDL-E7F8882EF2	水合氯醛灌肠剂		限儿童。		西药	{}	68
nrdl	NRDL-756E049B2D	艾司唑仑	口服常释剂型			西药	{}	68
nrdl	NRDL-64912700FF	咪达唑仑	注射剂			西药	{}	68
nrdl	NRDL-4811A9D2C2	咪达唑仑	口服常释剂型			西药	{}	69
nrdl	NRDL-D50FD8073C	硝西泮	口服常释剂型			西药	{}	69
nrdl	NRDL-FAF47DB91E	右佐匹克隆	口服常释剂型			西药	{}	69
nrdl	NRDL-09F140C9C6	扎来普隆	口服常释剂型			西药	{}	69
nrdl	NRDL-099AE309F6	佐匹克隆	口服常释剂型			西药	{}	69
nrdl	NRDL-2A235A181E	唑吡坦	口服常释剂型			西药	{}	69
nrdl	NRDL-371155ECDF	右美托咪定	注射剂			西药	{}	69
nrdl	NRDL-7CBF39DEA5	盐酸右美托咪定鼻喷雾剂		限：1.成人术前镇静/抗焦虑；2.2-6周岁儿童全麻手术前的 镇静/抗焦虑。		西药	{}	69
nrdl	NRDL-390D998627	盐酸右美托咪定氯化钠注射液		限：1.重症监护患者插管和机械通气时的镇静；2.非插管患 者术前和/或术中以及其他程序镇静。		西药	{}	69
nrdl	NRDL-00E0289293	阿米替林	口服常释剂型			西药	{}	69
nrdl	NRDL-1E07FF35F2	丙米嗪	口服常释剂型			西药	{}	69
nrdl	NRDL-40BB89EA4C	多塞平	口服常释剂型			西药	{}	69
nrdl	NRDL-1314B7E123	氯米帕明	口服常释剂型			西药	{}	69
nrdl	NRDL-9F2159E0C6	氯米帕明	注射剂			西药	{}	69
nrdl	NRDL-F197155541	马普替林	口服常释剂型			西药	{}	69
nrdl	NRDL-768F3C9B43	帕罗西汀	口服常释剂型			西药	{}	69
nrdl	NRDL-E6A93BAE7E	艾司西酞普兰	口服常释剂型			西药	{}	69
nrdl	NRDL-391573159D	氟西汀	口服常释剂型			西药	{}	69
nrdl	NRDL-AB1E53005F	草酸艾司西酞普兰口服溶液				西药	{}	69
nrdl	NRDL-D77FDA9888	氟伏沙明	口服常释剂型			西药	{}	69
nrdl	NRDL-D51432BB83	舍曲林	口服常释剂型			西药	{}	69
nrdl	NRDL-81AF5B71F6	西酞普兰	口服常释剂型			西药	{}	69
nrdl	NRDL-0F5BC61776	盐酸氟西汀口服溶液				西药	{}	69
nrdl	NRDL-BE416D8071	帕罗西汀	肠溶缓释片			西药	{}	69
nrdl	NRDL-2E67B1E5ED	米氮平	口服常释剂型			西药	{}	69
nrdl	NRDL-B5BD50A64D	文拉法辛	口服常释剂型			西药	{}	69
nrdl	NRDL-16E7492017	文拉法辛	缓释控释剂型			西药	{}	69
nrdl	NRDL-762870C0E6	阿戈美拉汀	口服常释剂型			西药	{}	69
nrdl	NRDL-B75BBCE321	度洛西汀	口服常释剂型			西药	{}	69
nrdl	NRDL-3EB173613B	琥珀酸地文拉法辛缓释片				西药	{}	70
nrdl	NRDL-51A7ABE985	米安色林	口服常释剂型			西药	{}	70
nrdl	NRDL-3365CE6052	米那普仑	口服常释剂型			西药	{}	70
nrdl	NRDL-013C295A03	曲唑酮	口服常释剂型			西药	{}	70
nrdl	NRDL-1B957937D8	瑞波西汀	口服常释剂型			西药	{}	70
nrdl	NRDL-C96E6F183A	盐酸安非他酮缓释片(Ⅱ)				西药	{}	70
nrdl	NRDL-7031358E7F	石杉碱甲	口服常释剂型			西药	{}	70
nrdl	NRDL-26E0B7B00E	甲氯芬酯	口服常释剂型			西药	{}	70
nrdl	NRDL-C2591BC2CD	咖啡因	注射剂			西药	{}	70
nrdl	NRDL-E5F08B84F3	哌甲酯	口服常释剂型			西药	{}	70
nrdl	NRDL-AC564BAFF0	哌甲酯	缓释控释剂型	限由专科医生采用DSM-IV诊断标准作出明确诊断的患者。		西药	{}	70
nrdl	NRDL-03688A3521	哌甲酯	注射剂			西药	{}	70
nrdl	NRDL-602CD9028E	托莫西汀	口服常释剂型			西药	{}	70
nrdl	NRDL-4E981C603F	氟哌噻吨美利曲辛	口服常释剂型			西药	{}	70
nrdl	NRDL-8D38B781D5	多奈哌齐	口服常释剂型			西药	{}	70
nrdl	NRDL-1DF025DE99	多奈哌齐	口腔崩解片	限明确诊断的阿尔茨海默病。		西药	{}	70
nrdl	NRDL-3DF1AB1684	加兰他敏	口服常释剂型	限明确诊断的阿尔茨海默病。		西药	{}	70
nrdl	NRDL-8D002C44D7	卡巴拉汀	口服常释剂型	限明确诊断的阿尔茨海默病。		西药	{}	70
nrdl	NRDL-229286CD93	美金刚	口服常释剂型			西药	{}	70
nrdl	NRDL-AF0C73F417	美金刚	口服溶液剂	限吞咽困难且明确诊断的中重度至重度阿尔茨海默型痴呆。		西药	{}	70
nrdl	NRDL-F4226C32F1	盐酸美金刚缓释胶囊				西药	{}	70
nrdl	NRDL-B0F20D717E	利斯的明	贴剂	限明确诊断的阿尔茨海默病。		西药	{}	70
nrdl	NRDL-E1896318A9	加兰他敏	注射剂			西药	{}	70
nrdl	NRDL-84DB41B3BB	新斯的明	注射剂			西药	{}	70
nrdl	NRDL-FE96BD2BDF	溴吡斯的明	口服常释剂型			西药	{}	70
nrdl	NRDL-5F891C86DE	溴新斯的明	口服常释剂型			西药	{}	70
nrdl	NRDL-530B01C42D	美沙酮	口服常释剂型			西药	{}	70
nrdl	NRDL-61B1399639	美沙酮	口服液体剂			西药	{}	70
nrdl	NRDL-92161351C4	纳曲酮	口服常释剂型			西药	{}	70
nrdl	NRDL-E55ACA5D20	倍他司汀	口服常释剂型			西药	{}	70
nrdl	NRDL-E25536B659	地芬尼多	口服常释剂型			西药	{}	70
nrdl	NRDL-A67EE2EBFE	氟桂利嗪	口服常释剂型			西药	{}	71
nrdl	NRDL-E11282C67E	倍他司汀	注射剂			西药	{}	71
nrdl	NRDL-8386C3AB5F	胞磷胆碱	口服常释剂型			西药	{}	71
nrdl	NRDL-80C5D0B4AF	胞磷胆碱(胞二磷胆碱)	注射剂			西药	{}	71
nrdl	NRDL-BA581BD8CC	胞磷胆碱氯化钠	注射剂			西药	{}	71
nrdl	NRDL-79AC3B73E5	胞磷胆碱葡萄糖	注射剂			西药	{}	71
nrdl	NRDL-9050C1CD37	吡拉西坦	注射剂	限脑外伤所致的脑功能障碍患者，支付不超过14天。		西药	{}	71
nrdl	NRDL-6CA4C06531	吡拉西坦(乙酰胺吡咯烷酮)	口服常释剂型			西药	{}	71
nrdl	NRDL-598A84FB08	谷维素	口服常释剂型			西药	{}	71
nrdl	NRDL-D894616D5A	环轮宁	注射剂			西药	{}	71
nrdl	NRDL-667A3B9FC3	利鲁唑	口服常释剂型			西药	{}	71
nrdl	NRDL-F574FA8BA1	天麻素	口服常释剂型			西药	{}	71
nrdl	NRDL-2C9ED27AE5	天麻素	注射剂	支付不超过14天。		西药	{}	71
nrdl	NRDL-FA20A224B7	依达拉奉注射液		限肌萎缩侧索硬化(ALS)。		西药	{}	71
nrdl	NRDL-C0D6D91644	依达拉奉氯化钠注射液		限肌萎缩侧索硬化(ALS)。		西药	{}	71
nrdl	NRDL-D81A4891C3	氨吡啶缓释片		限多发性硬化合并步行障碍(EDSS评分4-7分)的成年患者。		西药	{}	71
nrdl	NRDL-D08BB8E803	伯氨喹	口服常释剂型			西药	{}	71
nrdl	NRDL-AB4C4FA430	蒿甲醚	口服常释剂型			西药	{}	71
nrdl	NRDL-FE6599B624	奎宁	口服常释剂型			西药	{}	71
nrdl	NRDL-1E184ADF63	氯喹	口服常释剂型			西药	{}	71
nrdl	NRDL-21A2414A1A	氯喹	注射剂			西药	{}	71
nrdl	NRDL-1EE115A972	青蒿素类药物		◇		西药	{}	71
nrdl	NRDL-3B828F5B59	乙胺嘧啶	口服常释剂型			西药	{}	71
nrdl	NRDL-9312120E64	咯萘啶	口服常释剂型			西药	{}	71
nrdl	NRDL-FC6EEB7E09	咯萘啶	注射剂			西药	{}	71
nrdl	NRDL-968825E1C1	磺胺多辛乙胺嘧啶	口服常释剂型			西药	{}	71
nrdl	NRDL-D76AFC329B	奎宁	注射剂			西药	{}	71
nrdl	NRDL-ED0568B116	羟氯喹	口服常释剂型			西药	{}	71
nrdl	NRDL-090070F900	葡萄糖酸锑钠	注射剂			西药	{}	71
nrdl	NRDL-AE96D5CECE	吡喹酮	口服常释剂型			西药	{}	71
nrdl	NRDL-9B0F1FC920	阿苯达唑	口服常释剂型			西药	{}	72
nrdl	NRDL-413F20A92B	甲苯咪唑	口服常释剂型			西药	{}	72
nrdl	NRDL-D5D129339D	哌嗪	口服常释剂型			西药	{}	72
nrdl	NRDL-E045A0E4DA	哌嗪	锭剂			西药	{}	72
nrdl	NRDL-D29828F246	双羟萘酸噻嘧啶	颗粒剂			西药	{}	72
nrdl	NRDL-C34A57A02D	克罗米通	软膏剂			西药	{}	72
nrdl	NRDL-186C1EC0D7	麻黄碱	滴鼻剂			西药	{}	72
nrdl	NRDL-17489862A7	羟甲唑啉	吸入剂			西药	{}	72
nrdl	NRDL-92A4AAF44D	羟甲唑啉	滴鼻剂			西药	{}	72
nrdl	NRDL-F565212C94	赛洛唑啉	滴鼻剂			西药	{}	72
nrdl	NRDL-C27553D5C0	呋麻	滴鼻剂			西药	{}	72
nrdl	NRDL-A7979FB4A0	奥洛他定	口服常释剂型			西药	{}	72
nrdl	NRDL-23BB0142A1	盐酸奥洛他定颗粒				西药	{}	72
nrdl	NRDL-744C14B8A5	氮䓬斯汀	吸入剂			西药	{}	72
nrdl	NRDL-8ACCCA0D04	色甘酸钠	滴鼻剂			西药	{}	72
nrdl	NRDL-CCA6804C63	左卡巴斯汀	吸入剂			西药	{}	72
nrdl	NRDL-8F51B36795	色甘萘甲那敏	鼻用喷雾剂			西药	{}	72
nrdl	NRDL-DE5071CDC3	倍氯米松	吸入剂			西药	{}	72
nrdl	NRDL-25341B7BC7	倍氯米松福莫特罗	气雾剂			西药	{}	72
nrdl	NRDL-5A4DB18843	布地奈德	吸入剂			西药	{}	72
nrdl	NRDL-666A57B166	氮䓬斯汀氟替卡松鼻喷雾剂		限12岁及以上单一鼻用抗组胺药或糖皮质激素治疗效果不佳 的中至重度季节性过敏性鼻炎和常年性过敏性鼻炎患者。		西药	{}	72
nrdl	NRDL-61D92742F5	氟替卡松	吸入剂			西药	{}	72
nrdl	NRDL-9972C0D6EF	糠酸莫米松	吸入剂			西药	{}	72
nrdl	NRDL-3B9DAD8429	曲安奈德	吸入剂			西药	{}	72
nrdl	NRDL-581C8CEAB1	沙丁胺醇	吸入剂			西药	{}	72
nrdl	NRDL-F61B7607C5	布地奈德福莫特罗Ⅰ 布地奈德福莫特罗Ⅱ	吸入剂			西药	{}	72
nrdl	NRDL-F759A124B6	福莫特罗	吸入剂			西药	{}	73
nrdl	NRDL-3C2BB3378E	沙美特罗	吸入剂			西药	{}	73
nrdl	NRDL-20A7FDAF91	沙美特罗替卡松	吸入剂			西药	{}	73
nrdl	NRDL-FF9498DF69	盐酸丙卡特罗粉雾剂				西药	{}	73
nrdl	NRDL-ECE8B19F63	盐酸丙卡特罗吸入溶液				西药	{}	73
nrdl	NRDL-C1F5F8D107	特布他林	吸入剂			西药	{}	73
nrdl	NRDL-9B7A5A460A	盐酸左沙丁胺醇雾化吸入溶液				西药	{}	73
nrdl	NRDL-CD52443B59	异丙托溴铵	吸入剂			西药	{}	73
nrdl	NRDL-D027EFC54C	复方异丙托溴铵	吸入剂			西药	{}	73
nrdl	NRDL-FE756E1A7F	噻托溴铵	吸入剂			西药	{}	73
nrdl	NRDL-873696607E	色甘酸钠	吸入剂			西药	{}	73
nrdl	NRDL-ED4131A435	班布特罗	口服常释剂型			西药	{}	73
nrdl	NRDL-1D229B85F6	沙丁胺醇	口服常释剂型			西药	{}	73
nrdl	NRDL-35E1914F62	特布他林	口服常释剂型			西药	{}	73
nrdl	NRDL-3E8E5D532E	班布特罗	口服液体剂			西药	{}	73
nrdl	NRDL-8C019B5BA4	班布特罗	颗粒剂			西药	{}	73
nrdl	NRDL-98CAF9D1E8	丙卡特罗	口服常释剂型			西药	{}	73
nrdl	NRDL-658C133FAD	丙卡特罗	口服液体剂			西药	{}	73
nrdl	NRDL-5E296B0858	丙卡特罗	颗粒剂			西药	{}	73
nrdl	NRDL-F22E3DD69B	复方甲氧那明	口服常释剂型			西药	{}	73
nrdl	NRDL-162E77C67F	沙丁胺醇 沙丁胺醇Ⅱ	缓释控释剂型			西药	{}	73
nrdl	NRDL-3D21EB9A16	沙丁胺醇	注射剂			西药	{}	73
nrdl	NRDL-4B6F34FFC6	特布他林	注射剂			西药	{}	73
nrdl	NRDL-033CF63D2D	茚达特罗	粉雾剂	限二线用药。		西药	{}	73
nrdl	NRDL-0434A2F6F8	氨茶碱	口服常释剂型			西药	{}	73
nrdl	NRDL-8B4CE5998F	氨茶碱	缓释控释剂型			西药	{}	73
nrdl	NRDL-99743EBFD9	氨茶碱	注射剂			西药	{}	73
nrdl	NRDL-7452917453	茶碱 茶碱Ⅱ	缓释控释剂型			西药	{}	73
nrdl	NRDL-102FD73E36	多索茶碱	口服常释剂型			西药	{}	73
nrdl	NRDL-A8DB5402B9	多索茶碱	注射剂			西药	{}	73
nrdl	NRDL-20E5BCFC41	二羟丙茶碱	口服常释剂型			西药	{}	73
nrdl	NRDL-202EB76AC2	二羟丙茶碱	注射剂			西药	{}	73
nrdl	NRDL-C762DCC67D	孟鲁司特	口服常释剂型			西药	{}	74
nrdl	NRDL-57564842B2	孟鲁司特	咀嚼片			西药	{}	74
nrdl	NRDL-404EC26328	孟鲁司特	颗粒剂			西药	{}	74
nrdl	NRDL-7976C8E4B9	注射用奥马珠单抗		限：1.经吸入型糖皮质激素和长效吸入型β2-肾上腺素受体 激动剂治疗后，仍不能有效控制症状的中至重度持续性过敏 性哮喘的6岁及以上患者，并需IgE(免疫球蛋白E)介导确诊证 据；2.H1抗组胺药治疗后仍有症状的成人和青少年(12岁及以 上)慢性自发性荨麻疹患者。		西药	{}	74
nrdl	NRDL-71C79A5ABE	氨溴索	口服常释剂型			西药	{}	74
nrdl	NRDL-9CBDC24077	溴己新	口服常释剂型			西药	{}	74
nrdl	NRDL-779E84BE94	羧甲司坦	口服常释剂型			西药	{}	74
nrdl	NRDL-5530BC99E1	氨溴索	口服液体剂			西药	{}	74
nrdl	NRDL-6DB6079C76	桉柠蒎	口服常释剂型			西药	{}	74
nrdl	NRDL-EA3DFA9F5C	氨溴索	颗粒剂			西药	{}	74
nrdl	NRDL-BEEA54553B	氨溴索	注射剂			西药	{}	74
nrdl	NRDL-7EA44E6E8D	福多司坦	口服常释剂型			西药	{}	74
nrdl	NRDL-73B6728CF9	羧甲司坦	口服液体剂			西药	{}	74
nrdl	NRDL-EC17955F46	溴己新	注射剂			西药	{}	74
nrdl	NRDL-CEEF4BC357	吸入用盐酸氨溴索溶液				西药	{}	74
nrdl	NRDL-47CF7E5581	盐酸溴己新口服溶液				西药	{}	74
nrdl	NRDL-3154B28938	乙酰半胱氨酸	口服常释剂型			西药	{}	74
nrdl	NRDL-040CB02E26	乙酰半胱氨酸	颗粒剂			西药	{}	74
nrdl	NRDL-6AB0CA40F0	乙酰半胱氨酸	吸入剂			西药	{}	74
nrdl	NRDL-EFACD1AEFF	乙酰半胱氨酸	泡腾片			西药	{}	74
nrdl	NRDL-2C971392F5	福多司坦口服溶液				西药	{}	74
nrdl	NRDL-76E9F9F01B	可待因	口服常释剂型			西药	{}	74
nrdl	NRDL-6A761FF75F	喷托维林	口服常释剂型			西药	{}	74
nrdl	NRDL-72D8EEDDFB	二氧丙嗪	口服常释剂型			西药	{}	74
nrdl	NRDL-3B2D182306	右美沙芬	口服常释剂型			西药	{}	74
nrdl	NRDL-AAACE63811	右美沙芬	口服液体剂			西药	{}	74
nrdl	NRDL-6160FAA090	右美沙芬	颗粒剂			西药	{}	74
nrdl	NRDL-B6A55A9D70	右美沙芬	缓释混悬剂			西药	{}	74
nrdl	NRDL-00EC71218D	复方甘草	口服常释剂型			西药	{}	75
nrdl	NRDL-7189389FD5	复方甘草	口服液体剂			西药	{}	75
nrdl	NRDL-90040C135D	缓解感冒症状的复方OTC制剂		◇		西药	{}	75
nrdl	NRDL-782594DEAE	苯海拉明	口服常释剂型			西药	{}	75
nrdl	NRDL-001BA3CEAB	苯海拉明	注射剂			西药	{}	75
nrdl	NRDL-90B5CE360A	氯苯那敏	口服常释剂型			西药	{}	75
nrdl	NRDL-9E29204724	氯雷他定	口服常释剂型			西药	{}	75
nrdl	NRDL-C5AA15AD54	赛庚啶	口服常释剂型			西药	{}	75
nrdl	NRDL-197A12E199	异丙嗪	注射剂			西药	{}	75
nrdl	NRDL-AAEE2E4401	异丙嗪	口服常释剂型			西药	{}	75
nrdl	NRDL-568694A8EC	小儿异丙嗪	口服常释剂型			西药	{}	75
nrdl	NRDL-836E40DC82	阿伐斯汀	口服常释剂型			西药	{}	75
nrdl	NRDL-C9933F475D	贝他斯汀	口服常释剂型			西药	{}	75
nrdl	NRDL-D741C3A1DE	茶苯海明	口服常释剂型			西药	{}	75
nrdl	NRDL-F3138629C7	地氯雷他定	口服常释剂型			西药	{}	75
nrdl	NRDL-FCC8EB6989	地氯雷他定	口服液体剂			西药	{}	75
nrdl	NRDL-EFA28C2AA5	氯苯那敏	注射剂			西药	{}	75
nrdl	NRDL-7D5EBB4E19	氯雷他定	口服液体剂			西药	{}	75
nrdl	NRDL-6F8D282F38	咪唑斯汀	缓释控释剂型			西药	{}	75
nrdl	NRDL-A23D4136C3	曲普利啶	口服常释剂型			西药	{}	75
nrdl	NRDL-06E8FC2FD3	酮替芬	口服常释剂型			西药	{}	75
nrdl	NRDL-BD655274E5	酮替芬	吸入剂			西药	{}	75
nrdl	NRDL-D9278E19CE	西替利嗪	口服常释剂型			西药	{}	75
nrdl	NRDL-671334C458	西替利嗪	口服液体剂			西药	{}	75
nrdl	NRDL-59A4D4567A	依巴斯汀	口服常释剂型			西药	{}	75
nrdl	NRDL-46F31120A8	依美斯汀	缓释控释剂型	限二线用药。		西药	{}	75
nrdl	NRDL-7BD24C130C	左西替利嗪	口服常释剂型			西药	{}	75
nrdl	NRDL-78D6D89D93	左西替利嗪	口服液体剂			西药	{}	75
nrdl	NRDL-2A9A486FDB	贝美格	注射剂			西药	{}	75
nrdl	NRDL-F362DA6B94	洛贝林	注射剂			西药	{}	75
nrdl	NRDL-FED98477F7	尼可刹米	注射剂			西药	{}	75
nrdl	NRDL-9CB28895B3	多沙普仑	注射剂			西药	{}	75
nrdl	NRDL-BE0020E50F	二甲弗林	注射剂			西药	{}	75
nrdl	NRDL-9C924E9580	牛肺表面活性剂	注射剂			西药	{}	75
nrdl	NRDL-7BA03C1593	猪肺磷脂	注射剂			西药	{}	75
nrdl	NRDL-BB0F9DF600	阿昔洛韦	滴眼剂			西药	{}	76
nrdl	NRDL-CB04633F22	红霉素	眼膏剂			西药	{}	76
nrdl	NRDL-7EFC496C84	金霉素	眼膏剂			西药	{}	76
nrdl	NRDL-13AF158807	利巴韦林	滴眼剂			西药	{}	76
nrdl	NRDL-66CE2E7332	利福平	滴眼剂			西药	{}	76
nrdl	NRDL-3F41E39544	氯霉素	滴眼剂			西药	{}	76
nrdl	NRDL-5A8C00D32F	羟苄唑	滴眼剂			西药	{}	76
nrdl	NRDL-CF4A64C6E9	庆大霉素	滴眼剂			西药	{}	76
nrdl	NRDL-0AA2CB8620	左氧氟沙星	滴眼剂			西药	{}	76
nrdl	NRDL-50828761D1	氟康唑	滴眼剂			西药	{}	76
nrdl	NRDL-02E337F3FF	更昔洛韦	眼用凝胶剂			西药	{}	76
nrdl	NRDL-C69903FC36	环丙沙星	眼膏剂			西药	{}	76
nrdl	NRDL-409AE39662	环丙沙星	滴眼剂			西药	{}	76
nrdl	NRDL-DBAAD846CB	磺胺醋酰钠	滴眼剂			西药	{}	76
nrdl	NRDL-779315D9D3	林可霉素	滴眼剂			西药	{}	76
nrdl	NRDL-EA3490E9AC	那他霉素	滴眼剂			西药	{}	76
nrdl	NRDL-F58F0402ED	诺氟沙星	滴眼剂			西药	{}	76
nrdl	NRDL-91FBF41E2A	妥布霉素	眼膏剂			西药	{}	76
nrdl	NRDL-15A5904974	妥布霉素	滴眼剂			西药	{}	76
nrdl	NRDL-14BE4BF4AF	氧氟沙星	眼膏剂			西药	{}	76
nrdl	NRDL-B0541DC6BC	氧氟沙星	滴眼剂			西药	{}	76
nrdl	NRDL-CE9AED4A41	左氧氟沙星	眼用凝胶剂			西药	{}	76
nrdl	NRDL-DFFAD88A4E	加替沙星	滴眼剂			西药	{}	76
nrdl	NRDL-CAA4878B76	加替沙星	眼用凝胶剂			西药	{}	76
nrdl	NRDL-FC597D643F	莫西沙星	滴眼剂			西药	{}	76
nrdl	NRDL-A0E6571EF8	地塞米松	滴眼剂			西药	{}	76
nrdl	NRDL-1C4EED6A89	可的松	眼膏剂			西药	{}	76
nrdl	NRDL-AF5D9EB3F3	可的松	滴眼剂			西药	{}	76
nrdl	NRDL-5AD90833CD	地塞米松	植入剂			西药	{}	76
nrdl	NRDL-506DA3FBC0	氟米龙	滴眼剂			西药	{}	76
nrdl	NRDL-7297444365	泼尼松龙	滴眼剂			西药	{}	76
nrdl	NRDL-049260E05E	普拉洛芬	滴眼剂			西药	{}	76
nrdl	NRDL-AAFC9D57ED	庆大霉素氟米龙	滴眼剂			西药	{}	76
nrdl	NRDL-B70BA80B07	双氯芬酸钠	滴眼剂			西药	{}	76
nrdl	NRDL-0ECC178785	溴芬酸钠	滴眼剂	限眼部手术后炎症。		西药	{}	77
nrdl	NRDL-E855DA5962	吲哚美辛	滴眼剂			西药	{}	77
nrdl	NRDL-E9A0B5A45A	妥布霉素地塞米松	眼膏剂			西药	{}	77
nrdl	NRDL-B0AAB732B8	妥布霉素地塞米松	滴眼剂			西药	{}	77
nrdl	NRDL-F183DCD442	毛果芸香碱	滴眼剂			西药	{}	77
nrdl	NRDL-1184890D8C	毛果芸香碱	注射剂			西药	{}	77
nrdl	NRDL-33C1B37D52	噻吗洛尔	滴眼剂			西药	{}	77
nrdl	NRDL-56B34366CE	乙酰唑胺	口服常释剂型			西药	{}	77
nrdl	NRDL-C38107A3DD	贝美前列素	滴眼剂	限二线用药。		西药	{}	77
nrdl	NRDL-C5F815DC56	倍他洛尔	滴眼剂			西药	{}	77
nrdl	NRDL-759ADE1257	布林佐胺	滴眼剂			西药	{}	77
nrdl	NRDL-4C3265A321	布林佐胺噻吗洛尔滴眼液		限二线用药。		西药	{}	77
nrdl	NRDL-66E035F863	布林佐胺溴莫尼定滴眼液		限二线用药。		西药	{}	77
nrdl	NRDL-0A276648C1	醋甲唑胺	口服常释剂型			西药	{}	77
nrdl	NRDL-9C7104DC9F	卡替洛尔	滴眼剂			西药	{}	77
nrdl	NRDL-71597AB483	拉坦前列素	滴眼剂	限二线用药。		西药	{}	77
nrdl	NRDL-8772179928	毛果芸香碱	口服常释剂型			西药	{}	77
nrdl	NRDL-859999AA86	毛果芸香碱	眼用凝胶剂			西药	{}	77
nrdl	NRDL-3F655AAAFB	曲伏前列素	滴眼剂	限二线用药。		西药	{}	77
nrdl	NRDL-E265E83755	溴莫尼定	滴眼剂			西药	{}	77
nrdl	NRDL-D46E431162	左布诺洛尔	滴眼剂			西药	{}	77
nrdl	NRDL-347BE0E599	他氟前列素滴眼液				西药	{}	77
nrdl	NRDL-CBD2929B30	阿托品	眼膏剂			西药	{}	77
nrdl	NRDL-A5C2F5E300	托吡卡胺	滴眼剂			西药	{}	77
nrdl	NRDL-396770C2F0	阿托品	眼用凝胶剂			西药	{}	77
nrdl	NRDL-251C4EBD4D	复方托吡卡胺	滴眼剂			西药	{}	77
nrdl	NRDL-4B3723D8E7	奥洛他定	滴眼剂			西药	{}	77
nrdl	NRDL-9B07A9EAA0	氮䓬斯汀	滴眼剂			西药	{}	77
nrdl	NRDL-29AD88028B	色甘酸钠	滴眼剂			西药	{}	77
nrdl	NRDL-58358D626C	酮替芬	滴眼剂			西药	{}	77
nrdl	NRDL-D8A80D1B82	依美斯汀	滴眼剂			西药	{}	77
nrdl	NRDL-FA9748A4C8	吡嘧司特	滴眼剂			西药	{}	77
nrdl	NRDL-6B29A5ABCD	奥布卡因	滴眼剂			西药	{}	77
nrdl	NRDL-378787FEDD	吲哚菁绿	注射剂			西药	{}	78
nrdl	NRDL-1618F4FCCE	荧光素钠	注射剂			西药	{}	78
nrdl	NRDL-5FFFB5BFFB	玻璃酸钠	滴眼剂			西药	{}	78
nrdl	NRDL-F6A32683C0	阿柏西普眼内注射溶液		限：1.50岁以上的湿性年龄相关性黄斑变性(AMD)；2.糖尿病 性黄斑水肿(DME)引起的视力损害。 应同时符合以下条件：1.需三级医院眼科或二级及以上眼科 专科医院医师处方；2.首次处方时病眼基线矫正视力0.05- 0.5；3.事前审查后方可用，初次申请需有血管造影或OCT(全 身情况不允许的患者可以提供OCT血管成像)证据；4.每眼累 计最多支付9支，第1年度最多支付5支。阿柏西普、雷珠单抗 、康柏西普、法瑞西单抗、布西珠单抗的药品支数合并计算 。		西药	{}	78
nrdl	NRDL-B2FAFD4C9A	康柏西普眼用注射液		限:1.50岁以上的湿性年龄相关性黄斑变性(AMD)；2.糖尿病 性黄斑水肿(DME)引起的视力损害；3.脉络膜新生血管(CNV) 导致的视力损害；4.继发于视网膜静脉阻塞(RVO)(视网膜分 支静脉阻塞(BRVO)或视网膜中央静脉阻塞(CRVO)的黄斑水肿 引起的视力损伤。 应同时符合以下条件：1.需三级医院眼科或二级及以上眼科 专科医院医师处方；2.首次处方时病眼基线矫正视力0.05- 0.5；3.事前审查后方可用，初次申请需有血管造影或OCT(全 身情况不允许的患者可以提供OCT血管成像)证据；4.每眼累 计最多支付9支，第1年度最多支付5支。阿柏西普、雷珠单抗 、康柏西普、法瑞西单抗、布西珠单抗的药品支数合并计算 。		西药	{}	78
nrdl	NRDL-312B5B5259	雷珠单抗注射液		限：1.50岁以上的湿性年龄相关性黄斑变性(AMD)；2.糖尿病 性黄斑水肿(DME)引起的视力损害；3.脉络膜新生血管(CNV) 导致的视力损害；4.继发于视网膜静脉阻塞(RVO)的黄斑水肿 引起的视力损害。 应同时符合以下条件：1.需三级医院眼科或二级及以上眼科 专科医院医师处方；2.首次处方时病眼基线矫正视力0.05- 0.5；3.事前审查后方可用，初次申请需有血管造影或OCT(全 身情况不允许的患者可以提供OCT血管成像)证据；4.每眼累 计最多支付9支，第1年度最多支付5支。阿柏西普、雷珠单抗 、康柏西普、法瑞西单抗、布西珠单抗的药品支数合并计算 。		西药	{}	78
nrdl	NRDL-D3533A8640	普罗碘铵	注射剂			西药	{}	79
nrdl	NRDL-DDB9A62BCE	环孢素	滴眼剂			西药	{}	79
nrdl	NRDL-02B8CC3137	羟苯磺酸	口服常释剂型			西药	{}	79
nrdl	NRDL-935E2801F8	他克莫司	滴眼剂	限有眼睑结膜巨大乳头增殖的患者。		西药	{}	79
nrdl	NRDL-94F22D41A5	维生素A棕榈酸酯	眼用凝胶剂	限有Sjogren's综合征、神经麻痹性角膜炎、暴露性角膜炎的 患者。		西药	{}	79
nrdl	NRDL-F195D8F735	牛碱性成纤维细胞生长因子(重 组牛碱性成纤维细胞生长因子)	滴眼剂			西药	{}	79
nrdl	NRDL-955C4DF4DE	重组牛碱性成纤维细胞生长因子	眼用凝胶剂			西药	{}	79
nrdl	NRDL-E08755E0B9	人表皮生长因子(LR截短型)[人 表皮生长因子/重组人表皮生长 因子(酵母)]	滴眼剂	限有明确角膜溃疡或角膜损伤的患者。		西药	{}	79
nrdl	NRDL-95ACC39ACC	林可霉素	滴耳剂			西药	{}	79
nrdl	NRDL-DED2022225	氧氟沙星	滴耳剂			西药	{}	79
nrdl	NRDL-F3E5A811C7	洛美沙星	滴耳剂			西药	{}	79
nrdl	NRDL-1088AF2AD2	左氧氟沙星	滴耳剂			西药	{}	79
nrdl	NRDL-C1A5FF1340	环丙沙星	滴耳剂			西药	{}	79
nrdl	NRDL-D33ECE805D	肠内营养剂(SP)	口服混悬剂			西药	{}	79
nrdl	NRDL-848E08089D	肠内营养剂(TP)	口服粉剂			西药	{}	79
nrdl	NRDL-08D9B199A4	肠内营养剂(TP)	口服混悬剂			西药	{}	79
nrdl	NRDL-720D112591	肠内营养剂(TP)	口服乳剂			西药	{}	79
nrdl	NRDL-90A50A4D87	肠内营养剂(TPF)	口服混悬剂			西药	{}	79
nrdl	NRDL-52FCB9B369	肠内营养剂(TPF)	乳剂			西药	{}	79
nrdl	NRDL-E86FE7E0D9	肠内营养剂(TPF-D)	口服混悬剂			西药	{}	79
nrdl	NRDL-7F82BB9594	肠内营养剂(TPF-D)	乳剂			西药	{}	79
nrdl	NRDL-292A6F5F9B	肠内营养剂(TPF-DM)	口服混悬剂			西药	{}	79
nrdl	NRDL-AF6EFE07E1	肠内营养剂(TPF-FOS)	口服混悬剂			西药	{}	79
nrdl	NRDL-A16C6BFF0B	肠内营养剂(TPF-T)	乳剂			西药	{}	79
nrdl	NRDL-8B85257EFF	肠内营养剂(TP-HE)	乳剂			西药	{}	79
nrdl	NRDL-DCBF3400FD	肠内营养剂(TP-MCT)	口服混悬剂			西药	{}	79
nrdl	NRDL-B919E83CD9	肠内营养剂(TPSPA)	口服混悬剂			西药	{}	79
nrdl	NRDL-BC0CA34ED9	肠内营养剂Ⅱ(TP)	口服混悬剂			西药	{}	79
nrdl	NRDL-8A772CB76C	肠内营养粉(AA)	口服粉剂			西药	{}	79
nrdl	NRDL-84EA34FE18	短肽型肠内营养剂	口服粉剂			西药	{}	80
nrdl	NRDL-B073190596	整蛋白型肠内营养剂	口服粉剂			西药	{}	80
nrdl	NRDL-1E0FDB5B99	肠内营养粉(AA-PA)	口服粉剂			西药	{}	80
nrdl	NRDL-60A9CE8F67	多种微量元素 多种微量元素Ⅰ 多种微量元素Ⅱ	注射剂	限配合肠外营养用。		西药	{}	80
nrdl	NRDL-D6A28BE12F	多种微量元素注射液(Ⅲ)		限与肠外营养药物配合使用时支付，单独使用不予支付。		西药	{}	80
nrdl	NRDL-C72FBB3FE5	辅酶A	注射剂	限急救、抢救。		西药	{}	80
nrdl	NRDL-A5254CC7D0	辅酶Q10	注射剂	限急救、抢救。		西药	{}	80
nrdl	NRDL-F39EA04AE0	复方α-酮酸	口服常释剂型			西药	{}	80
nrdl	NRDL-C177A68D1D	环磷腺苷	注射剂			西药	{}	80
nrdl	NRDL-78324B83FE	葡萄糖	口服散剂			西药	{}	80
nrdl	NRDL-5E9F8DC5DD	三磷酸腺苷	注射剂	限急救、抢救。		西药	{}	80
nrdl	NRDL-72C86ABE0C	碘解磷定	注射剂			西药	{}	80
nrdl	NRDL-D7AFC057B7	二巯丙醇	注射剂			西药	{}	80
nrdl	NRDL-CFFF342AF0	二巯丙磺钠	注射剂			西药	{}	80
nrdl	NRDL-620F1A52C7	二巯丁二钠	注射剂			西药	{}	80
nrdl	NRDL-8314A73645	二巯丁二酸	口服常释剂型			西药	{}	80
nrdl	NRDL-901E51C733	氟马西尼	注射剂			西药	{}	80
nrdl	NRDL-8A60545CC9	硫代硫酸钠	注射剂			西药	{}	80
nrdl	NRDL-0EF90D21DB	氯解磷定	注射剂			西药	{}	80
nrdl	NRDL-64843A633B	纳洛酮	注射剂			西药	{}	80
nrdl	NRDL-6237127B8D	烯丙吗啡	注射剂			西药	{}	80
nrdl	NRDL-59D8EE2366	亚甲蓝	注射剂			西药	{}	80
nrdl	NRDL-97CFEEE7A5	亚硝酸钠	注射剂			西药	{}	80
nrdl	NRDL-B36EED9056	亚硝酸异戊酯	吸入剂			西药	{}	80
nrdl	NRDL-FE55BE4CB9	依地酸钙钠	注射剂			西药	{}	80
nrdl	NRDL-56715C68D4	乙酰胺	注射剂			西药	{}	80
nrdl	NRDL-9D33B8026C	鱼精蛋白	注射剂			西药	{}	80
nrdl	NRDL-CD8B6D9D55	戊乙奎醚	注射剂			西药	{}	80
nrdl	NRDL-A24E8951E6	依地酸钙钠	口服常释剂型			西药	{}	80
nrdl	NRDL-025E4AFC36	舒更葡糖钠注射液				西药	{}	80
nrdl	NRDL-9FF3705BB7	去铁胺	注射剂			西药	{}	80
nrdl	NRDL-E665F8835C	地拉罗司	口服常释剂型			西药	{}	81
nrdl	NRDL-0C8CD3C35B	司维拉姆	口服常释剂型			西药	{}	81
nrdl	NRDL-7A83A3F10F	碳酸镧	咀嚼片			西药	{}	81
nrdl	NRDL-E95C37A256	亚叶酸钙	口服常释剂型			西药	{}	81
nrdl	NRDL-64EB2B2D94	亚叶酸钙	注射剂			西药	{}	81
nrdl	NRDL-9ED5784C1F	亚叶酸钙氯化钠	注射剂			西药	{}	81
nrdl	NRDL-C793E20536	美司钠(美司那)	注射剂			西药	{}	81
nrdl	NRDL-76FB2E8A0E	右丙亚胺(右雷佐生)	注射剂	限在使用多柔比星后并有心脏损害临床证据。		西药	{}	81
nrdl	NRDL-54787EF2EE	结核菌素纯蛋白衍生物	注射剂			西药	{}	81
nrdl	NRDL-29A4E77FD6	旧结核菌素	注射剂			西药	{}	81
nrdl	NRDL-80D72BD49E	吸入用氯醋甲胆碱				西药	{}	81
nrdl	NRDL-A931545096	碘比醇	注射剂			西药	{}	81
nrdl	NRDL-8C4C1CA0AE	碘佛醇	注射剂			西药	{}	81
nrdl	NRDL-372EEB229B	碘海醇	注射剂			西药	{}	81
nrdl	NRDL-9B24E20279	碘化油	注射剂			西药	{}	81
nrdl	NRDL-4363AAB926	碘帕醇	注射剂			西药	{}	81
nrdl	NRDL-3A231DB136	碘普罗胺	注射剂			西药	{}	81
nrdl	NRDL-46C9493B97	泛影葡胺	注射剂			西药	{}	81
nrdl	NRDL-4B62D9225A	罂粟乙碘油	注射剂			西药	{}	81
nrdl	NRDL-1F2B598C44	碘克沙醇	注射剂			西药	{}	81
nrdl	NRDL-4ACEC4A3E8	碘美普尔	注射剂			西药	{}	81
nrdl	NRDL-3CA74A77E8	泛影酸钠	注射剂			西药	{}	81
nrdl	NRDL-E1AACE2590	复方泛影葡胺	注射剂			西药	{}	81
nrdl	NRDL-217EEEBFF4	硫酸钡 硫酸钡Ⅰ型 硫酸钡Ⅱ型	口服液体剂			西药	{}	81
nrdl	NRDL-BE9155F6B0	硫酸钡Ⅰ型	灌肠剂			西药	{}	81
nrdl	NRDL-9ED4469A7D	钆双胺	注射剂			西药	{}	81
nrdl	NRDL-DFB16B6C5F	钆贝葡胺	注射剂			西药	{}	81
nrdl	NRDL-C89C5E2518	钆喷酸葡胺	注射剂			西药	{}	81
nrdl	NRDL-E4DCC8EF8D	钆特酸葡胺	注射剂			中成药	{}	82
nrdl	NRDL-67C1DAD770	钆特醇注射液				中成药	{}	82
nrdl	NRDL-1CA2B50012	钆布醇注射液				中成药	{}	82
nrdl	NRDL-3F092ACC49	六氟化硫微泡	注射剂			中成药	{}	82
nrdl	NRDL-FE43F9C93B	双重造影产气	颗粒剂			中成药	{}	82
nrdl	NRDL-FE0870CC87	锝[99mTc]二巯丁二酸盐	注射剂			中成药	{}	82
nrdl	NRDL-FBD2CBD6FC	锝[99mTc]聚合白蛋白	注射剂			中成药	{}	82
nrdl	NRDL-AD7A533100	锝[99mTc]喷替酸盐	注射剂			中成药	{}	82
nrdl	NRDL-1EEF2916A7	锝[99mTc]双半胱氨酸	注射剂			中成药	{}	82
nrdl	NRDL-4FF33EB8DB	锝[99mTc]亚甲基二膦酸盐	注射剂			中成药	{}	82
nrdl	NRDL-30CF997BC5	锝[99mTc]依替菲宁	注射剂			中成药	{}	82
nrdl	NRDL-FB4A61CACF	碘[125I]密封籽源	放射密封籽源			中成药	{}	82
nrdl	NRDL-E0E0D067FF	碘[131I]化钠	口服溶液剂			中成药	{}	82
nrdl	NRDL-F6D151D61A	氯化锶[89Sr]	注射剂			中成药	{}	82
nrdl	NRDL-FDB75B3FFB	药品名称	备注		药品分类代码	中成药	{}	83
nrdl	NRDL-13C062E723	九味羌活丸(颗粒)				中成药	{}	83
nrdl	NRDL-782C661E4E	正柴胡饮颗粒				中成药	{}	83
nrdl	NRDL-BE53730505	小儿清热感冒片				中成药	{}	83
nrdl	NRDL-F4503C2587	感冒清热颗粒(片、胶囊)				中成药	{}	83
nrdl	NRDL-2352747888	感冒疏风丸(片、胶囊、颗粒)				中成药	{}	83
nrdl	NRDL-171CAB7D1E	葛根汤片(颗粒、合剂)				中成药	{}	83
nrdl	NRDL-D7C1128D97	桂枝颗粒				中成药	{}	83
nrdl	NRDL-C361C91BD1	荆防颗粒(合剂)				中成药	{}	83
nrdl	NRDL-FA0CA92A8C	九味羌活片(口服液)				中成药	{}	83
nrdl	NRDL-929426BD78	麻黄止嗽丸(胶囊)				中成药	{}	83
nrdl	NRDL-9969CD11B9	小儿至宝丸				中成药	{}	83
nrdl	NRDL-E45474F53C	正柴胡饮胶囊(合剂)				中成药	{}	83
nrdl	NRDL-433CC415A5	柴胡注射液				中成药	{}	83
nrdl	NRDL-B14DA7779F	感冒清片(胶囊)				中成药	{}	83
nrdl	NRDL-BB4367F4D8	疏风解毒胶囊				中成药	{}	83
nrdl	NRDL-13BE268B64	双黄连片(胶囊、颗粒、合剂、口服液)				中成药	{}	83
nrdl	NRDL-AADD50BA48	银翘解毒丸(片、胶囊、颗粒)				中成药	{}	83
nrdl	NRDL-EB569A7E71	小儿宝泰康颗粒				中成药	{}	83
nrdl	NRDL-5805A5BE14	芎菊上清丸(片、颗粒)				中成药	{}	83
nrdl	NRDL-0FDBCA7DC3	柴胡口服液(滴丸)				中成药	{}	83
nrdl	NRDL-0E078F7074	柴黄片(颗粒)				中成药	{}	83
nrdl	NRDL-E559A7F4EA	柴银颗粒(口服液)				中成药	{}	83
nrdl	NRDL-8A913FEE5E	儿感退热宁颗粒(口服液)				中成药	{}	83
nrdl	NRDL-86140C02DF	复方感冒灵片(胶囊、颗粒)				中成药	{}	83
nrdl	NRDL-B2D591DFC0	复方芩兰口服液				中成药	{}	83
nrdl	NRDL-BE77F9AA5F	芩香清解口服液				中成药	{}	83
nrdl	NRDL-B662E8B1C3	疏清颗粒				中成药	{}	83
nrdl	NRDL-4F5D7DA016	桑菊感冒丸(片、颗粒)				中成药	{}	83
nrdl	NRDL-C9601E6465	双黄连注射液 注射用双黄连(冻干)	限二级及以上医疗机构。			中成药	{}	84
nrdl	NRDL-634B33585F	维C银翘片(颗粒)				中成药	{}	84
nrdl	NRDL-50E8B43395	五粒回春丸				中成药	{}	84
nrdl	NRDL-678106C175	小儿感冒舒颗粒				中成药	{}	84
nrdl	NRDL-2DF5267F97	小儿感冒颗粒				中成药	{}	84
nrdl	NRDL-4C1A694E3E	小儿感冒退热糖浆				中成药	{}	84
nrdl	NRDL-AAB4CE0234	小儿热速清颗粒(口服液、糖浆)				中成药	{}	84
nrdl	NRDL-C6FC35A55A	小儿退热合剂(口服液)				中成药	{}	84
nrdl	NRDL-E7CD80EA70	小儿保安丸				中成药	{}	84
nrdl	NRDL-66AC293DBF	银翘解毒液(合剂、软胶囊)				中成药	{}	84
nrdl	NRDL-AA23F61D15	山蜡梅叶颗粒				中成药	{}	84
nrdl	NRDL-9EF8FD61AF	柴芩清宁胶囊				中成药	{}	84
nrdl	NRDL-8A2BF8E5AB	防风通圣丸(颗粒)				中成药	{}	84
nrdl	NRDL-75987398C7	小柴胡片(胶囊、颗粒)				中成药	{}	84
nrdl	NRDL-6C8F420A6F	柴石退热颗粒				中成药	{}	84
nrdl	NRDL-0913B36A5B	九味双解口服液				中成药	{}	84
nrdl	NRDL-7C4E84106E	小柴胡汤丸				中成药	{}	84
nrdl	NRDL-289CD53572	小儿柴桂退热颗粒(口服液)				中成药	{}	84
nrdl	NRDL-AF0FB72FED	小儿豉翘清热颗粒				中成药	{}	84
nrdl	NRDL-3075E3D54F	小儿双清颗粒				中成药	{}	84
nrdl	NRDL-BA7AB2392A	小儿双解止泻颗粒				中成药	{}	84
nrdl	NRDL-9443954435	玉枢散				中成药	{}	84
nrdl	NRDL-398EAA496C	玉屏风颗粒				中成药	{}	84
nrdl	NRDL-38F8B16040	表虚感冒颗粒				中成药	{}	84
nrdl	NRDL-14DBA7381F	参苏丸(片、胶囊)				中成药	{}	84
nrdl	NRDL-DEFE26E8DF	玉屏风胶囊				中成药	{}	84
nrdl	NRDL-94D21CAA38	保济丸(口服液)				中成药	{}	84
nrdl	NRDL-745FD07D8A	藿香正气水(丸、片、胶囊、颗粒、口服液、软 胶囊)				中成药	{}	84
nrdl	NRDL-7A82B6F44A	复方香薷水				中成药	{}	84
nrdl	NRDL-6885D80C3A	十滴水				中成药	{}	84
nrdl	NRDL-4A7FA6B553	甘露消毒丸				中成药	{}	84
nrdl	NRDL-A472EAD044	三仁合剂				中成药	{}	85
nrdl	NRDL-D2D4B8E010	小儿暑感宁糖浆				中成药	{}	85
nrdl	NRDL-F1E631AD00	避瘟散				中成药	{}	85
nrdl	NRDL-A4D8855A89	六合定中丸				中成药	{}	85
nrdl	NRDL-F94485CAAC	紫金锭(散)				中成药	{}	85
nrdl	NRDL-8DC38A3A7A	三黄片(胶囊)				中成药	{}	85
nrdl	NRDL-ECB9840877	大黄通便片(胶囊、颗粒)				中成药	{}	85
nrdl	NRDL-21C9E0E726	降脂通便胶囊				中成药	{}	85
nrdl	NRDL-5F4B996801	三黄膏(丸)				中成药	{}	85
nrdl	NRDL-5A1B50AD80	通便灵胶囊				中成药	{}	85
nrdl	NRDL-60CB9DB3A6	通便宁片				中成药	{}	85
nrdl	NRDL-1B2EEE1DF7	新复方芦荟胶囊				中成药	{}	85
nrdl	NRDL-5BFEB9E5CD	麻仁润肠丸(软胶囊)				中成药	{}	85
nrdl	NRDL-1E50C5F147	蓖麻油				中成药	{}	85
nrdl	NRDL-3DA6091B92	便通片(胶囊)				中成药	{}	85
nrdl	NRDL-6A2A3E0636	苁蓉通便口服液				中成药	{}	85
nrdl	NRDL-EF29F0C8E5	麻仁丸(胶囊、软胶囊)				中成药	{}	85
nrdl	NRDL-13DB54D610	麻仁滋脾丸				中成药	{}	85
nrdl	NRDL-9FF5C9D0D1	芪蓉润肠口服液				中成药	{}	85
nrdl	NRDL-1C7BEF5F77	养阴通秘胶囊				中成药	{}	85
nrdl	NRDL-4786107FC5	益气通便颗粒				中成药	{}	85
nrdl	NRDL-EECE279A8E	厚朴排气合剂				中成药	{}	85
nrdl	NRDL-BEEDAE2C2F	黄连上清丸(片、胶囊、颗粒)				中成药	{}	85
nrdl	NRDL-F647DB403F	牛黄解毒丸(片、胶囊、软胶囊)				中成药	{}	85
nrdl	NRDL-9034F794F8	牛黄上清丸(片、胶囊)				中成药	{}	85
nrdl	NRDL-9FD4921C5E	当归龙荟丸(片、胶囊)				中成药	{}	85
nrdl	NRDL-7014431D74	牛黄清火丸				中成药	{}	85
nrdl	NRDL-AEE433EB37	牛黄清胃丸				中成药	{}	85
nrdl	NRDL-58605E2860	牛黄至宝丸				中成药	{}	85
nrdl	NRDL-7C82D1E53E	清宁丸				中成药	{}	85
nrdl	NRDL-B0BCBEC010	清胃止痛微丸				中成药	{}	85
nrdl	NRDL-B389675F49	上清丸(片、胶囊)				中成药	{}	86
nrdl	NRDL-FDD2C9E1E4	熊胆舒肝利胆胶囊				中成药	{}	86
nrdl	NRDL-6581E0B398	小儿导赤片				中成药	{}	86
nrdl	NRDL-0215AF638F	一清片(胶囊、颗粒)				中成药	{}	86
nrdl	NRDL-94F6C902CD	黄栀花口服液				中成药	{}	86
nrdl	NRDL-7E78CC4DDF	板蓝根颗粒				中成药	{}	86
nrdl	NRDL-D5FB9B2E88	穿心莲片(胶囊)				中成药	{}	86
nrdl	NRDL-A5C7329777	清开灵片(胶囊、颗粒、软胶囊)				中成药	{}	86
nrdl	NRDL-EB9AF9418F	清开灵注射液	限二级及以上医疗机构。			中成药	{}	86
nrdl	NRDL-39F613D5FD	清热解毒片(胶囊、颗粒)				中成药	{}	86
nrdl	NRDL-2674683D5A	小儿化毒散(胶囊)				中成药	{}	86
nrdl	NRDL-2A3A4DA1D6	金叶败毒颗粒				中成药	{}	86
nrdl	NRDL-59BE207273	新癀片				中成药	{}	86
nrdl	NRDL-6E99D15746	新清宁片				中成药	{}	86
nrdl	NRDL-4401F6ACB5	板蓝根片(口服液)				中成药	{}	86
nrdl	NRDL-A0F63B3332	穿心莲内酯胶囊(滴丸)				中成药	{}	86
nrdl	NRDL-6F9D1351BA	胆木浸膏片(糖浆)				中成药	{}	86
nrdl	NRDL-C939B7AB97	冬凌草片(胶囊)				中成药	{}	86
nrdl	NRDL-481FAF5F8C	复方板蓝根颗粒				中成药	{}	86
nrdl	NRDL-F3FA9F73CE	复方双花片(颗粒、口服液)				中成药	{}	86
nrdl	NRDL-A82295DF77	复方银花解毒颗粒				中成药	{}	86
nrdl	NRDL-7FEA34FAA8	桂黄清热颗粒				中成药	{}	86
nrdl	NRDL-7B0262BBA3	桂林西瓜霜				中成药	{}	86
nrdl	NRDL-6EA49B1097	健儿清解液				中成药	{}	86
nrdl	NRDL-CFDD2F2DFF	解毒活血栓				中成药	{}	86
nrdl	NRDL-75A2A2A7B6	金莲花片(胶囊、颗粒、口服液、软胶囊)				中成药	{}	86
nrdl	NRDL-76C21F88E0	金莲清热胶囊(颗粒)				中成药	{}	86
nrdl	NRDL-2ACE517F74	抗病毒胶囊(颗粒、口服液)				中成药	{}	86
nrdl	NRDL-4848422D05	四季抗病毒合剂				中成药	{}	86
nrdl	NRDL-49D24EC01B	抗骨髓炎片				中成药	{}	86
nrdl	NRDL-9851A4CC5B	蓝芩颗粒				中成药	{}	86
nrdl	NRDL-DF21E44CCA	六味丁香片				中成药	{}	86
nrdl	NRDL-7E6596F011	千喜胶囊				中成药	{}	86
nrdl	NRDL-99CBA60869	清热解毒口服液				中成药	{}	86
nrdl	NRDL-4CABF7726B	清热散结片(胶囊)				中成药	{}	86
nrdl	NRDL-69E165465E	清瘟解毒丸(片)				中成药	{}	86
nrdl	NRDL-C769DED77E	热毒宁注射液	限二级及以上医疗机构。			中成药	{}	86
nrdl	NRDL-CFC106D685	热炎宁合剂				中成药	{}	87
nrdl	NRDL-45EAE3E790	万应胶囊				中成药	{}	87
nrdl	NRDL-383551D610	喜炎平注射液	限二级及以上医疗机构。			中成药	{}	87
nrdl	NRDL-3989E88271	夏枯草膏(片、胶囊、颗粒、口服液)				中成药	{}	87
nrdl	NRDL-41908F4E59	新清宁胶囊				中成药	{}	87
nrdl	NRDL-D3096DDD55	炎宁糖浆				中成药	{}	87
nrdl	NRDL-4B9E65E603	银蒲解毒片				中成药	{}	87
nrdl	NRDL-4C073CC2F8	玉叶解毒颗粒				中成药	{}	87
nrdl	NRDL-D11A315FFC	肿节风片(胶囊、颗粒)				中成药	{}	87
nrdl	NRDL-7F945D0E7D	肿节风注射液	限二级及以上医疗机构			中成药	{}	87
nrdl	NRDL-F5F4A742B9	蛇伤解毒片				中成药	{}	87
nrdl	NRDL-67FE215E18	重楼解毒酊				中成药	{}	87
nrdl	NRDL-B793AE2C2D	小儿清热宁颗粒				中成药	{}	87
nrdl	NRDL-D36BE1662A	连花清瘟片(胶囊、颗粒)				中成药	{}	87
nrdl	NRDL-6BB8373198	银黄片(胶囊、颗粒)				中成药	{}	87
nrdl	NRDL-A2AD7480CB	黛蛤散				中成药	{}	87
nrdl	NRDL-1EB38632C5	清肺抑火丸(片、胶囊)				中成药	{}	87
nrdl	NRDL-E8F8C791AA	痰热清注射液	限二级及以上医疗机构。			中成药	{}	87
nrdl	NRDL-612B613101	小儿清热利肺口服液				中成药	{}	87
nrdl	NRDL-6B5591F24D	儿童清肺口服液				中成药	{}	87
nrdl	NRDL-1D0B7357EF	银黄丸(口服液)				中成药	{}	87
nrdl	NRDL-6B7CAD0BC4	鱼腥草注射液	限二级及以上医疗机构。			中成药	{}	87
nrdl	NRDL-45EB9976DF	护肝片(胶囊、颗粒)				中成药	{}	87
nrdl	NRDL-803B945F50	益肝灵片(胶囊)				中成药	{}	87
nrdl	NRDL-A456B793AC	五灵胶囊				中成药	{}	87
nrdl	NRDL-E9958D07A5	安络化纤丸	限有乙肝导致肝硬化的明确诊断证据。			中成药	{}	87
nrdl	NRDL-2D26FDA395	复方益肝灵片(胶囊)				中成药	{}	87
nrdl	NRDL-94EBFC03D7	肝爽颗粒				中成药	{}	87
nrdl	NRDL-F6714731A0	肝苏片(胶囊、颗粒)				中成药	{}	87
nrdl	NRDL-87F61D5A5B	护肝宁丸(片、胶囊)				中成药	{}	87
nrdl	NRDL-3989EC93B7	护肝丸				中成药	{}	87
nrdl	NRDL-195A91B6A6	利肝隆片(胶囊、颗粒)				中成药	{}	87
nrdl	NRDL-E3F610C34D	双虎清肝颗粒				中成药	{}	87
nrdl	NRDL-DF868B36B2	五酯丸(片、胶囊、颗粒)				中成药	{}	87
nrdl	NRDL-24897CF302	乙肝健片				中成药	{}	87
nrdl	NRDL-D5C4AC8BC8	乙肝清热解毒片(胶囊、颗粒)				中成药	{}	88
nrdl	NRDL-2C3C88A961	茵莲清肝颗粒(合剂)				中成药	{}	88
nrdl	NRDL-490A9D3A80	健肝乐颗粒				中成药	{}	88
nrdl	NRDL-EF58FED10E	猪苓多糖胶囊				中成药	{}	88
nrdl	NRDL-D22E008E04	龙胆泻肝丸(片、胶囊、颗粒)				中成药	{}	88
nrdl	NRDL-E26359AE16	茵栀黄颗粒(口服液)				中成药	{}	88
nrdl	NRDL-9A8BCFC69E	茵栀黄注射液	限二级及以上医疗机构。			中成药	{}	88
nrdl	NRDL-E75E368512	八宝丹、八宝丹胶囊				中成药	{}	88
nrdl	NRDL-4E3187D8EA	参芪肝康片(胶囊)				中成药	{}	88
nrdl	NRDL-A6F1BACE23	垂盆草片(颗粒)				中成药	{}	88
nrdl	NRDL-61B706D7CE	大黄利胆片(胶囊)				中成药	{}	88
nrdl	NRDL-3CDCA7F546	胆胃康胶囊				中成药	{}	88
nrdl	NRDL-80B808E56E	当飞利肝宁片(胶囊)				中成药	{}	88
nrdl	NRDL-09658C8681	肝泰舒胶囊				中成药	{}	88
nrdl	NRDL-CCC0ADDCA4	鸡骨草胶囊				中成药	{}	88
nrdl	NRDL-5D89B4C0D0	金黄利胆胶囊				中成药	{}	88
nrdl	NRDL-4C69B41AAF	苦黄颗粒				中成药	{}	88
nrdl	NRDL-22B373591A	苦黄注射液	限二级及以上医疗机构。			中成药	{}	88
nrdl	NRDL-2975AC88A9	利胆片				中成药	{}	88
nrdl	NRDL-910D599C6A	利胆止痛胶囊				中成药	{}	88
nrdl	NRDL-C571073D55	舒胆片(胶囊)				中成药	{}	88
nrdl	NRDL-95044BD7DC	舒肝宁注射液	限肝炎患者。			中成药	{}	88
nrdl	NRDL-B22DDCEDC8	胰胆舒胶囊(颗粒)				中成药	{}	88
nrdl	NRDL-272C2306A2	乙肝宁片(颗粒)				中成药	{}	88
nrdl	NRDL-738B87CD61	茵陈五苓丸				中成药	{}	88
nrdl	NRDL-316AA416D0	茵芪肝复颗粒				中成药	{}	88
nrdl	NRDL-2C76E4E440	茵栀黄片(胶囊)				中成药	{}	88
nrdl	NRDL-8F1D9E9395	茵陈退黄胶囊				中成药	{}	88
nrdl	NRDL-AE62FCA448	小儿泻速停颗粒				中成药	{}	88
nrdl	NRDL-781B3840F7	复方黄连素片				中成药	{}	88
nrdl	NRDL-17071A6CD6	香连丸(片、胶囊)				中成药	{}	88
nrdl	NRDL-437B8DB194	克痢痧胶囊				中成药	{}	88
nrdl	NRDL-FB33ED2FEF	苍苓止泻口服液				中成药	{}	88
nrdl	NRDL-C11EB444A8	肠胃舒胶囊				中成药	{}	88
nrdl	NRDL-3E65FFE8C7	肠炎宁片(颗粒)				中成药	{}	88
nrdl	NRDL-EC7D9C878F	达立通颗粒				中成药	{}	88
nrdl	NRDL-E3C1D84445	儿泻停颗粒				中成药	{}	89
nrdl	NRDL-412607E769	枫蓼肠胃康片(胶囊、颗粒、合剂)				中成药	{}	89
nrdl	NRDL-6C82CCFE2F	葛根芩连丸(片、胶囊、颗粒、口服液)				中成药	{}	89
nrdl	NRDL-0AEEF896D6	黄厚止泻滴丸				中成药	{}	89
nrdl	NRDL-4AE505268E	六味香连胶囊				中成药	{}	89
nrdl	NRDL-13F823012C	双苓止泻口服液				中成药	{}	89
nrdl	NRDL-8822C5298B	五味苦参肠溶胶囊				中成药	{}	89
nrdl	NRDL-A66252A815	香连化滞丸(片)				中成药	{}	89
nrdl	NRDL-564BCC3003	小儿肠胃康颗粒				中成药	{}	89
nrdl	NRDL-F73BABE440	泻停胶囊				中成药	{}	89
nrdl	NRDL-4981CACAE5	虎地肠溶胶囊				中成药	{}	89
nrdl	NRDL-E158FE6CF0	连番止泻胶囊				中成药	{}	89
nrdl	NRDL-D7D664DBC1	新雪片(胶囊、颗粒)				中成药	{}	89
nrdl	NRDL-085714DCC1	小儿珠珀散(珠珀猴枣散)				中成药	{}	89
nrdl	NRDL-2BD2CC243E	抱龙丸				中成药	{}	89
nrdl	NRDL-1ABCEF379F	清热定惊散				中成药	{}	89
nrdl	NRDL-EBFD822484	附子理中丸(片)				中成药	{}	89
nrdl	NRDL-FF68EE2451	理中丸				中成药	{}	89
nrdl	NRDL-01C99B379C	海桂胶囊				中成药	{}	89
nrdl	NRDL-BFCE0C6341	儿泻康贴膜				中成药	{}	89
nrdl	NRDL-97CA5AFF1F	复方胃痛胶囊				中成药	{}	89
nrdl	NRDL-1CA26B97C4	桂附理中丸				中成药	{}	89
nrdl	NRDL-F6CE47E09A	黄芪建中丸				中成药	{}	89
nrdl	NRDL-5A7CBB84C2	理中片				中成药	{}	89
nrdl	NRDL-207519E577	良附丸(滴丸)				中成药	{}	89
nrdl	NRDL-B7F1503373	温胃舒片(胶囊、颗粒)				中成药	{}	89
nrdl	NRDL-B082341DAF	乌梅丸				中成药	{}	89
nrdl	NRDL-CA08397A99	小儿腹泻贴				中成药	{}	89
nrdl	NRDL-04FDCAB863	小建中片(胶囊、颗粒)				中成药	{}	89
nrdl	NRDL-663DEFF450	虚寒胃痛颗粒				中成药	{}	89
nrdl	NRDL-3984811511	纯阳正气丸				中成药	{}	89
nrdl	NRDL-F1DC1DA328	济生橘核丸				中成药	{}	89
nrdl	NRDL-F2D782862B	香砂养胃丸(片、胶囊、颗粒)				中成药	{}	89
nrdl	NRDL-DAD8C53E88	香砂平胃丸(散、颗粒)				中成药	{}	89
nrdl	NRDL-6A87BC00BD	香砂理中丸				中成药	{}	90
nrdl	NRDL-7F991CE4BE	香砂养胃软胶囊				中成药	{}	90
nrdl	NRDL-502B275BB5	参附注射液	限二级及以上医疗机构。			中成药	{}	90
nrdl	NRDL-05D7ADB188	四逆汤				中成药	{}	90
nrdl	NRDL-E7B792FA80	四逆散(颗粒)				中成药	{}	90
nrdl	NRDL-EF73CF4444	通宣理肺丸(片、胶囊、颗粒)				中成药	{}	90
nrdl	NRDL-0298965B61	小青龙胶囊(颗粒)				中成药	{}	90
nrdl	NRDL-640D561717	保宁半夏颗粒				中成药	{}	90
nrdl	NRDL-88772E839C	二陈丸				中成药	{}	90
nrdl	NRDL-A32256CC03	橘红痰咳颗粒(煎膏、液)				中成药	{}	90
nrdl	NRDL-7D07C018E5	通宣理肺口服液				中成药	{}	90
nrdl	NRDL-FBBEE782BC	杏苏止咳颗粒(糖浆、口服液)				中成药	{}	90
nrdl	NRDL-9EF930D444	镇咳宁胶囊(颗粒、口服液、糖浆)				中成药	{}	90
nrdl	NRDL-FA6819D951	白百抗痨颗粒				中成药	{}	90
nrdl	NRDL-FDD2BC12B2	利肺片				中成药	{}	90
nrdl	NRDL-32AE489CB0	杏贝止咳颗粒				中成药	{}	90
nrdl	NRDL-ECA492F80C	祛痰止咳颗粒				中成药	{}	90
nrdl	NRDL-23A175C8FF	蛇胆陈皮散(片、胶囊)				中成药	{}	90
nrdl	NRDL-50AA158BC1	消咳喘片(胶囊、颗粒)				中成药	{}	90
nrdl	NRDL-02E481DC88	强力枇杷膏(蜜炼)				中成药	{}	90
nrdl	NRDL-EF136681B7	强力枇杷露(胶囊、颗粒)				中成药	{}	90
nrdl	NRDL-B04E1D5C52	金荞麦片(胶囊)				中成药	{}	90
nrdl	NRDL-2F1E854788	克咳片(胶囊)				中成药	{}	90
nrdl	NRDL-576037E080	祛痰灵口服液				中成药	{}	90
nrdl	NRDL-2A0105BA8C	祛痰止咳胶囊				中成药	{}	90
nrdl	NRDL-C6C5850766	蛇胆陈皮液(口服液)				中成药	{}	90
nrdl	NRDL-BF81B4C533	消咳喘糖浆				中成药	{}	90
nrdl	NRDL-B9CFD2E455	宣肺止嗽合剂				中成药	{}	90
nrdl	NRDL-6E537214C2	止咳丸(片、胶囊)				中成药	{}	90
nrdl	NRDL-1488246DE0	治咳川贝枇杷露(滴丸)				中成药	{}	90
nrdl	NRDL-871B55D5A6	标准桃金娘油肠溶胶囊				中成药	{}	90
nrdl	NRDL-7742C63773	小儿咳喘颗粒				中成药	{}	90
nrdl	NRDL-D7B0B56336	清宣止咳颗粒				中成药	{}	91
nrdl	NRDL-90A4A81BD9	急支颗粒				中成药	{}	91
nrdl	NRDL-AF948E9A8D	急支糖浆				中成药	{}	91
nrdl	NRDL-29716C8DA9	苏黄止咳胶囊				中成药	{}	91
nrdl	NRDL-29B56575B4	小儿宣肺止咳颗粒				中成药	{}	91
nrdl	NRDL-452B24BEDD	连花清咳片				中成药	{}	91
nrdl	NRDL-A496AF55A9	肺力咳胶囊(合剂)				中成药	{}	91
nrdl	NRDL-A310E92E97	橘红丸(片、胶囊、颗粒)				中成药	{}	91
nrdl	NRDL-0078445B9E	蛇胆川贝液				中成药	{}	91
nrdl	NRDL-A96EF85AC0	矽肺宁片				中成药	{}	91
nrdl	NRDL-1F2E39002B	百蕊颗粒				中成药	{}	91
nrdl	NRDL-EC3A07E8A8	川贝枇杷膏(片、胶囊、颗粒、糖浆)				中成药	{}	91
nrdl	NRDL-F00409C970	复方鲜竹沥液				中成药	{}	91
nrdl	NRDL-B343EB50F7	金振口服液				中成药	{}	91
nrdl	NRDL-8F25AEA8B3	牛黄蛇胆川贝液(片、胶囊、散、滴丸)				中成药	{}	91
nrdl	NRDL-ABCDFE1EAC	枇杷止咳胶囊(颗粒、软胶囊)				中成药	{}	91
nrdl	NRDL-6F8EB425C1	芩暴红止咳颗粒(口服液)				中成药	{}	91
nrdl	NRDL-D5A91956CF	清肺消炎丸				中成药	{}	91
nrdl	NRDL-45B3ABD647	清气化痰丸				中成药	{}	91
nrdl	NRDL-BF04096230	蛇胆川贝枇杷膏				中成药	{}	91
nrdl	NRDL-82D9BE1B64	蛇胆川贝散(胶囊、软胶囊)				中成药	{}	91
nrdl	NRDL-96B1096BED	石椒草咳喘颗粒				中成药	{}	91
nrdl	NRDL-7959E75069	小儿肺热清颗粒				中成药	{}	91
nrdl	NRDL-2C184F293E	小儿咳喘灵颗粒(口服液、合剂)				中成药	{}	91
nrdl	NRDL-15835CF797	止咳橘红丸(胶囊、颗粒)				中成药	{}	91
nrdl	NRDL-CEE7521645	小儿咳嗽宁糖浆				中成药	{}	91
nrdl	NRDL-A0DEB99058	小儿清热宣肺贴膏				中成药	{}	91
nrdl	NRDL-1E63052830	麻芩消咳颗粒				中成药	{}	91
nrdl	NRDL-4F684445D7	射麻口服液				中成药	{}	91
nrdl	NRDL-5571C984DB	清咳平喘颗粒				中成药	{}	91
nrdl	NRDL-862BCB69AF	小儿肺热咳喘颗粒(口服液)				中成药	{}	91
nrdl	NRDL-51DF40A52C	小儿热咳口服液				中成药	{}	91
nrdl	NRDL-6CABFEAA5E	止嗽化痰丸(胶囊、颗粒)				中成药	{}	91
nrdl	NRDL-AF7B7A7445	麻杏宣肺颗粒				中成药	{}	91
nrdl	NRDL-96FF7E9AD5	小儿麻甘颗粒				中成药	{}	92
nrdl	NRDL-27F0A0AF7C	小儿金丹(小儿金丹片)				中成药	{}	92
nrdl	NRDL-CE9983276D	二母宁嗽丸(片、颗粒)				中成药	{}	92
nrdl	NRDL-A2E1012AEC	养阴清肺丸(膏、颗粒、口服液、糖浆)				中成药	{}	92
nrdl	NRDL-E54D169C32	润肺膏				中成药	{}	92
nrdl	NRDL-194E972D6A	蜜炼川贝枇杷膏				中成药	{}	92
nrdl	NRDL-3DDB541B16	小儿清热止咳口服液(合剂、糖浆)				中成药	{}	92
nrdl	NRDL-D0C69F8AF6	桂龙咳喘宁片(胶囊)				中成药	{}	92
nrdl	NRDL-D96FA883A4	蛤蚧定喘丸				中成药	{}	92
nrdl	NRDL-CA2F2EBF4B	海珠喘息定片				中成药	{}	92
nrdl	NRDL-324C892F52	喘可治注射液	限二级及以上医疗机构的支气管炎哮喘患者。			中成药	{}	92
nrdl	NRDL-F3C6B41DD0	丹葶肺心颗粒				中成药	{}	92
nrdl	NRDL-54BE1A521D	定喘膏				中成药	{}	92
nrdl	NRDL-50859ACA3E	复方川贝精片(胶囊)				中成药	{}	92
nrdl	NRDL-391CD6108A	固本咳喘片(胶囊、颗粒)				中成药	{}	92
nrdl	NRDL-14BB2D9B54	固肾定喘丸				中成药	{}	92
nrdl	NRDL-3241A6C585	桂龙咳喘宁颗粒				中成药	{}	92
nrdl	NRDL-8644731E93	蛤蚧定喘胶囊				中成药	{}	92
nrdl	NRDL-4FEC50B8A7	黑锡丹				中成药	{}	92
nrdl	NRDL-A4701B3F74	咳喘宁、咳喘宁片(胶囊、颗粒、合剂、口服液)				中成药	{}	92
nrdl	NRDL-55837BC8AA	咳喘顺丸				中成药	{}	92
nrdl	NRDL-9CB0DCFEE1	苓桂咳喘宁胶囊				中成药	{}	92
nrdl	NRDL-14BCE58513	三拗片				中成药	{}	92
nrdl	NRDL-531E1876D5	苏子降气丸				中成药	{}	92
nrdl	NRDL-E9F96A0018	小儿定喘口服液				中成药	{}	92
nrdl	NRDL-9D02B7C3BD	小儿肺咳颗粒				中成药	{}	92
nrdl	NRDL-9C3646A8EA	哮喘丸				中成药	{}	92
nrdl	NRDL-E3E75611B2	止喘灵口服液				中成药	{}	92
nrdl	NRDL-4023BB519A	止喘灵注射液	限二级及以上医疗机构。			中成药	{}	92
nrdl	NRDL-924E386062	丹龙口服液				中成药	{}	92
nrdl	NRDL-1AE3815B6C	小儿消积止咳口服液				中成药	{}	92
nrdl	NRDL-45091E82CE	小儿消积止咳颗粒				中成药	{}	92
nrdl	NRDL-5E481814F0	安宫牛黄丸	限急诊或住院患者。			中成药	{}	93
nrdl	NRDL-64B7DC2AA2	紫雪、紫雪胶囊（散、颗粒）	限高热惊厥急救、抢救时使用。			中成药	{}	93
nrdl	NRDL-3053FEE4DE	安脑丸(片)				中成药	{}	93
nrdl	NRDL-E88E4D2AE9	瓜霜退热灵胶囊				中成药	{}	93
nrdl	NRDL-02D8DB3C0F	局方至宝丸	限高热惊厥急救、抢救时使用。			中成药	{}	93
nrdl	NRDL-1F87209AB1	速效牛黄丸				中成药	{}	93
nrdl	NRDL-1D26C6395D	万氏牛黄清心丸(片)				中成药	{}	93
nrdl	NRDL-63F7224F46	牛黄清心丸				中成药	{}	93
nrdl	NRDL-9FF820974E	牛黄清心丸(局方)				中成药	{}	93
nrdl	NRDL-B1313C01C3	醒脑静注射液	限二级及以上医疗机构并有中风昏迷、脑外伤昏迷或酒精中 毒昏迷的患者。			中成药	{}	93
nrdl	NRDL-CCD3605A00	珍黄安宫片				中成药	{}	93
nrdl	NRDL-87E2FDA990	礞石滚痰丸				中成药	{}	93
nrdl	NRDL-0B06ADCF01	苏合香丸				中成药	{}	93
nrdl	NRDL-0BF2177957	礞石滚痰片				中成药	{}	93
nrdl	NRDL-AACF3DBED6	痫愈胶囊				中成药	{}	93
nrdl	NRDL-843CEC7AFB	金锁固精丸				中成药	{}	93
nrdl	NRDL-D2A96BC03C	参倍固肠胶囊				中成药	{}	93
nrdl	NRDL-1C8BCC7C79	固本益肠片(胶囊)				中成药	{}	93
nrdl	NRDL-D2370355AC	固肠止泻丸(胶囊)				中成药	{}	93
nrdl	NRDL-EBE6E21B68	秋泻灵颗粒				中成药	{}	93
nrdl	NRDL-2321C7413C	涩肠止泻散				中成药	{}	93
nrdl	NRDL-929947E2F3	痛泻宁颗粒				中成药	{}	93
nrdl	NRDL-9296D35338	小儿腹泻散				中成药	{}	93
nrdl	NRDL-2F85D84EBD	肉蔻四神丸				中成药	{}	93
nrdl	NRDL-C6079EA55D	小儿广朴止泻口服液				中成药	{}	93
nrdl	NRDL-A54DF72973	缓痛止泻软胶囊				中成药	{}	93
nrdl	NRDL-55122DFE90	缩泉丸(胶囊)				中成药	{}	93
nrdl	NRDL-8E72131124	补中益气丸(颗粒)				中成药	{}	93
nrdl	NRDL-F8E5A976A0	参苓白术丸(散、颗粒)				中成药	{}	94
nrdl	NRDL-A95EB508D2	补中益气片(合剂、口服液)				中成药	{}	94
nrdl	NRDL-32DD7D94E7	参苓白术片(胶囊)				中成药	{}	94
nrdl	NRDL-FB0A0B8F95	参芪十一味颗粒				中成药	{}	94
nrdl	NRDL-B91C967F92	刺五加片(胶囊、颗粒)				中成药	{}	94
nrdl	NRDL-71E697B092	刺五加注射液	限二级及以上医疗机构。			中成药	{}	94
nrdl	NRDL-C23293AA7D	黄芪片(颗粒)				中成药	{}	94
nrdl	NRDL-37AEE91886	十一味参芪片(胶囊)				中成药	{}	94
nrdl	NRDL-741235C1C4	四君子丸(颗粒)				中成药	{}	94
nrdl	NRDL-269F3E19B2	潞党参口服液				中成药	{}	94
nrdl	NRDL-6D7798F4AF	香砂六君丸				中成药	{}	94
nrdl	NRDL-2FCCCBEE16	安胃疡胶囊				中成药	{}	94
nrdl	NRDL-9C5CB127B1	健脾生血片(颗粒)				中成药	{}	94
nrdl	NRDL-DB2315D099	宝儿康散				中成药	{}	94
nrdl	NRDL-91BD37A1C4	补脾益肠丸				中成药	{}	94
nrdl	NRDL-9AED69DB7C	儿脾醒颗粒				中成药	{}	94
nrdl	NRDL-33E70B8965	甘海胃康胶囊				中成药	{}	94
nrdl	NRDL-3F6FFEF4A9	健儿消食合剂(口服液)				中成药	{}	94
nrdl	NRDL-7D26C32A22	健脾丸				中成药	{}	94
nrdl	NRDL-2E1C629D69	健脾止泻宁颗粒				中成药	{}	94
nrdl	NRDL-0264FC49E2	六君子丸				中成药	{}	94
nrdl	NRDL-CED331FC8F	启脾丸(口服液)				中成药	{}	94
nrdl	NRDL-D1AC7D672A	人参健脾丸(片)				中成药	{}	94
nrdl	NRDL-4A87E042C8	胃复春片(胶囊)				中成药	{}	94
nrdl	NRDL-9E80AEB733	醒脾养儿颗粒				中成药	{}	94
nrdl	NRDL-19C96C7876	醒脾胶囊				中成药	{}	94
nrdl	NRDL-237B966D78	延参健胃胶囊				中成药	{}	94
nrdl	NRDL-62E896EF0E	养胃片(颗粒)				中成药	{}	94
nrdl	NRDL-E2CCE789A3	养胃舒胶囊(片、颗粒、软胶囊)				中成药	{}	94
nrdl	NRDL-66BA3F1F48	益气和胃胶囊				中成药	{}	94
nrdl	NRDL-A245855300	半夏和胃颗粒				中成药	{}	94
nrdl	NRDL-5AE3407E1F	小儿腹泻宁				中成药	{}	94
nrdl	NRDL-9941BF13D6	小儿厌食颗粒				中成药	{}	94
nrdl	NRDL-97FD3A1A9B	八珍丸(片、胶囊、颗粒)				中成药	{}	94
nrdl	NRDL-B32E299271	归脾丸(合剂)				中成药	{}	94
nrdl	NRDL-F0E128D9B9	养阴生血合剂				中成药	{}	94
nrdl	NRDL-50339EC243	益血生片(胶囊)				中成药	{}	95
nrdl	NRDL-4E3184A64C	当归补血丸(胶囊、颗粒、口服液)				中成药	{}	95
nrdl	NRDL-754ED2D455	地榆升白片(胶囊)				中成药	{}	95
nrdl	NRDL-4DE6BCA0A3	复方阿胶浆				中成药	{}	95
nrdl	NRDL-D738D2CD38	归脾片(胶囊、颗粒)				中成药	{}	95
nrdl	NRDL-319AE4DAF9	升血小板胶囊				中成药	{}	95
nrdl	NRDL-44BD2B270D	生血宁片				中成药	{}	95
nrdl	NRDL-E2CE55196E	四物片(胶囊、颗粒)				中成药	{}	95
nrdl	NRDL-2C3AC0510B	通脉养心丸				中成药	{}	95
nrdl	NRDL-132F673BF7	维血宁颗粒(合剂)				中成药	{}	95
nrdl	NRDL-909BC2AA98	小儿生血糖浆				中成药	{}	95
nrdl	NRDL-083009CF24	益气维血片(胶囊、颗粒)				中成药	{}	95
nrdl	NRDL-0D704B5686	再造生血片(胶囊)				中成药	{}	95
nrdl	NRDL-3A9ED66351	六味地黄丸				中成药	{}	95
nrdl	NRDL-9B22945F78	知柏地黄丸				中成药	{}	95
nrdl	NRDL-ED39422A01	补肾固齿丸				中成药	{}	95
nrdl	NRDL-7C01D4CB83	苁蓉益肾颗粒				中成药	{}	95
nrdl	NRDL-7BE345E2BC	大补阴丸				中成药	{}	95
nrdl	NRDL-1BB3C6F312	六味地黄片(胶囊、颗粒、口服液)				中成药	{}	95
nrdl	NRDL-559160FF85	麦味地黄丸(片、胶囊、口服液)				中成药	{}	95
nrdl	NRDL-0F043A2D43	知柏地黄片(胶囊、颗粒)				中成药	{}	95
nrdl	NRDL-BBBE19F386	左归丸				中成药	{}	95
nrdl	NRDL-98F803DBCF	青蒿鳖甲片				中成药	{}	95
nrdl	NRDL-AD29C7CDF7	滋心阴胶囊(颗粒、口服液)				中成药	{}	95
nrdl	NRDL-B9E6D9B2C8	百合固金丸(片、颗粒、口服液)				中成药	{}	95
nrdl	NRDL-71BD336118	补肺活血胶囊				中成药	{}	95
nrdl	NRDL-B862BE5E02	结核丸				中成药	{}	95
nrdl	NRDL-067114A4BE	杞菊地黄丸(片、胶囊)				中成药	{}	95
nrdl	NRDL-400F8ABED3	二至丸				中成药	{}	95
nrdl	NRDL-1C24937EA1	六味五灵片	限有转氨酶增高的慢性乙肝患者且经过中医辨证有符合说明 书标明证候的。			中成药	{}	95
nrdl	NRDL-80EB1312CE	慢肝养阴片(胶囊)				中成药	{}	95
nrdl	NRDL-6338B0B0EF	杞菊地黄口服液				中成药	{}	95
nrdl	NRDL-D43BA78790	天麻醒脑胶囊				中成药	{}	95
nrdl	NRDL-3044CE7456	眩晕宁片(颗粒)				中成药	{}	96
nrdl	NRDL-ADADC693A8	一贯煎颗粒				中成药	{}	96
nrdl	NRDL-6609CBC626	消渴康颗粒				中成药	{}	96
nrdl	NRDL-0A18AA9061	阴虚胃痛片(胶囊、颗粒)				中成药	{}	96
nrdl	NRDL-E5CEDD4A3D	济生肾气丸(片)				中成药	{}	96
nrdl	NRDL-4BD30933EB	金匮肾气丸(片)				中成药	{}	96
nrdl	NRDL-D09B9D2BB3	四神丸(片)				中成药	{}	96
nrdl	NRDL-2E2D0D8DA7	杜仲颗粒				中成药	{}	96
nrdl	NRDL-94652EA406	桂附地黄丸(片、胶囊、颗粒)				中成药	{}	96
nrdl	NRDL-6DAF42E903	右归丸(胶囊)				中成药	{}	96
nrdl	NRDL-91976044D8	苓桂术甘颗粒	温阳化饮，健脾利湿。用于中阳不足之痰饮。症见胸胁支 满，目眩心悸，短气而咳，舌苔白滑，脉弦滑。			中成药	{}	96
nrdl	NRDL-6EF76D7D36	复方苁蓉益智胶囊				中成药	{}	96
nrdl	NRDL-4B9AD08CF8	心脑欣片(胶囊)				中成药	{}	96
nrdl	NRDL-DBA2E0AAC5	生血宝颗粒(合剂)				中成药	{}	96
nrdl	NRDL-FAE1935B4B	百令片	限慢性支气管炎、慢性肾功能不全的患者。			中成药	{}	96
nrdl	NRDL-60A3E692CF	百令胶囊	限慢性支气管炎、慢性肾功能不全的患者。			中成药	{}	96
nrdl	NRDL-43A5887A98	金水宝片(胶囊)	限慢性支气管炎、慢性肾功能不全的患者。			中成药	{}	96
nrdl	NRDL-E118D416E5	宁心宝胶囊	限难治性缓慢型心律失常患者使用。			中成药	{}	96
nrdl	NRDL-A223E1A481	至灵胶囊	限慢性支气管哮喘、慢性肾功能不全的患者。			中成药	{}	96
nrdl	NRDL-15992CA6B8	芪胶升白胶囊				中成药	{}	96
nrdl	NRDL-0EF66F5D1F	强肝片(胶囊、颗粒)				中成药	{}	96
nrdl	NRDL-110C91EADB	人参归脾丸				中成药	{}	96
nrdl	NRDL-AB6E882684	人参养荣丸				中成药	{}	96
nrdl	NRDL-D623E58A02	养心定悸胶囊(颗粒)				中成药	{}	96
nrdl	NRDL-CBAA7A35D6	补肾益脑丸(片、胶囊)				中成药	{}	96
nrdl	NRDL-F390DA6B9B	消渴丸				中成药	{}	96
nrdl	NRDL-A4B8F4821F	玉泉丸(胶囊、颗粒)				中成药	{}	96
nrdl	NRDL-82D8FCFEAA	参芪降糖片(胶囊、颗粒)				中成药	{}	96
nrdl	NRDL-A8D82CF262	固本丸				中成药	{}	96
nrdl	NRDL-B5E5096BD8	金芪降糖丸(片、胶囊、颗粒)				中成药	{}	96
nrdl	NRDL-489BB02892	津力达颗粒(口服液)				中成药	{}	97
nrdl	NRDL-82C4A008FC	渴络欣胶囊				中成药	{}	97
nrdl	NRDL-2D294A7B43	芪冬颐心颗粒(口服液)				中成药	{}	97
nrdl	NRDL-BD60CF56E9	芪蛭降糖片(胶囊)				中成药	{}	97
nrdl	NRDL-66B8DC54D6	生脉饮(党参方)、生脉片(颗粒)(党参方)				中成药	{}	97
nrdl	NRDL-E0BE52AD77	十味玉泉片(胶囊)				中成药	{}	97
nrdl	NRDL-B9A37EEDC6	糖脉康片(胶囊、颗粒)				中成药	{}	97
nrdl	NRDL-49545BD2D1	天麦消渴片				中成药	{}	97
nrdl	NRDL-D8D9978ABD	天芪降糖胶囊				中成药	{}	97
nrdl	NRDL-61ABBD5F24	消渴清颗粒				中成药	{}	97
nrdl	NRDL-887D43611A	心通颗粒(口服液)				中成药	{}	97
nrdl	NRDL-9233AAA98D	虚汗停胶囊(颗粒)				中成药	{}	97
nrdl	NRDL-48084F6D98	养心生脉颗粒				中成药	{}	97
nrdl	NRDL-845EE2F51A	益脑片(胶囊)				中成药	{}	97
nrdl	NRDL-A25E92BC5D	振源片(胶囊)				中成药	{}	97
nrdl	NRDL-BF986BD771	复方皂矾丸				中成药	{}	97
nrdl	NRDL-573FD225EB	参芪消渴颗粒				中成药	{}	97
nrdl	NRDL-2007EAB064	麦芪降糖丸				中成药	{}	97
nrdl	NRDL-B4ED37D73C	芪黄颗粒				中成药	{}	97
nrdl	NRDL-B3CFE8B700	参麦注射液	限二级及以上医疗机构。			中成药	{}	97
nrdl	NRDL-6405C0CDE9	参松养心胶囊				中成药	{}	97
nrdl	NRDL-301A34EBD2	生脉饮、生脉胶囊(颗粒)				中成药	{}	97
nrdl	NRDL-E6A9463231	生脉注射液	限二级及以上医疗机构。			中成药	{}	97
nrdl	NRDL-EED881D407	生脉饮口服液				中成药	{}	97
nrdl	NRDL-8740380282	生脉饮(人参方)				中成药	{}	97
nrdl	NRDL-7A29163D54	稳心片(胶囊、颗粒)				中成药	{}	97
nrdl	NRDL-DF7A1BCBD4	益气复脉胶囊(颗粒)				中成药	{}	97
nrdl	NRDL-1B629A19C6	炙甘草合剂				中成药	{}	97
nrdl	NRDL-5B817BDEF2	柏子养心丸(片、胶囊)				中成药	{}	97
nrdl	NRDL-82ABCF35DB	天王补心丹				中成药	{}	97
nrdl	NRDL-4D703795FE	天王补心丸(片)				中成药	{}	97
nrdl	NRDL-6A9D7CCAE4	安神补心丸(片、胶囊、颗粒)				中成药	{}	97
nrdl	NRDL-5254EB7F14	刺五加脑灵合剂(刺五加脑灵液)				中成药	{}	97
nrdl	NRDL-639A88C541	九味镇心颗粒	限广泛性焦虑症心脾两虚证。			中成药	{}	97
nrdl	NRDL-B6807E5115	清脑复神液				中成药	{}	97
nrdl	NRDL-EA6CC991AC	益心宁神片				中成药	{}	98
nrdl	NRDL-CA3CEDBBFE	枣仁安神胶囊(颗粒、液)				中成药	{}	98
nrdl	NRDL-5EBDF68295	六味安神胶囊				中成药	{}	98
nrdl	NRDL-1967AD5940	参芪五味子片(胶囊、颗粒)				中成药	{}	98
nrdl	NRDL-6BD8BF024D	活力苏口服液				中成药	{}	98
nrdl	NRDL-8885884A92	七叶神安片				中成药	{}	98
nrdl	NRDL-0895C1A053	养血安神片(颗粒)				中成药	{}	98
nrdl	NRDL-A011259B9E	百乐眠胶囊				中成药	{}	98
nrdl	NRDL-886D8F64DA	舒眠片(胶囊)				中成药	{}	98
nrdl	NRDL-0D6310004A	乌灵胶囊				中成药	{}	98
nrdl	NRDL-9632A8759B	安神补脑片(胶囊、颗粒、液)				中成药	{}	98
nrdl	NRDL-418E7F25B2	补脑安神片(胶囊)				中成药	{}	98
nrdl	NRDL-3D5CE4F3A3	甜梦胶囊(口服液)				中成药	{}	98
nrdl	NRDL-373AF9CEBA	小儿黄龙颗粒				中成药	{}	98
nrdl	NRDL-E9DD23725E	朱砂安神丸(片)				中成药	{}	98
nrdl	NRDL-06313A607F	槐角丸				中成药	{}	98
nrdl	NRDL-3170BC2136	十灰散(丸)				中成药	{}	98
nrdl	NRDL-C9F405A637	独一味丸(片、胶囊、颗粒、软胶囊)				中成药	{}	98
nrdl	NRDL-8A6E9755C7	裸花紫珠片(胶囊、颗粒)				中成药	{}	98
nrdl	NRDL-589F11123A	裸花紫珠栓				中成药	{}	98
nrdl	NRDL-F14BE4AB36	三七血伤宁散(胶囊)				中成药	{}	98
nrdl	NRDL-4A36A88D70	止血镇痛胶囊				中成药	{}	98
nrdl	NRDL-65747477C9	致康胶囊				中成药	{}	98
nrdl	NRDL-B6CEFD7EB4	榆栀止血颗粒				中成药	{}	98
nrdl	NRDL-2848EA531B	麝香保心丸				中成药	{}	98
nrdl	NRDL-25B350EEC3	通心络片(胶囊)				中成药	{}	98
nrdl	NRDL-08F6ACE281	血栓心脉宁片(胶囊)				中成药	{}	98
nrdl	NRDL-F54A49C268	补心气口服液				中成药	{}	98
nrdl	NRDL-A6133D80C9	参芍片(胶囊)				中成药	{}	98
nrdl	NRDL-5D20F6C0EC	大株红景天胶囊(片)	限有冠心病、心绞痛的明确诊断证据。			中成药	{}	98
nrdl	NRDL-CC110D5230	灯银脑通胶囊				中成药	{}	98
nrdl	NRDL-F0EA1DE917	复方地龙片(胶囊)				中成药	{}	99
nrdl	NRDL-F20DA3B39D	冠心静片(胶囊)				中成药	{}	99
nrdl	NRDL-1271DA0575	龙生蛭胶囊				中成药	{}	99
nrdl	NRDL-7E37A81EA7	脉络通、脉络通片(胶囊、颗粒)				中成药	{}	99
nrdl	NRDL-105D88003E	木丹颗粒				中成药	{}	99
nrdl	NRDL-313DEE1067	脑安片(胶囊、颗粒、滴丸)				中成药	{}	99
nrdl	NRDL-EA9D47D0E6	脑脉泰胶囊				中成药	{}	99
nrdl	NRDL-B7DBA2539F	脑心通丸(片、胶囊)				中成药	{}	99
nrdl	NRDL-D7F24B4A19	芪参胶囊				中成药	{}	99
nrdl	NRDL-B23F08E656	芪参益气滴丸				中成药	{}	99
nrdl	NRDL-A03643C60F	芪参通络胶囊				中成药	{}	99
nrdl	NRDL-ABBE43F797	芪龙胶囊				中成药	{}	99
nrdl	NRDL-CF96C6D941	肾衰宁片(胶囊、颗粒)				中成药	{}	99
nrdl	NRDL-C8CAE4F4D4	舒心口服液				中成药	{}	99
nrdl	NRDL-8227428270	消栓颗粒(肠溶胶囊)				中成药	{}	99
nrdl	NRDL-0B49DA3750	心脉隆注射液	限二级及以上医疗机构慢性心力衰竭患者。			中成药	{}	99
nrdl	NRDL-3B7CCF3348	心悦胶囊				中成药	{}	99
nrdl	NRDL-87D74C5C83	养心氏片				中成药	{}	99
nrdl	NRDL-DE75461E3C	益心舒丸(片、胶囊、颗粒)				中成药	{}	99
nrdl	NRDL-D328601C44	益心丸(胶囊、颗粒)				中成药	{}	99
nrdl	NRDL-A6D757BB3B	愈心痛胶囊				中成药	{}	99
nrdl	NRDL-98B5DAB23E	补虚通瘀颗粒				中成药	{}	99
nrdl	NRDL-653B2A3A5A	灵宝护心丹				中成药	{}	99
nrdl	NRDL-E662A445DC	龙加通络胶囊				中成药	{}	99
nrdl	NRDL-A5868F035F	芪丹通脉片				中成药	{}	99
nrdl	NRDL-030887BEBF	八味芪龙颗粒	限中风病中经络(轻中度脑梗塞)恢复期患者。			中成药	{}	99
nrdl	NRDL-72856B4355	脑心安胶囊	限中重度脑梗塞、冠心病心绞痛患者。			中成药	{}	99
nrdl	NRDL-09A1379A2E	芪丹通络颗粒				中成药	{}	99
nrdl	NRDL-30C9BA2726	芪芎通络胶囊	限中风病中经络(轻中度脑梗塞)恢复期患者。			中成药	{}	99
nrdl	NRDL-BAD55E3BA8	蒺藜皂苷胶囊	限中风病中经络(轻中度脑梗死)恢复期患者。			中成药	{}	99
nrdl	NRDL-FD09E7896B	地奥心血康胶囊				中成药	{}	99
nrdl	NRDL-6C6273CC9A	复方丹参片(丸、胶囊、颗粒、滴丸)				中成药	{}	99
nrdl	NRDL-1444F5D9F0	速效救心丸				中成药	{}	99
nrdl	NRDL-4791999F28	香丹注射液	限二级及以上医疗机构。			中成药	{}	99
nrdl	NRDL-93F04551D7	血府逐瘀丸(片、胶囊)				中成药	{}	99
nrdl	NRDL-D65FBB6F30	心可舒片				中成药	{}	99
nrdl	NRDL-042D8A66EF	复方丹参喷雾剂				中成药	{}	99
nrdl	NRDL-17238D12DD	冠脉宁片(胶囊)				中成药	{}	100
nrdl	NRDL-CD5BFC1591	冠心丹参片(胶囊、颗粒、滴丸)				中成药	{}	100
nrdl	NRDL-A443EF7992	冠心舒通胶囊				中成药	{}	100
nrdl	NRDL-E4F21A3D1F	黄杨宁片				中成药	{}	100
nrdl	NRDL-5AEA2597F3	乐脉丸(片、胶囊、颗粒)				中成药	{}	100
nrdl	NRDL-B4B0425141	理气活血滴丸				中成药	{}	100
nrdl	NRDL-8A8A3D9AF4	利脑心片(胶囊)				中成药	{}	100
nrdl	NRDL-D97690E98D	脑得生丸(片、胶囊、颗粒)				中成药	{}	100
nrdl	NRDL-D7184D763E	地奥心血康片(软胶囊)				中成药	{}	100
nrdl	NRDL-FDA8184ACD	心可舒丸(胶囊、颗粒)				中成药	{}	100
nrdl	NRDL-745E93088D	心脑宁胶囊				中成药	{}	100
nrdl	NRDL-6A23309C13	血府逐瘀颗粒(口服液)				中成药	{}	100
nrdl	NRDL-20CD03226F	银丹心脑通软胶囊				中成药	{}	100
nrdl	NRDL-ABDF14FC5C	丹参注射液	限二级及以上医疗机构。			中成药	{}	100
nrdl	NRDL-8780F72CC6	丹参片(胶囊、颗粒、口服液、合剂、滴丸)				中成药	{}	100
nrdl	NRDL-BAEA487A14	丹参舒心胶囊				中成药	{}	100
nrdl	NRDL-04ACD5B951	丹参益心胶囊				中成药	{}	100
nrdl	NRDL-08A327FE4F	丹七片(胶囊、软胶囊)				中成药	{}	100
nrdl	NRDL-2AD4F0EE48	扶正化瘀片(胶囊)				中成药	{}	100
nrdl	NRDL-B09CDC06DA	复方川芎片(胶囊)				中成药	{}	100
nrdl	NRDL-7255391A4B	双丹片(胶囊、颗粒)				中成药	{}	100
nrdl	NRDL-353A4A2C90	银丹心泰滴丸				中成药	{}	100
nrdl	NRDL-AC83491CE2	芪苈强心胶囊				中成药	{}	100
nrdl	NRDL-2A56250DFB	参桂胶囊				中成药	{}	100
nrdl	NRDL-11A36B5C7D	脉络宁注射液	限二级及以上医疗机构。			中成药	{}	100
nrdl	NRDL-B762A0CBA5	脉络宁颗粒(口服液)				中成药	{}	100
nrdl	NRDL-2CCBB5FCA8	通塞脉片(胶囊、颗粒)				中成药	{}	100
nrdl	NRDL-E6A70ECE91	参仙升脉口服液				中成药	{}	100
nrdl	NRDL-4A04D6B9CE	丹鹿通督片				中成药	{}	100
nrdl	NRDL-D0B562B7C4	黄根片				中成药	{}	100
nrdl	NRDL-8D6FC13FD9	培元通脑胶囊				中成药	{}	100
nrdl	NRDL-A308AA6E5D	心宝丸				中成药	{}	100
nrdl	NRDL-7550D70459	心可宁胶囊				中成药	{}	100
nrdl	NRDL-3D07F6B172	心元胶囊				中成药	{}	100
nrdl	NRDL-EE94C10340	正心泰片(胶囊、颗粒)				中成药	{}	101
nrdl	NRDL-45BF627FA8	冠心苏合丸(胶囊、软胶囊)				中成药	{}	101
nrdl	NRDL-7EA41FBFC1	活心丸				中成药	{}	101
nrdl	NRDL-748B58A41F	葛兰心宁软胶囊				中成药	{}	101
nrdl	NRDL-22AC41F034	冠心苏合滴丸				中成药	{}	101
nrdl	NRDL-66594D4C04	红花注射液	限二级及以上医疗机构。			中成药	{}	101
nrdl	NRDL-7A904E09F0	救心丸				中成药	{}	101
nrdl	NRDL-28059423A2	苦碟子注射液	限二级及以上医疗机构的冠心病、心绞痛、脑梗塞患者。			中成药	{}	101
nrdl	NRDL-51AF15CC3D	宽胸气雾剂				中成药	{}	101
nrdl	NRDL-35BD84C178	脉平片				中成药	{}	101
nrdl	NRDL-4B30D356F5	脑心清片(胶囊)				中成药	{}	101
nrdl	NRDL-51A12DB9AE	麝香通心滴丸				中成药	{}	101
nrdl	NRDL-C6BBCA8B2E	速效心痛滴丸				中成药	{}	101
nrdl	NRDL-318E0D14FA	心安胶囊				中成药	{}	101
nrdl	NRDL-53348FE552	心脉通片(胶囊)				中成药	{}	101
nrdl	NRDL-D2381C4AFA	心血宁片(胶囊)				中成药	{}	101
nrdl	NRDL-F4D00AA21E	延丹胶囊				中成药	{}	101
nrdl	NRDL-61480F567D	愈风宁心丸(片、胶囊、颗粒、滴丸)				中成药	{}	101
nrdl	NRDL-346A8039C5	通心舒胶囊				中成药	{}	101
nrdl	NRDL-89E305665F	西红花总苷片	限化疗产生的胸痹心痛(冠心病、心绞痛)心血瘀阻证患者。			中成药	{}	101
nrdl	NRDL-710F51FF0B	灯盏花素片				中成药	{}	101
nrdl	NRDL-B3E5CB5573	血塞通注射液	限二级及以上医疗机构。			中成药	{}	101
nrdl	NRDL-095D0100B5	注射用血塞通(冻干)	限二级及以上医疗机构。			中成药	{}	101
nrdl	NRDL-BDA5CB5F38	血栓通注射液	限二级及以上医疗机构。			中成药	{}	101
nrdl	NRDL-0BD4DBE91C	注射用血栓通(冻干)	限二级及以上医疗机构。			中成药	{}	101
nrdl	NRDL-3BAD617493	龙心素胶囊				中成药	{}	101
nrdl	NRDL-697A3B640B	大川芎片(口服液)				中成药	{}	101
nrdl	NRDL-5FC7B5B991	丹灯通脑片(胶囊、滴丸)				中成药	{}	101
nrdl	NRDL-35EA77DAAF	灯盏生脉胶囊				中成药	{}	101
nrdl	NRDL-5388EFDF69	灯盏细辛胶囊(颗粒、软胶囊)				中成药	{}	101
nrdl	NRDL-088497FCF8	灯盏细辛注射液	限二级及以上医疗机构的缺血性心脑血管疾病患者。			中成药	{}	101
nrdl	NRDL-1A981FECA2	灯盏花素注射液	限二级及以上医疗机构的缺血性心脑血管疾病患者。			中成药	{}	101
nrdl	NRDL-A87D14A3FA	注射用灯盏花素	限二级及以上医疗机构的缺血性心脑血管疾病患者。			中成药	{}	101
nrdl	NRDL-E3EAA21019	葛酮通络胶囊				中成药	{}	101
nrdl	NRDL-8C18D2CC98	冠心宁片				中成药	{}	101
nrdl	NRDL-278849C34A	冠心宁注射液	限二级及以上医疗机构。			中成药	{}	101
nrdl	NRDL-BE9C0EF04C	龙血通络胶囊				中成药	{}	102
nrdl	NRDL-63AF417CB1	脉管复康片(胶囊)				中成药	{}	102
nrdl	NRDL-C42B441685	脉血康胶囊(肠溶片)				中成药	{}	102
nrdl	NRDL-C4F4396B83	脑脉利颗粒				中成药	{}	102
nrdl	NRDL-5CA37379C5	三七通舒胶囊				中成药	{}	102
nrdl	NRDL-22505E6F81	血塞通片(颗粒、胶囊、软胶囊、滴丸、分散片)				中成药	{}	102
nrdl	NRDL-FE5ABE4F41	血栓通胶囊				中成药	{}	102
nrdl	NRDL-9E527C1332	疏血通注射液	限二级及以上医疗机构急性脑梗塞患者。			中成药	{}	102
nrdl	NRDL-A8061F0CF7	天丹通络片(胶囊)				中成药	{}	102
nrdl	NRDL-6484F91963	豨莶通栓胶囊				中成药	{}	102
nrdl	NRDL-9ED73C5704	消栓通络片(胶囊、颗粒)				中成药	{}	102
nrdl	NRDL-9CF04F3EDB	消栓再造丸				中成药	{}	102
nrdl	NRDL-452E23736C	心达康片(胶囊)				中成药	{}	102
nrdl	NRDL-76A35099F2	心脑康片(胶囊)				中成药	{}	102
nrdl	NRDL-2699657934	心脑舒通片(胶囊)				中成药	{}	102
nrdl	NRDL-B290977924	银杏叶丸(片、颗粒、胶囊、软胶囊、滴丸、口 服液、酊)				中成药	{}	102
nrdl	NRDL-3F0A3D4748	银杏酮酯片(颗粒、胶囊、滴丸、分散片)				中成药	{}	102
nrdl	NRDL-90D695918E	杏灵分散片				中成药	{}	102
nrdl	NRDL-DF4E2F61E1	舒血宁注射液	限二级及以上医疗机构缺血性心脑血管疾病的患者。			中成药	{}	102
nrdl	NRDL-3EF6A9B16A	黄芪注射液	限二级及以上医疗机构的病毒性心肌炎或心功能不全患者。			中成药	{}	102
nrdl	NRDL-CCB1D18A99	银盏心脉滴丸				中成药	{}	102
nrdl	NRDL-3DBEE2ADB1	逐瘀通脉胶囊				中成药	{}	102
nrdl	NRDL-E918176074	复脉定胶囊				中成药	{}	102
nrdl	NRDL-96E30E7DC0	复方龙血竭胶囊				中成药	{}	102
nrdl	NRDL-D64AA55870	银杏内酯注射液	限二级及以上医疗机构脑梗死恢复期患者，住院方可支付， 单次最多支付14天。			中成药	{}	102
nrdl	NRDL-26990F7B29	银杏二萜内酯葡胺注射液	限二级及以上医疗机构脑梗死恢复期患者，住院方可支付， 单次最多支付14天。			中成药	{}	102
nrdl	NRDL-CAFC4BB42E	鳖甲煎丸				中成药	{}	102
nrdl	NRDL-12F34F17D0	大黄䗪虫丸(片、胶囊)				中成药	{}	102
nrdl	NRDL-C4C94E6DB9	复方鳖甲软肝片				中成药	{}	102
nrdl	NRDL-6CC2F440BC	活血通脉片(胶囊)				中成药	{}	102
nrdl	NRDL-A1CC6426C8	脑栓通胶囊				中成药	{}	102
nrdl	NRDL-7D1CC537B4	脑血康片(滴丸)				中成药	{}	102
nrdl	NRDL-31F6D59595	脑栓康复胶囊				中成药	{}	102
nrdl	NRDL-DC3C0B2D26	脑血疏口服液	限出血性中风急性期及恢复早期。			中成药	{}	103
nrdl	NRDL-9FE58423FA	消癥丸				中成药	{}	103
nrdl	NRDL-27E8AB3D05	丹蒌片				中成药	{}	103
nrdl	NRDL-84BABB62A8	瓜蒌皮注射液	限二级及以上医疗机构的冠心病稳定型心绞痛患者。			中成药	{}	103
nrdl	NRDL-C5A08FD767	醒脑再造丸(胶囊)				中成药	{}	103
nrdl	NRDL-B29884BFE0	心速宁胶囊				中成药	{}	103
nrdl	NRDL-1954BC1654	丹栀逍遥丸				中成药	{}	103
nrdl	NRDL-22FEEE70E7	逍遥丸(颗粒)				中成药	{}	103
nrdl	NRDL-3D69537630	柴胡舒肝丸				中成药	{}	103
nrdl	NRDL-927DA148D7	丹栀逍遥片(胶囊)				中成药	{}	103
nrdl	NRDL-777E1A8D39	红花逍遥片(胶囊、颗粒)				中成药	{}	103
nrdl	NRDL-6126AF1671	加味逍遥丸(片、胶囊、颗粒)				中成药	{}	103
nrdl	NRDL-05A16180A1	九味肝泰胶囊				中成药	{}	103
nrdl	NRDL-1F9C7764E2	平肝舒络丸				中成药	{}	103
nrdl	NRDL-18B63B9213	舒肝解郁胶囊				中成药	{}	103
nrdl	NRDL-8584284245	舒肝丸(散、片、颗粒)				中成药	{}	103
nrdl	NRDL-F57D6C3473	越鞠丸				中成药	{}	103
nrdl	NRDL-136ADA6D13	气滞胃痛片(胶囊、颗粒)				中成药	{}	103
nrdl	NRDL-E4F32A8E32	三九胃泰颗粒(胶囊)				中成药	{}	103
nrdl	NRDL-BA45C85072	胃苏颗粒				中成药	{}	103
nrdl	NRDL-242970E75F	元胡止痛片(胶囊、颗粒、滴丸)				中成药	{}	103
nrdl	NRDL-7A8C12222C	金胃泰胶囊				中成药	{}	103
nrdl	NRDL-677FFEE15F	枳术宽中胶囊				中成药	{}	103
nrdl	NRDL-F922A8923B	荜铃胃痛颗粒				中成药	{}	103
nrdl	NRDL-D7B9593B33	颠茄片				中成药	{}	103
nrdl	NRDL-CBC88BDEDF	复方陈香胃片				中成药	{}	103
nrdl	NRDL-1EC78D5156	复方田七胃痛片(胶囊)				中成药	{}	103
nrdl	NRDL-4E050CDCB8	肝达康片(胶囊、颗粒)				中成药	{}	103
nrdl	NRDL-86C1A1EE2C	加味左金丸				中成药	{}	103
nrdl	NRDL-17E9BEB99B	健胃消炎颗粒				中成药	{}	103
nrdl	NRDL-2E038876E0	健胃愈疡片(胶囊、颗粒)				中成药	{}	103
nrdl	NRDL-B623B29080	荆花胃康胶丸				中成药	{}	103
nrdl	NRDL-29862EB1EA	快胃片				中成药	{}	103
nrdl	NRDL-DE5EFE1981	摩罗丹				中成药	{}	103
nrdl	NRDL-22773D716B	木香顺气丸(颗粒)				中成药	{}	104
nrdl	NRDL-4838D79941	舒肝健胃丸				中成药	{}	104
nrdl	NRDL-C4F23E0F7E	舒肝止痛丸				中成药	{}	104
nrdl	NRDL-A203B63B5D	胃肠安丸				中成药	{}	104
nrdl	NRDL-43A17108CE	胃康胶囊				中成药	{}	104
nrdl	NRDL-90D2D81620	胃康灵丸(片、胶囊、颗粒)				中成药	{}	104
nrdl	NRDL-64AFD07F4B	胃力康颗粒				中成药	{}	104
nrdl	NRDL-CE8C5D86E5	胃痛宁片				中成药	{}	104
nrdl	NRDL-54CD6E2FFF	小儿香橘丸				中成药	{}	104
nrdl	NRDL-5C16360A88	元胡止痛口服液				中成药	{}	104
nrdl	NRDL-8F3E1B0F9B	枳术丸(颗粒)				中成药	{}	104
nrdl	NRDL-8BD1D0CFC9	中满分消丸				中成药	{}	104
nrdl	NRDL-47CF6C35CA	左金丸(片、胶囊)				中成药	{}	104
nrdl	NRDL-CB2C8ABDE1	猴头健胃灵片				中成药	{}	104
nrdl	NRDL-B0655A2117	舒肝消积丸				中成药	{}	104
nrdl	NRDL-690DE7D699	王氏保赤丸				中成药	{}	104
nrdl	NRDL-502384B24C	小儿七星茶颗粒(口服液、糖浆)				中成药	{}	104
nrdl	NRDL-F140F15253	小儿消食片(颗粒)				中成药	{}	104
nrdl	NRDL-9F376A6FDA	健胃消食口服液				中成药	{}	104
nrdl	NRDL-C01BDA18D0	胃痞消颗粒	限有明确诊断证据的萎缩性胃炎患者。			中成药	{}	104
nrdl	NRDL-6D2447BEB6	健胃消食片				中成药	{}	104
nrdl	NRDL-ABF52DC729	保和丸(片、颗粒)				中成药	{}	104
nrdl	NRDL-49853D30F6	小儿化食丸(口服液)				中成药	{}	104
nrdl	NRDL-EBEF64105D	槟榔四消丸(片)				中成药	{}	104
nrdl	NRDL-62A89BEA83	沉香化滞丸				中成药	{}	104
nrdl	NRDL-9ACC52181D	化积颗粒(口服液)				中成药	{}	104
nrdl	NRDL-DD7D6D1BFF	开胸顺气丸(胶囊)				中成药	{}	104
nrdl	NRDL-E7C8B2E94E	木香槟榔丸				中成药	{}	104
nrdl	NRDL-A1CFD95897	神曲消食口服液				中成药	{}	104
nrdl	NRDL-A62CEC791C	四磨汤口服液				中成药	{}	104
nrdl	NRDL-BCB5489642	一捻金、一捻金胶囊				中成药	{}	104
nrdl	NRDL-709E1757F4	越鞠保和丸				中成药	{}	104
nrdl	NRDL-BEF3F750E4	枳实导滞丸				中成药	{}	104
nrdl	NRDL-89A15808B0	川芎茶调丸(散、片、颗粒)				中成药	{}	105
nrdl	NRDL-7AFA9C8B5F	川芎茶调口服液				中成药	{}	105
nrdl	NRDL-342A13316A	都梁滴丸(软胶囊)				中成药	{}	105
nrdl	NRDL-B5FBBBA9E1	秦归活络口服液				中成药	{}	105
nrdl	NRDL-C202A1F373	祛风止痛丸(片、胶囊)				中成药	{}	105
nrdl	NRDL-AB3D7E8DC4	疏风活络丸(片)				中成药	{}	105
nrdl	NRDL-5274D7AA6D	通天口服液				中成药	{}	105
nrdl	NRDL-7B88B6C941	头风痛丸(胶囊)				中成药	{}	105
nrdl	NRDL-14D6722C86	镇脑宁胶囊				中成药	{}	105
nrdl	NRDL-24887C9727	牛黄降压丸(片、胶囊)				中成药	{}	105
nrdl	NRDL-8AE5586EC7	松龄血脉康胶囊				中成药	{}	105
nrdl	NRDL-556E8E5F4A	丹珍头痛胶囊				中成药	{}	105
nrdl	NRDL-C00BFF0144	九味熄风颗粒				中成药	{}	105
nrdl	NRDL-E3EC15A3E1	牛黄抱龙丸				中成药	{}	105
nrdl	NRDL-C98926E714	强力定眩片(胶囊)				中成药	{}	105
nrdl	NRDL-3057B0FC53	清肝降压胶囊				中成药	{}	105
nrdl	NRDL-A496C3A510	清脑降压片(胶囊、颗粒)				中成药	{}	105
nrdl	NRDL-F017AB88CA	全天麻片(胶囊)				中成药	{}	105
nrdl	NRDL-B967FF9060	芍麻止痉颗粒				中成药	{}	105
nrdl	NRDL-8686958FDD	天菊脑安胶囊				中成药	{}	105
nrdl	NRDL-160E97A1A7	天麻钩藤颗粒				中成药	{}	105
nrdl	NRDL-AABDB52940	消眩止晕片				中成药	{}	105
nrdl	NRDL-18A9EFBDC2	珍菊降压片				中成药	{}	105
nrdl	NRDL-528F359498	平眩胶囊				中成药	{}	105
nrdl	NRDL-0AE0951996	安宫降压丸				中成药	{}	105
nrdl	NRDL-EEE4795104	复方罗布麻颗粒				中成药	{}	105
nrdl	NRDL-83A5D3AFC1	脑立清丸(片、胶囊)				中成药	{}	105
nrdl	NRDL-5090595AEE	天智颗粒				中成药	{}	105
nrdl	NRDL-31A508ED98	半夏天麻丸				中成药	{}	105
nrdl	NRDL-7771EBBE66	癫痫康胶囊				中成药	{}	105
nrdl	NRDL-2803097D4F	癫痫平片				中成药	{}	105
nrdl	NRDL-F1510F64CE	化风丹				中成药	{}	105
nrdl	NRDL-64BC6100A3	天黄猴枣散				中成药	{}	105
nrdl	NRDL-09D9987CA3	正天丸(胶囊)				中成药	{}	105
nrdl	NRDL-C80C61CA10	天舒片(胶囊)				中成药	{}	106
nrdl	NRDL-7DDAC04A84	丹膝颗粒				中成药	{}	106
nrdl	NRDL-8CC00F8632	复方夏天无片				中成药	{}	106
nrdl	NRDL-C86F16B0F1	强力天麻杜仲丸(胶囊)				中成药	{}	106
nrdl	NRDL-1014DA0364	头痛宁胶囊				中成药	{}	106
nrdl	NRDL-956EFC8F6E	肿痛安胶囊				中成药	{}	106
nrdl	NRDL-DB837401F6	川芎清脑颗粒				中成药	{}	106
nrdl	NRDL-0D970CC72A	养血清脑丸(颗粒)				中成药	{}	106
nrdl	NRDL-DFC8B1C108	养血荣筋丸				中成药	{}	106
nrdl	NRDL-FAD2DAB4A1	华佗再造丸				中成药	{}	106
nrdl	NRDL-554AE414FA	人参再造丸				中成药	{}	106
nrdl	NRDL-933AF184AA	小活络丸(片)				中成药	{}	106
nrdl	NRDL-BC609D5AED	川蛭通络胶囊	限脑梗塞恢复期。			中成药	{}	106
nrdl	NRDL-851A81503E	大活络丸(胶囊)				中成药	{}	106
nrdl	NRDL-7446FF6CF9	骨龙胶囊				中成药	{}	106
nrdl	NRDL-BEB67B87A2	散风活络丸				中成药	{}	106
nrdl	NRDL-D857A871B6	麝香海马追风膏				中成药	{}	106
nrdl	NRDL-51FF4835D3	天和追风膏				中成药	{}	106
nrdl	NRDL-F035D83F50	天麻丸(片、胶囊)				中成药	{}	106
nrdl	NRDL-51461C2276	通络开痹片				中成药	{}	106
nrdl	NRDL-2CFA633984	再造丸				中成药	{}	106
nrdl	NRDL-4F4277DB51	中风回春丸(片、胶囊)				中成药	{}	106
nrdl	NRDL-B92D5B389E	祖师麻膏药				中成药	{}	106
nrdl	NRDL-AFB26D5C1B	祖师麻片				中成药	{}	106
nrdl	NRDL-B40BD5B084	复方小活络丸				中成药	{}	106
nrdl	NRDL-174635124F	祛风骨痛凝胶膏(祛风骨痛巴布膏)				中成药	{}	106
nrdl	NRDL-BC7E743766	风湿骨痛片(胶囊、颗粒)				中成药	{}	106
nrdl	NRDL-2D4D74E233	追风透骨丸(片、胶囊)				中成药	{}	106
nrdl	NRDL-C3E782F851	风湿祛痛胶囊				中成药	{}	106
nrdl	NRDL-A708FC2D22	附桂骨痛片(胶囊、颗粒)				中成药	{}	106
nrdl	NRDL-148BE17679	复方雪莲胶囊				中成药	{}	106
nrdl	NRDL-32FF4258EE	关节止痛膏				中成药	{}	106
nrdl	NRDL-EA52847A0B	寒湿痹片(胶囊、颗粒)				中成药	{}	106
nrdl	NRDL-940B795D50	金乌骨通胶囊				中成药	{}	106
nrdl	NRDL-970DC771AC	罗浮山风湿膏药				中成药	{}	107
nrdl	NRDL-1F7E9874FD	木瓜丸(片)				中成药	{}	107
nrdl	NRDL-338548EDB4	七味通痹口服液				中成药	{}	107
nrdl	NRDL-3A5CB8F093	万通筋骨片				中成药	{}	107
nrdl	NRDL-EF4374FAAF	威灵骨刺膏				中成药	{}	107
nrdl	NRDL-54B0492881	四妙丸				中成药	{}	107
nrdl	NRDL-6A1F122B8F	二妙丸				中成药	{}	107
nrdl	NRDL-2F780C1A3F	滑膜炎片				中成药	{}	107
nrdl	NRDL-C2DE1C376E	正清风痛宁缓释片				中成药	{}	107
nrdl	NRDL-CCD248A9AA	正清风痛宁片(胶囊)				中成药	{}	107
nrdl	NRDL-47DC68E003	滑膜炎颗粒(胶囊)				中成药	{}	107
nrdl	NRDL-AE6815D2A1	当归拈痛丸(颗粒)				中成药	{}	107
nrdl	NRDL-BB5B07C0CD	湿热痹片(胶囊、颗粒)				中成药	{}	107
nrdl	NRDL-9AC0F355C0	痛风定片(胶囊)				中成药	{}	107
nrdl	NRDL-0BD71DCEFB	痛风舒片				中成药	{}	107
nrdl	NRDL-E780E10E9E	正清风痛宁注射液				中成药	{}	107
nrdl	NRDL-BC32CE6597	昆明山海棠片				中成药	{}	107
nrdl	NRDL-56E7974AAB	复方风湿宁片(胶囊、颗粒)				中成药	{}	107
nrdl	NRDL-9FC6E5D0AA	雷公藤片 雷公藤多苷[甙]片				中成药	{}	107
nrdl	NRDL-787BCD2DFC	风湿马钱片				中成药	{}	107
nrdl	NRDL-606E847328	关节克痹丸				中成药	{}	107
nrdl	NRDL-83D8705782	黑骨藤追风活络胶囊				中成药	{}	107
nrdl	NRDL-FFF0641894	虎力散、虎力散片(胶囊)				中成药	{}	107
nrdl	NRDL-5FDE5F2648	加味天麻胶囊				中成药	{}	107
nrdl	NRDL-ABBA8A3BD0	金骨莲片(胶囊)				中成药	{}	107
nrdl	NRDL-8B8EA93A4D	抗狼疮散				中成药	{}	107
nrdl	NRDL-782141E8F7	昆仙胶囊				中成药	{}	107
nrdl	NRDL-DA474CD195	麝香追风膏				中成药	{}	107
nrdl	NRDL-F9F82CFF99	疏风定痛丸				中成药	{}	107
nrdl	NRDL-CFD6019038	通络骨质宁膏				中成药	{}	107
nrdl	NRDL-AF902B4C39	舒筋通络颗粒				中成药	{}	107
nrdl	NRDL-FEA7C18510	肾炎四味片(胶囊)				中成药	{}	107
nrdl	NRDL-DD808CFEFA	盘龙七片				中成药	{}	107
nrdl	NRDL-06D3CC8ADB	马栗种子提取物片				中成药	{}	107
nrdl	NRDL-D69C2AD0BB	迈之灵片				中成药	{}	108
nrdl	NRDL-F6D8A118D2	脉络舒通丸(颗粒)				中成药	{}	108
nrdl	NRDL-862FA7E787	肾康栓	限有明确慢性肾功能衰竭诊断的患者。			中成药	{}	108
nrdl	NRDL-45FD44C674	肾康注射液	限二级及以上医疗机构慢性肾功能衰竭的患者。			中成药	{}	108
nrdl	NRDL-3938A7B7D2	肾炎四味丸(颗粒)				中成药	{}	108
nrdl	NRDL-969036C5B3	通络祛痛膏				中成药	{}	108
nrdl	NRDL-8F93BAE84A	瘀血痹片(胶囊、颗粒)				中成药	{}	108
nrdl	NRDL-A010F95686	补肾通淋颗粒				中成药	{}	108
nrdl	NRDL-DC953211F4	尿毒清颗粒				中成药	{}	108
nrdl	NRDL-2A8C5262E2	五苓散(片、胶囊)				中成药	{}	108
nrdl	NRDL-333EBD1BE6	复方雪参胶囊				中成药	{}	108
nrdl	NRDL-68BE779AF2	黄葵胶囊				中成药	{}	108
nrdl	NRDL-7890D03863	肾炎舒片(胶囊、颗粒)				中成药	{}	108
nrdl	NRDL-8632097D8A	肾炎消肿片				中成药	{}	108
nrdl	NRDL-BDCB523D5E	舟车丸				中成药	{}	108
nrdl	NRDL-64E44838F6	癃清片(胶囊)				中成药	{}	108
nrdl	NRDL-A7AEBF04C1	三金片(胶囊)				中成药	{}	108
nrdl	NRDL-38E3C62F94	双石通淋胶囊				中成药	{}	108
nrdl	NRDL-41D0ACAD56	银花泌炎灵片				中成药	{}	108
nrdl	NRDL-5E5A563C92	八正片(胶囊、颗粒)				中成药	{}	108
nrdl	NRDL-BB2B027355	导赤丸				中成药	{}	108
nrdl	NRDL-695F2479BC	复方金钱草颗粒				中成药	{}	108
nrdl	NRDL-9EA01C009F	复方石淋通片(胶囊)				中成药	{}	108
nrdl	NRDL-A7F3AFC9AE	克淋通胶囊				中成药	{}	108
nrdl	NRDL-A6D1111621	泌淋胶囊(颗粒)				中成药	{}	108
nrdl	NRDL-7453C3B1D9	泌淋清胶囊				中成药	{}	108
nrdl	NRDL-3D386E0B3B	泌宁胶囊				中成药	{}	108
nrdl	NRDL-63B7F4BC2E	尿感宁颗粒				中成药	{}	108
nrdl	NRDL-F6D91892FC	尿清舒颗粒				中成药	{}	108
nrdl	NRDL-D9606A3A8C	宁泌泰胶囊				中成药	{}	108
nrdl	NRDL-3906D2F523	前列安栓				中成药	{}	108
nrdl	NRDL-CE4A556F01	前列安通片(胶囊)				中成药	{}	108
nrdl	NRDL-776B2BC373	前列倍喜胶囊				中成药	{}	108
nrdl	NRDL-309EC3B3AA	前列平胶囊				中成药	{}	108
nrdl	NRDL-5BF852A5E1	前列舒通胶囊				中成药	{}	108
nrdl	NRDL-5B35CDF1E2	前列舒丸				中成药	{}	108
nrdl	NRDL-2E9C4459CE	前列泰丸(片、胶囊、颗粒)				中成药	{}	109
nrdl	NRDL-6827EB4CAD	前列通片(胶囊)				中成药	{}	109
nrdl	NRDL-B8B88B3D8D	清热通淋丸(片、胶囊)				中成药	{}	109
nrdl	NRDL-362CD63DFA	清浊祛毒丸				中成药	{}	109
nrdl	NRDL-9FA292BA00	热淋清片(胶囊、颗粒)				中成药	{}	109
nrdl	NRDL-2864F78EEA	三金颗粒				中成药	{}	109
nrdl	NRDL-B08C383959	肾安胶囊				中成药	{}	109
nrdl	NRDL-F923735C1B	肾复康片(胶囊)				中成药	{}	109
nrdl	NRDL-BB4EFFEE49	肾舒颗粒				中成药	{}	109
nrdl	NRDL-9642C18812	舒泌通胶囊				中成药	{}	109
nrdl	NRDL-B7EBFA5399	翁沥通片(胶囊、颗粒)				中成药	{}	109
nrdl	NRDL-D54FADF1FD	血尿安片(胶囊)				中成药	{}	109
nrdl	NRDL-311B472056	野菊花栓				中成药	{}	109
nrdl	NRDL-CCEB12BE8F	分清五淋丸				中成药	{}	109
nrdl	NRDL-36D7290FC9	黄莪胶囊				中成药	{}	109
nrdl	NRDL-2A4EF9EF1A	龙金通淋胶囊				中成药	{}	109
nrdl	NRDL-8EEC5862E4	双冬胶囊				中成药	{}	109
nrdl	NRDL-5FD5D1EE97	癃闭舒片(胶囊)				中成药	{}	109
nrdl	NRDL-ADFEB250F0	海昆肾喜胶囊	限慢性肾功能衰竭失代偿期非透析患者或尿毒症早期非透析 患者。			中成药	{}	109
nrdl	NRDL-FEE7795F33	灵泽片				中成药	{}	109
nrdl	NRDL-1858991F3D	尿塞通片(胶囊)				中成药	{}	109
nrdl	NRDL-65E201496B	前列癃闭通片(胶囊、颗粒)				中成药	{}	109
nrdl	NRDL-5EEE431832	前列舒乐片(胶囊、颗粒)				中成药	{}	109
nrdl	NRDL-33D5C76563	前列欣胶囊				中成药	{}	109
nrdl	NRDL-41EE590641	夏荔芪胶囊				中成药	{}	109
nrdl	NRDL-D95120E384	泽桂癃爽片(胶囊)				中成药	{}	109
nrdl	NRDL-A343E9C88A	风湿液				中成药	{}	109
nrdl	NRDL-047B668461	普乐安片(胶囊)				中成药	{}	109
nrdl	NRDL-EF1BFB1BB1	肾炎康复片				中成药	{}	109
nrdl	NRDL-CCD8CA6A70	尪痹片(胶囊、颗粒)				中成药	{}	109
nrdl	NRDL-7AD9EC0B71	萆薢分清丸				中成药	{}	109
nrdl	NRDL-35585A5E63	痹祺胶囊				中成药	{}	109
nrdl	NRDL-5006CC1948	独活寄生丸(颗粒、合剂)				中成药	{}	109
nrdl	NRDL-BDD16FD8F0	金天格胶囊				中成药	{}	109
nrdl	NRDL-B92930CD63	肾康宁片(胶囊、颗粒)				中成药	{}	109
nrdl	NRDL-AAB4C80671	天麻壮骨丸				中成药	{}	110
nrdl	NRDL-7FAD78992D	通痹片(胶囊)				中成药	{}	110
nrdl	NRDL-891B2D0A5F	益肾蠲痹丸				中成药	{}	110
nrdl	NRDL-E2F372E791	壮骨伸筋胶囊				中成药	{}	110
nrdl	NRDL-8C56F0F94D	壮腰健肾丸(片)				中成药	{}	110
nrdl	NRDL-761840B8D0	益肾化湿颗粒				中成药	{}	110
nrdl	NRDL-B87766DE05	血脂康胶囊				中成药	{}	110
nrdl	NRDL-9AAE2AA7D7	脂必妥片				中成药	{}	110
nrdl	NRDL-65C1077958	脂必泰胶囊				中成药	{}	110
nrdl	NRDL-6D9AFBC94B	丹香清脂颗粒				中成药	{}	110
nrdl	NRDL-EF6D3D325C	血脂康片				中成药	{}	110
nrdl	NRDL-F9E09106FF	脂必妥胶囊				中成药	{}	110
nrdl	NRDL-75A100BAD2	荷丹片(胶囊)				中成药	{}	110
nrdl	NRDL-E71C13EB11	化滞柔肝颗粒				中成药	{}	110
nrdl	NRDL-0BD50D5190	降脂灵片(颗粒)				中成药	{}	110
nrdl	NRDL-4A4498CF4F	降脂通脉胶囊				中成药	{}	110
nrdl	NRDL-06F1D66D14	绞股蓝总甙片(胶囊)				中成药	{}	110
nrdl	NRDL-50FF485EA5	绞股蓝总苷胶囊(颗粒)				中成药	{}	110
nrdl	NRDL-3F0F4897FB	壳脂胶囊				中成药	{}	110
nrdl	NRDL-212A794397	蒲参胶囊				中成药	{}	110
nrdl	NRDL-AC44FF2FFB	血脂平胶囊				中成药	{}	110
nrdl	NRDL-F51C7FB79B	血滞通胶囊				中成药	{}	110
nrdl	NRDL-D6C9A187DC	消炎利胆片(胶囊、颗粒)				中成药	{}	110
nrdl	NRDL-7C23F36C05	消炎利胆分散片				中成药	{}	110
nrdl	NRDL-40E8A99F5B	大柴胡颗粒				中成药	{}	110
nrdl	NRDL-6ED5044F2B	胆康片(胶囊)				中成药	{}	110
nrdl	NRDL-E00DC4C24D	胆宁片				中成药	{}	110
nrdl	NRDL-32FBE3017A	胆石利通片(胶囊)				中成药	{}	110
nrdl	NRDL-AED62F6375	胆石通胶囊				中成药	{}	110
nrdl	NRDL-501A221AE4	胆舒片(胶囊、软胶囊)				中成药	{}	110
nrdl	NRDL-AA25EA29D3	复方胆通片(胶囊)				中成药	{}	110
nrdl	NRDL-ED77889859	金胆片				中成药	{}	110
nrdl	NRDL-5CF302099C	消炎利胆软胶囊				中成药	{}	110
nrdl	NRDL-ADFE22B14E	益胆片(胶囊)				中成药	{}	110
nrdl	NRDL-A5B2C25550	地榆槐角丸				中成药	{}	111
nrdl	NRDL-E454AE5210	季德胜蛇药片				中成药	{}	111
nrdl	NRDL-93136896ED	京万红软膏				中成药	{}	111
nrdl	NRDL-0C3B5FD91F	连翘败毒丸(片、膏)				中成药	{}	111
nrdl	NRDL-D0C5DCAC1F	拔毒膏				中成药	{}	111
nrdl	NRDL-8CEEB395F2	拔毒生肌散				中成药	{}	111
nrdl	NRDL-09F6B5F59A	锡类散				中成药	{}	111
nrdl	NRDL-151AEB6699	丹参酮胶囊				中成药	{}	111
nrdl	NRDL-D16E999EEB	肤痔清软膏				中成药	{}	111
nrdl	NRDL-F56F07CA5C	复方黄柏液涂剂				中成药	{}	111
nrdl	NRDL-C3D9423FE7	虎黄烧伤搽剂				中成药	{}	111
nrdl	NRDL-D9B018CEB9	积雪苷霜软膏				中成药	{}	111
nrdl	NRDL-B4D580CB85	解毒烧伤软膏				中成药	{}	111
nrdl	NRDL-7E8CFED7C9	解毒生肌膏				中成药	{}	111
nrdl	NRDL-421677F0DC	康复新液				中成药	{}	111
nrdl	NRDL-108C1F3D8E	六神凝胶				中成药	{}	111
nrdl	NRDL-ED97C2003C	六应丸				中成药	{}	111
nrdl	NRDL-192677FB2D	龙珠软膏				中成药	{}	111
nrdl	NRDL-90E595DB1E	牛黄醒消丸				中成药	{}	111
nrdl	NRDL-303A0632A3	青龙蛇药片				中成药	{}	111
nrdl	NRDL-1B56149003	麝香痔疮栓				中成药	{}	111
nrdl	NRDL-2051899ACD	生肌玉红膏				中成药	{}	111
nrdl	NRDL-358531008F	湿润烧伤膏				中成药	{}	111
nrdl	NRDL-96ECFC74FE	烫疮油				中成药	{}	111
nrdl	NRDL-35BEE41A07	烫伤油				中成药	{}	111
nrdl	NRDL-3C129D7268	外用应急软膏				中成药	{}	111
nrdl	NRDL-CA41213974	外用紫金锭				中成药	{}	111
nrdl	NRDL-828E3F2126	五福化毒丸(片)				中成药	{}	111
nrdl	NRDL-991D9DB4A2	五黄膏				中成药	{}	111
nrdl	NRDL-EAF4DABC0E	小败毒膏				中成药	{}	111
nrdl	NRDL-928426A2C2	湛江蛇药				中成药	{}	111
nrdl	NRDL-A18C8526B0	痔血丸				中成药	{}	111
nrdl	NRDL-7DD747EE34	生肌八宝散				中成药	{}	111
nrdl	NRDL-1ED3AB0E80	提毒散				中成药	{}	111
nrdl	NRDL-9FA28D81B3	马应龙麝香痔疮膏				中成药	{}	111
nrdl	NRDL-A7558D0FFA	如意金黄散				中成药	{}	111
nrdl	NRDL-14A26D8A13	消痔灵注射液				中成药	{}	112
nrdl	NRDL-8F633BBA77	肛泰栓(软膏)				中成药	{}	112
nrdl	NRDL-DDE5C37822	创灼膏				中成药	{}	112
nrdl	NRDL-51AE1420F5	肛安栓				中成药	{}	112
nrdl	NRDL-35B21372CF	槐榆清热止血胶囊				中成药	{}	112
nrdl	NRDL-DACC848F12	九华膏				中成药	{}	112
nrdl	NRDL-C6F6A04EAC	九华痔疮栓				中成药	{}	112
nrdl	NRDL-E6AEDFAA91	普济痔疮栓				中成药	{}	112
nrdl	NRDL-380ADEA29B	消炎止痛膏				中成药	{}	112
nrdl	NRDL-ACB8E9D997	消痔栓(软膏)				中成药	{}	112
nrdl	NRDL-21D95758E9	消痔丸				中成药	{}	112
nrdl	NRDL-B3835685A7	痔疮片(胶囊)				中成药	{}	112
nrdl	NRDL-853292DB51	痔疮栓				中成药	{}	112
nrdl	NRDL-E35A316BB0	痔康片(胶囊)				中成药	{}	112
nrdl	NRDL-CF723E91EF	结石通片(胶囊)				中成药	{}	112
nrdl	NRDL-1EFD9017B1	排石颗粒				中成药	{}	112
nrdl	NRDL-838D60BD24	琥珀消石颗粒				中成药	{}	112
nrdl	NRDL-C766769719	结石康胶囊				中成药	{}	112
nrdl	NRDL-A579B30DF5	金钱草片(胶囊、颗粒)				中成药	{}	112
nrdl	NRDL-D98F3957B5	金钱胆通颗粒				中成药	{}	112
nrdl	NRDL-6B8F683419	利胆排石散(片、胶囊、颗粒)				中成药	{}	112
nrdl	NRDL-18002A76B4	尿石通丸				中成药	{}	112
nrdl	NRDL-434C188427	肾石通丸(片、颗粒)				中成药	{}	112
nrdl	NRDL-A946CAA388	内消瘰疬丸				中成药	{}	112
nrdl	NRDL-A0A49D0CFC	代温灸膏				中成药	{}	112
nrdl	NRDL-876C466B38	复方夏枯草膏				中成药	{}	112
nrdl	NRDL-914926FBC7	茴香橘核丸				中成药	{}	112
nrdl	NRDL-3651676183	内消瘰疬片				中成药	{}	112
nrdl	NRDL-60545919A5	五海瘿瘤丸				中成药	{}	112
nrdl	NRDL-57C7FC5691	西黄丸(胶囊)				中成药	{}	112
nrdl	NRDL-209CDE3CF9	小金丸(片、胶囊)				中成药	{}	112
nrdl	NRDL-71FD8F0813	阳和解凝膏				中成药	{}	112
nrdl	NRDL-13F7AC516C	腰肾膏				中成药	{}	112
nrdl	NRDL-D8220F6352	华蟾素片(胶囊)				中成药	{}	112
nrdl	NRDL-2DBE17C8C7	华蟾素注射液	限肿瘤患者。			中成药	{}	113
nrdl	NRDL-85A443F3C6	平消片(胶囊)				中成药	{}	113
nrdl	NRDL-F1BC0A5BB1	艾迪注射液	限二级及以上医疗机构癌症患者。			中成药	{}	113
nrdl	NRDL-D880BB5838	安替可胶囊				中成药	{}	113
nrdl	NRDL-277D13D79B	参莲胶囊(颗粒)				中成药	{}	113
nrdl	NRDL-44A25F0778	慈丹胶囊				中成药	{}	113
nrdl	NRDL-FD7F62BEB2	复方斑蝥胶囊				中成药	{}	113
nrdl	NRDL-498460FA58	复方黄黛片	限初治的急性早幼粒细胞白血病。			中成药	{}	113
nrdl	NRDL-28953DA4E4	复方红豆杉胶囊				中成药	{}	113
nrdl	NRDL-F13B8C6269	复方苦参注射液	限二级及以上医疗机构癌症患者。			中成药	{}	113
nrdl	NRDL-F8146335E6	肝复乐片(胶囊)				中成药	{}	113
nrdl	NRDL-3B5428083D	化癥回生口服液	限肿瘤患者。			中成药	{}	113
nrdl	NRDL-2CAA3D400A	回生口服液				中成药	{}	113
nrdl	NRDL-66F4146557	金龙胶囊				中成药	{}	113
nrdl	NRDL-2FB0B0468B	康莱特软胶囊				中成药	{}	113
nrdl	NRDL-C456A388B1	威麦宁胶囊				中成药	{}	113
nrdl	NRDL-6A9EFE9488	消癌平丸、消癌平颗粒(通关藤颗粒)、消癌平片 (通关藤片)、消癌平胶囊(通关藤胶囊)、消癌平 口服液(通关藤口服液)	限肿瘤患者。			中成药	{}	113
nrdl	NRDL-59AC1473F2	通关藤注射液(消癌平注射液)	限二级及以上医疗机构的肿瘤患者。			中成药	{}	113
nrdl	NRDL-DB69B200F9	鸦胆子油乳注射液	限二级及以上医疗机构癌症患者。			中成药	{}	113
nrdl	NRDL-0CDAA23C59	鸦胆子油软胶囊(口服乳液)				中成药	{}	113
nrdl	NRDL-9FECEB27C8	紫龙金片				中成药	{}	113
nrdl	NRDL-F9EB609421	食道平散	限中晚期食道癌所致食道狭窄梗阻的患者。			中成药	{}	113
nrdl	NRDL-8B6C2C864D	贞芪扶正片(胶囊、颗粒)				中成药	{}	113
nrdl	NRDL-72DE04828E	艾愈胶囊				中成药	{}	113
nrdl	NRDL-079ADBD88F	安康欣胶囊				中成药	{}	113
nrdl	NRDL-77E1DB7628	参丹散结胶囊				中成药	{}	113
nrdl	NRDL-CCFC94AE47	参芪扶正注射液	限二级及以上医疗机构癌症患者。			中成药	{}	113
nrdl	NRDL-3B6CDACA47	复方蟾酥膏				中成药	{}	113
nrdl	NRDL-9E979B9971	槐耳颗粒				中成药	{}	113
nrdl	NRDL-8AEA7C1E7D	健脾益肾颗粒				中成药	{}	113
nrdl	NRDL-51F9C25BD7	金复康口服液				中成药	{}	113
nrdl	NRDL-2B8464E173	康力欣胶囊				中成药	{}	113
nrdl	NRDL-98ABC08C3A	芪珍胶囊				中成药	{}	113
nrdl	NRDL-43D1AC8B53	生白颗粒(口服液、合剂)	限肿瘤患者。			中成药	{}	113
nrdl	NRDL-EDEFB72D03	养血饮口服液	限肿瘤患者。			中成药	{}	113
nrdl	NRDL-93D0BB542F	养正合剂				中成药	{}	114
nrdl	NRDL-80EEA6BDDE	养正消积胶囊				中成药	{}	114
nrdl	NRDL-F2B1977FF1	益肺清化膏	限肿瘤患者。			中成药	{}	114
nrdl	NRDL-0D6A7A341B	猪苓多糖注射液	限肿瘤患者。			中成药	{}	114
nrdl	NRDL-558D64129C	注射用黄芪多糖	限二级及以上医疗机构肿瘤患者，住院方可支付，单次最多 支付14天。			中成药	{}	114
nrdl	NRDL-013765C4DF	参一胶囊	限原发性肺癌、肝癌化疗期间使用。			中成药	{}	114
nrdl	NRDL-B909BCCFA5	妇科十味片				中成药	{}	114
nrdl	NRDL-7AD5D1C85A	补血益母丸(颗粒)				中成药	{}	114
nrdl	NRDL-CCFD85F722	坤宁颗粒(口服液)				中成药	{}	114
nrdl	NRDL-8FF1D54E67	补血生乳颗粒				中成药	{}	114
nrdl	NRDL-BB421A422C	妇科调经片(胶囊、颗粒、滴丸)				中成药	{}	114
nrdl	NRDL-10B46AB4EF	妇科再造丸(胶囊)				中成药	{}	114
nrdl	NRDL-773CE61586	妇女痛经丸(颗粒)				中成药	{}	114
nrdl	NRDL-CAB1C6E15A	复方益母片(胶囊、颗粒)				中成药	{}	114
nrdl	NRDL-84626D6CEE	复方益母口服液				中成药	{}	114
nrdl	NRDL-B5653FD0E2	经舒胶囊(颗粒)				中成药	{}	114
nrdl	NRDL-21F7FC60F8	七制香附丸				中成药	{}	114
nrdl	NRDL-3DE283CF2C	五加生化胶囊				中成药	{}	114
nrdl	NRDL-A3A979A1D4	经前舒颗粒				中成药	{}	114
nrdl	NRDL-F61870D6DA	香附调经止痛丸				中成药	{}	114
nrdl	NRDL-69B853067E	桂枝茯苓丸(片、胶囊)				中成药	{}	114
nrdl	NRDL-2E8508B47F	鲜益母草胶囊				中成药	{}	114
nrdl	NRDL-95246D958D	益母草膏(片、胶囊、颗粒)				中成药	{}	114
nrdl	NRDL-2A1645A81F	少腹逐瘀丸(胶囊、颗粒)				中成药	{}	114
nrdl	NRDL-E4A09CE004	生化丸				中成药	{}	114
nrdl	NRDL-AC7FFD8C4B	丹莪妇康煎膏(颗粒)				中成药	{}	114
nrdl	NRDL-14C100CA6D	丹黄祛瘀片(胶囊)				中成药	{}	114
nrdl	NRDL-18B92677D6	坤复康片(胶囊)				中成药	{}	114
nrdl	NRDL-270D26E09B	散结镇痛胶囊				中成药	{}	114
nrdl	NRDL-FF885D4253	舒尔经片(胶囊、颗粒)				中成药	{}	114
nrdl	NRDL-C743DD368F	田七痛经胶囊				中成药	{}	114
nrdl	NRDL-18174FD75D	调经活血片(胶囊)				中成药	{}	114
nrdl	NRDL-63253CCA61	痛经宝颗粒				中成药	{}	114
nrdl	NRDL-EF6ACE6064	温经汤颗粒				中成药	{}	115
nrdl	NRDL-AC7FFDF9F2	新生化片(颗粒)				中成药	{}	115
nrdl	NRDL-A6FC62B719	益母草注射液	限生育保险。			中成药	{}	115
nrdl	NRDL-7428632A1D	化瘀散结灌肠液				中成药	{}	115
nrdl	NRDL-BC61B509DE	加味生化颗粒				中成药	{}	115
nrdl	NRDL-E8FDF9550D	产后逐瘀胶囊				中成药	{}	115
nrdl	NRDL-FA5E9A025A	安宫止血颗粒				中成药	{}	115
nrdl	NRDL-F6E5A2048E	葆宫止血颗粒				中成药	{}	115
nrdl	NRDL-46E1FBB757	茜芷胶囊				中成药	{}	115
nrdl	NRDL-4A4D072402	断血流片(胶囊、颗粒、口服液)				中成药	{}	115
nrdl	NRDL-149392FDA6	妇科断红饮胶囊				中成药	{}	115
nrdl	NRDL-44F1B06D94	茜芷片				中成药	{}	115
nrdl	NRDL-157A551C88	血平片				中成药	{}	115
nrdl	NRDL-F2D89A681D	宫血停颗粒				中成药	{}	115
nrdl	NRDL-F0826F5408	妇科千金片(胶囊)				中成药	{}	115
nrdl	NRDL-91AC507FED	妇炎消胶囊				中成药	{}	115
nrdl	NRDL-5698161669	宫血宁胶囊				中成药	{}	115
nrdl	NRDL-2C4F24B8EE	宫炎平片(胶囊)				中成药	{}	115
nrdl	NRDL-09F44F1E72	花红片(胶囊、颗粒)				中成药	{}	115
nrdl	NRDL-6331B62A9A	金刚藤糖浆				中成药	{}	115
nrdl	NRDL-3FF75A0ADA	妇乐片(胶囊、颗粒)				中成药	{}	115
nrdl	NRDL-2527362D76	妇炎平胶囊				中成药	{}	115
nrdl	NRDL-4621E9E1E2	妇炎舒片(胶囊)				中成药	{}	115
nrdl	NRDL-D401DA3E88	金刚藤丸(片、胶囊、颗粒)				中成药	{}	115
nrdl	NRDL-856D878933	金鸡片(胶囊、颗粒)				中成药	{}	115
nrdl	NRDL-AD8F46E801	康妇炎胶囊				中成药	{}	115
nrdl	NRDL-DA32658FDF	抗妇炎胶囊				中成药	{}	115
nrdl	NRDL-25195B5776	抗宫炎片(胶囊、颗粒)				中成药	{}	115
nrdl	NRDL-6BEA617565	盆炎净片(胶囊、颗粒、口服液)				中成药	{}	115
nrdl	NRDL-796EB70D04	妇可靖胶囊				中成药	{}	115
nrdl	NRDL-9BD2EF90A1	保妇康栓				中成药	{}	115
nrdl	NRDL-F45569E84D	保妇康凝胶				中成药	{}	115
nrdl	NRDL-1572AE261B	妇炎平栓				中成药	{}	115
nrdl	NRDL-AF5A82BE3C	妇阴康洗剂				中成药	{}	115
nrdl	NRDL-AA4736E4BD	复方沙棘籽油栓				中成药	{}	116
nrdl	NRDL-A3F5098034	宫颈炎康栓				中成药	{}	116
nrdl	NRDL-F3A1C1CA3F	康妇凝胶				中成药	{}	116
nrdl	NRDL-5AD04DADFF	康妇消炎栓				中成药	{}	116
nrdl	NRDL-4DB02D0189	苦参软膏(凝胶)				中成药	{}	116
nrdl	NRDL-BE537E56BE	治糜康栓				中成药	{}	116
nrdl	NRDL-593D598C6B	椿乳凝胶				中成药	{}	116
nrdl	NRDL-30AB1B797E	妇必舒阴道泡腾片				中成药	{}	116
nrdl	NRDL-9CB5F72438	百草妇炎清栓				中成药	{}	116
nrdl	NRDL-1AD4DDA65E	艾附暖宫丸				中成药	{}	116
nrdl	NRDL-65B181C91F	八珍益母丸(片、胶囊)				中成药	{}	116
nrdl	NRDL-38AEE745E0	更年安片				中成药	{}	116
nrdl	NRDL-B47B2FAFF8	乌鸡白凤丸(片、胶囊)				中成药	{}	116
nrdl	NRDL-D944E6476E	坤泰胶囊				中成药	{}	116
nrdl	NRDL-A8E47201F4	安坤颗粒(片、胶囊)				中成药	{}	116
nrdl	NRDL-CCA440F2C9	安坤赞育丸				中成药	{}	116
nrdl	NRDL-EC56234705	八珍益母膏				中成药	{}	116
nrdl	NRDL-7F5CF989D0	产复康颗粒				中成药	{}	116
nrdl	NRDL-244A710308	地贞颗粒				中成药	{}	116
nrdl	NRDL-806736ADF2	定坤丹(丸)				中成药	{}	116
nrdl	NRDL-DD3E983D50	更年安丸(胶囊)				中成药	{}	116
nrdl	NRDL-DB389AA24F	女金丸(片、胶囊)				中成药	{}	116
nrdl	NRDL-FB433168DC	女珍颗粒				中成药	{}	116
nrdl	NRDL-B92523EA9F	千金止带丸				中成药	{}	116
nrdl	NRDL-522B2CAB6E	乌鸡白凤颗粒				中成药	{}	116
nrdl	NRDL-7101B811D3	孕康颗粒(口服液)				中成药	{}	116
nrdl	NRDL-6AAE6B9C7F	滋肾育胎丸				中成药	{}	116
nrdl	NRDL-5CF037D69B	宫瘤清片(胶囊、颗粒)				中成药	{}	116
nrdl	NRDL-5476BA15C5	乳癖消片(胶囊、颗粒)				中成药	{}	116
nrdl	NRDL-8036538D63	红金消结片(胶囊)				中成药	{}	116
nrdl	NRDL-B9DC0DD300	丹鹿胶囊	限乳腺增生。			中成药	{}	116
nrdl	NRDL-589A142226	宫瘤宁片(胶囊、颗粒)				中成药	{}	116
nrdl	NRDL-CC1B250A9C	宫瘤消胶囊				中成药	{}	116
nrdl	NRDL-CE11F53BE9	乳核散结片(胶囊)				中成药	{}	116
nrdl	NRDL-F3FB05F1B9	乳康丸(片、胶囊、颗粒)				中成药	{}	116
nrdl	NRDL-44BE3B0D96	乳块消片(胶囊、颗粒)				中成药	{}	116
nrdl	NRDL-A742DC513B	乳宁丸(片、胶囊)				中成药	{}	117
nrdl	NRDL-590C3F57CE	乳宁颗粒				中成药	{}	117
nrdl	NRDL-AF0C498198	乳癖散结片(胶囊、颗粒)				中成药	{}	117
nrdl	NRDL-DC8AC28856	乳癖消丸				中成药	{}	117
nrdl	NRDL-CDB2F024E7	乳增宁片(胶囊)				中成药	{}	117
nrdl	NRDL-4CD8285B55	消结安胶囊				中成药	{}	117
nrdl	NRDL-EA49E9A9B5	消乳散结胶囊				中成药	{}	117
nrdl	NRDL-75B0AAC1BB	岩鹿乳康片(胶囊)				中成药	{}	117
nrdl	NRDL-976BBC35BF	止痛化癥片(胶囊、颗粒)				中成药	{}	117
nrdl	NRDL-3057199AF2	黄连羊肝丸				中成药	{}	117
nrdl	NRDL-2A75E95A13	明目上清丸(片)				中成药	{}	117
nrdl	NRDL-EA5D0F8DC1	熊胆滴眼液				中成药	{}	117
nrdl	NRDL-F83C5069E3	明目蒺藜丸				中成药	{}	117
nrdl	NRDL-3F1B4B61F4	复方熊胆滴眼液				中成药	{}	117
nrdl	NRDL-F292481257	板蓝根滴眼液				中成药	{}	117
nrdl	NRDL-E4402E2E97	拨云退翳丸				中成药	{}	117
nrdl	NRDL-16C0DC37C0	黄连羊肝片				中成药	{}	117
nrdl	NRDL-304228AFCE	马应龙八宝眼膏				中成药	{}	117
nrdl	NRDL-51CE3FE56D	麝珠明目滴眼液				中成药	{}	117
nrdl	NRDL-FC5E8CFDD9	双黄连滴眼剂				中成药	{}	117
nrdl	NRDL-21F9C17E44	消朦眼膏				中成药	{}	117
nrdl	NRDL-DFE220AB89	鱼腥草滴眼液				中成药	{}	117
nrdl	NRDL-A5230BB6B7	明目地黄丸				中成药	{}	117
nrdl	NRDL-032D584D0B	石斛夜光丸				中成药	{}	117
nrdl	NRDL-17CB7964F4	障眼明片(胶囊)				中成药	{}	117
nrdl	NRDL-FB205D165D	珍珠明目滴眼液				中成药	{}	117
nrdl	NRDL-1F99E8E88E	明目地黄胶囊				中成药	{}	117
nrdl	NRDL-2172D701E6	复明片(胶囊、颗粒)				中成药	{}	117
nrdl	NRDL-A1FC0764FF	和血明目片				中成药	{}	117
nrdl	NRDL-43B7F0D689	金花明目丸				中成药	{}	117
nrdl	NRDL-769D5FB451	芪明颗粒	限2型糖尿病视网膜病变单纯型。			中成药	{}	117
nrdl	NRDL-AD1F590E5E	芍杞颗粒	限弱视。			中成药	{}	117
nrdl	NRDL-5078F1F159	石斛明目丸				中成药	{}	117
nrdl	NRDL-C05B5D8BA8	石斛夜光颗粒				中成药	{}	117
nrdl	NRDL-6684A91D32	双丹明目胶囊	限2型糖尿病视网膜病变单纯型。			中成药	{}	117
nrdl	NRDL-C7408D301A	止血祛瘀明目片				中成药	{}	118
nrdl	NRDL-AF5C729F52	复方血栓通胶囊				中成药	{}	118
nrdl	NRDL-16E9D50268	丹红化瘀口服液				中成药	{}	118
nrdl	NRDL-69BDA046E5	复方血栓通片(颗粒、软胶囊、滴丸)				中成药	{}	118
nrdl	NRDL-12CDB01142	夏天无滴眼液				中成药	{}	118
nrdl	NRDL-D7773EE3B4	耳聋左慈丸				中成药	{}	118
nrdl	NRDL-DA78E8B977	通窍耳聋丸				中成药	{}	118
nrdl	NRDL-88A0B998A7	耳聋丸(胶囊)				中成药	{}	118
nrdl	NRDL-75D8DCB726	冰连滴耳剂				中成药	{}	118
nrdl	NRDL-AA6FA362B2	鼻炎康片				中成药	{}	118
nrdl	NRDL-3D3E67F594	藿胆丸(片、滴丸)				中成药	{}	118
nrdl	NRDL-24BCECD437	香菊片(胶囊)				中成药	{}	118
nrdl	NRDL-3515F5DF30	辛芩颗粒				中成药	{}	118
nrdl	NRDL-9AFD6D7BB5	鼻窦炎口服液				中成药	{}	118
nrdl	NRDL-13D3B9AFD3	鼻咽清毒颗粒(鼻咽清毒剂)				中成药	{}	118
nrdl	NRDL-3479180698	鼻炎片				中成药	{}	118
nrdl	NRDL-62060D3C0F	小儿鼻炎片				中成药	{}	118
nrdl	NRDL-FE5FC1C3BB	鼻渊舒胶囊(口服液)				中成药	{}	118
nrdl	NRDL-CB57618D1D	鼻渊通窍颗粒				中成药	{}	118
nrdl	NRDL-2E81960357	千柏鼻炎片				中成药	{}	118
nrdl	NRDL-87F034F3B2	散风通窍滴丸				中成药	{}	118
nrdl	NRDL-1FD06D242E	通窍鼻炎片(胶囊、颗粒)				中成药	{}	118
nrdl	NRDL-D1D5D2D163	辛芩片				中成药	{}	118
nrdl	NRDL-D72D2C6C98	辛夷鼻炎丸				中成药	{}	118
nrdl	NRDL-A351126924	苍耳子鼻炎滴丸(胶囊)				中成药	{}	118
nrdl	NRDL-4FEFD994B0	冰硼散				中成药	{}	118
nrdl	NRDL-AA426321B7	黄氏响声丸				中成药	{}	118
nrdl	NRDL-7D20EF4D84	六神丸				中成药	{}	118
nrdl	NRDL-2836DDCBD7	清咽滴丸				中成药	{}	118
nrdl	NRDL-5DAB016D5E	玄麦甘桔胶囊(颗粒)				中成药	{}	118
nrdl	NRDL-1784432C4B	北豆根胶囊				中成药	{}	118
nrdl	NRDL-2598198BA4	川射干黄酮胶囊				中成药	{}	118
nrdl	NRDL-8C7D401B98	儿童清咽解热口服液				中成药	{}	118
nrdl	NRDL-D146294D9F	复方珍珠口疮颗粒				中成药	{}	119
nrdl	NRDL-73656BE123	甘桔冰梅片				中成药	{}	119
nrdl	NRDL-A54470A4CC	喉咽清颗粒(口服液)				中成药	{}	119
nrdl	NRDL-B57F70903D	金喉健喷雾剂				中成药	{}	119
nrdl	NRDL-B553A16945	金嗓开音丸(片、胶囊、颗粒)				中成药	{}	119
nrdl	NRDL-B5E0555432	金嗓散结丸(片、胶囊、颗粒)				中成药	{}	119
nrdl	NRDL-635300317F	开喉剑喷雾剂(含儿童型)				中成药	{}	119
nrdl	NRDL-95BCE92316	六神胶囊				中成药	{}	119
nrdl	NRDL-25AE5F425B	梅花点舌丸(片、胶囊)				中成药	{}	119
nrdl	NRDL-5B6B553018	清喉咽颗粒				中成药	{}	119
nrdl	NRDL-C444D3D96E	清咽润喉丸				中成药	{}	119
nrdl	NRDL-4184C206A0	清音丸				中成药	{}	119
nrdl	NRDL-C5AC9F8B19	双料喉风散				中成药	{}	119
nrdl	NRDL-3122B7F071	退热清咽颗粒				中成药	{}	119
nrdl	NRDL-24C48666AF	小儿青翘颗粒(小儿金翘颗粒)				中成药	{}	119
nrdl	NRDL-6C0FE72EF9	小儿咽扁颗粒				中成药	{}	119
nrdl	NRDL-BD32A5682F	咽立爽口含滴丸				中成药	{}	119
nrdl	NRDL-D09D563795	粘膜溃疡散				中成药	{}	119
nrdl	NRDL-4EEE1AF1D9	珠黄散				中成药	{}	119
nrdl	NRDL-90D00EA977	八味锡类散				中成药	{}	119
nrdl	NRDL-AC1D784574	甘桔清咽颗粒				中成药	{}	119
nrdl	NRDL-10C1C3BD9B	齿痛冰硼散				中成药	{}	119
nrdl	NRDL-7FF0D47F5B	丁细牙痛胶囊				中成药	{}	119
nrdl	NRDL-796394ECC8	复方牙痛酊				中成药	{}	119
nrdl	NRDL-7852CDB8C2	速效牙痛宁酊				中成药	{}	119
nrdl	NRDL-01E445779F	口腔溃疡散				中成药	{}	119
nrdl	NRDL-15CDD34FA6	口炎清颗粒				中成药	{}	119
nrdl	NRDL-B952E7F575	口腔炎气雾剂(喷雾剂)				中成药	{}	119
nrdl	NRDL-A8C4189D23	口炎清片(胶囊)				中成药	{}	119
nrdl	NRDL-C8F71A7869	连芩珍珠滴丸				中成药	{}	119
nrdl	NRDL-EE35B59C9F	跌打丸				中成药	{}	119
nrdl	NRDL-C4C9E7222F	接骨七厘散(丸、片、胶囊)				中成药	{}	119
nrdl	NRDL-A533753D62	七厘散(胶囊)				中成药	{}	119
nrdl	NRDL-FC4F523B9D	三七伤药片(胶囊、颗粒)				中成药	{}	120
nrdl	NRDL-59C1781E9F	伤科接骨片				中成药	{}	120
nrdl	NRDL-4617E70AF4	云南白药、云南白药片(胶囊)				中成药	{}	120
nrdl	NRDL-C2BA07049F	跌打活血散(胶囊)				中成药	{}	120
nrdl	NRDL-1574522C81	跌打片				中成药	{}	120
nrdl	NRDL-D4D5C33AD2	跌打七厘散(片)				中成药	{}	120
nrdl	NRDL-E4E208F0BA	复方伤痛胶囊				中成药	{}	120
nrdl	NRDL-37BED229AA	骨折挫伤胶囊				中成药	{}	120
nrdl	NRDL-904D9D1E12	红药片(胶囊)				中成药	{}	120
nrdl	NRDL-204AB76909	龙血竭散(片、胶囊)				中成药	{}	120
nrdl	NRDL-025482DE3C	沈阳红药、沈阳红药胶囊				中成药	{}	120
nrdl	NRDL-1E668B9D7F	愈伤灵胶囊				中成药	{}	120
nrdl	NRDL-6DD9CF1B38	云南红药胶囊				中成药	{}	120
nrdl	NRDL-D0154ADB66	正骨紫金丸				中成药	{}	120
nrdl	NRDL-04911616FE	云南白药酊(膏、气雾剂)				中成药	{}	120
nrdl	NRDL-F84C977469	红药贴膏(气雾剂)				中成药	{}	120
nrdl	NRDL-10AB0405DF	活血风湿膏				中成药	{}	120
nrdl	NRDL-8662D300A1	筋骨伤喷雾剂				中成药	{}	120
nrdl	NRDL-9782D5AD05	伤科灵喷雾剂				中成药	{}	120
nrdl	NRDL-3D8DA6FB25	麝香活血化瘀膏				中成药	{}	120
nrdl	NRDL-33495CB92F	神农镇痛膏				中成药	{}	120
nrdl	NRDL-22195C0336	消肿止痛酊				中成药	{}	120
nrdl	NRDL-6B3CA17C6D	肿痛气雾剂				中成药	{}	120
nrdl	NRDL-B48ABAFB32	活血止痛散(片、胶囊、软胶囊)				中成药	{}	120
nrdl	NRDL-5264270D68	颈舒颗粒				中成药	{}	120
nrdl	NRDL-759235D179	舒筋活血丸(片、胶囊)				中成药	{}	120
nrdl	NRDL-FC3DCDC3E4	颈复康颗粒				中成药	{}	120
nrdl	NRDL-ACB51EE699	腰痹通胶囊				中成药	{}	120
nrdl	NRDL-181A50D043	骨刺宁片(胶囊)				中成药	{}	120
nrdl	NRDL-44E1E684AF	活络丸				中成药	{}	120
nrdl	NRDL-F093D45C58	活血舒筋酊				中成药	{}	120
nrdl	NRDL-A28C1A976D	颈通颗粒				中成药	{}	120
nrdl	NRDL-11959B46D5	颈痛颗粒				中成药	{}	120
nrdl	NRDL-7376495A8A	扭伤归胶囊				中成药	{}	120
nrdl	NRDL-E371914E54	痛舒片(胶囊)				中成药	{}	120
nrdl	NRDL-8E06F28D9D	痛血康胶囊				中成药	{}	121
nrdl	NRDL-02767609BA	腰痛宁胶囊				中成药	{}	121
nrdl	NRDL-CB83EF2F00	治伤胶囊				中成药	{}	121
nrdl	NRDL-A534A60C61	归芪活血胶囊	限神经根型颈椎病。			中成药	{}	121
nrdl	NRDL-CA44A63CC4	狗皮膏				中成药	{}	121
nrdl	NRDL-2249AFE888	狗皮膏(改进型)				中成药	{}	121
nrdl	NRDL-EF77A61E2F	精制狗皮膏				中成药	{}	121
nrdl	NRDL-8124685AB4	新型狗皮膏				中成药	{}	121
nrdl	NRDL-4A83D7816F	复方南星止痛膏				中成药	{}	121
nrdl	NRDL-A68E1594FD	麝香追风止痛膏				中成药	{}	121
nrdl	NRDL-5FC77D38F8	跌打万花油				中成药	{}	121
nrdl	NRDL-872FEC9F95	骨通贴膏				中成药	{}	121
nrdl	NRDL-6FCF61081F	骨痛灵酊				中成药	{}	121
nrdl	NRDL-E603AF7E98	骨友灵搽剂				中成药	{}	121
nrdl	NRDL-32CF246AE9	骨质宁搽剂				中成药	{}	121
nrdl	NRDL-DBD8C6B455	活血止痛膏				中成药	{}	121
nrdl	NRDL-D41CF45CDE	六味祛风活络膏				中成药	{}	121
nrdl	NRDL-B56B0AF5B2	筋骨止痛凝胶				中成药	{}	121
nrdl	NRDL-4C8A2F9A7F	展筋活血散				中成药	{}	121
nrdl	NRDL-6DBDCB1635	镇痛活络酊				中成药	{}	121
nrdl	NRDL-085B9A765B	正骨水				中成药	{}	121
nrdl	NRDL-84DCDC9CD7	正红花油				中成药	{}	121
nrdl	NRDL-71489822DF	治伤软膏				中成药	{}	121
nrdl	NRDL-CBBF7E76B0	壮骨麝香止痛膏				中成药	{}	121
nrdl	NRDL-D5D109FF09	关节镇痛巴布膏				中成药	{}	121
nrdl	NRDL-04415EE45D	骨刺丸(片、胶囊)				中成药	{}	121
nrdl	NRDL-BD4F9CCE58	仙灵骨葆胶囊				中成药	{}	121
nrdl	NRDL-A79BC0C44D	复方杜仲健骨颗粒				中成药	{}	121
nrdl	NRDL-823F0AC143	骨康胶囊				中成药	{}	121
nrdl	NRDL-B2F14DA0F8	骨疏康胶囊(颗粒)				中成药	{}	121
nrdl	NRDL-65B5D6E50E	骨松宝胶囊(颗粒)				中成药	{}	121
nrdl	NRDL-3E4954A13D	骨仙片				中成药	{}	121
nrdl	NRDL-06A7739D14	骨愈灵片(胶囊)				中成药	{}	121
nrdl	NRDL-31BED718FD	护骨胶囊				中成药	{}	121
nrdl	NRDL-688E710986	抗骨增生丸(片、胶囊、颗粒)				中成药	{}	121
nrdl	NRDL-99C4D9F3DC	抗骨质增生丸				中成药	{}	121
nrdl	NRDL-4F244900B4	龙牡壮骨颗粒				中成药	{}	122
nrdl	NRDL-98A83AA631	芪骨胶囊	限女性绝经后骨质疏松症。			中成药	{}	122
nrdl	NRDL-387356346C	强骨胶囊				中成药	{}	122
nrdl	NRDL-82B847A454	藤黄健骨丸(片、胶囊)				中成药	{}	122
nrdl	NRDL-ED3F99CC33	仙灵骨葆片(颗粒)				中成药	{}	122
nrdl	NRDL-FC9C98C6BE	壮骨关节丸(胶囊)				中成药	{}	122
nrdl	NRDL-A5FBFFFCA5	壮骨止痛胶囊	限有原发性骨质疏松的诊断并有骨痛的临床症状。			中成药	{}	122
nrdl	NRDL-9F3C803275	恒古骨伤愈合剂				中成药	{}	122
nrdl	NRDL-6C990D2A65	全杜仲胶囊				中成药	{}	122
nrdl	NRDL-B36FCDCACD	金蝉止痒胶囊				中成药	{}	122
nrdl	NRDL-64FF51EBE5	润燥止痒胶囊				中成药	{}	122
nrdl	NRDL-4AB6FA4980	消银片(胶囊、颗粒)				中成药	{}	122
nrdl	NRDL-E63576F3FA	疤痕止痒软化乳膏(软化膏)	限工伤保险。			中成药	{}	122
nrdl	NRDL-5E1CD4BF82	白灵片(胶囊)				中成药	{}	122
nrdl	NRDL-D22990A03E	除湿止痒软膏				中成药	{}	122
nrdl	NRDL-4F31C9BC1D	当归苦参丸				中成药	{}	122
nrdl	NRDL-D671D38A09	肤痒颗粒				中成药	{}	122
nrdl	NRDL-B28E4BA7E4	复方青黛丸(片、胶囊)				中成药	{}	122
nrdl	NRDL-6A3DC32A71	复方土槿皮酊				中成药	{}	122
nrdl	NRDL-F2D81BC8E2	复方紫草油				中成药	{}	122
nrdl	NRDL-1861B4F9E5	黑豆馏油软膏				中成药	{}	122
nrdl	NRDL-3920A3E8F5	荆肤止痒颗粒				中成药	{}	122
nrdl	NRDL-4587319A4A	皮肤康洗液				中成药	{}	122
nrdl	NRDL-B790EBDC1C	皮敏消胶囊				中成药	{}	122
nrdl	NRDL-B9DEFF288C	乌蛇止痒丸				中成药	{}	122
nrdl	NRDL-A19778F358	消风止痒颗粒				中成药	{}	122
nrdl	NRDL-8884725CEA	癣湿药水				中成药	{}	122
nrdl	NRDL-9264E58200	复方硫黄乳膏				中成药	{}	122
nrdl	NRDL-F783ABCF8C	蛇脂参黄软膏				中成药	{}	122
nrdl	NRDL-243ED64ABD	银屑胶囊(颗粒)				中成药	{}	122
nrdl	NRDL-184129FBFD	郁金银屑片				中成药	{}	122
nrdl	NRDL-B5E39FFE04	八味沉香丸				中成药	{}	122
nrdl	NRDL-B2ED094D1D	白脉软膏				中成药	{}	122
nrdl	NRDL-7829AAD7AB	冰黄肤乐软膏				中成药	{}	122
nrdl	NRDL-8B8FBA343E	常松八味沉香散				中成药	{}	122
nrdl	NRDL-5BFBE109BD	大月晶丸				中成药	{}	123
nrdl	NRDL-1C06897626	二十味沉香丸				中成药	{}	123
nrdl	NRDL-6F80C29532	二十味肉豆蔻丸				中成药	{}	123
nrdl	NRDL-EF07F51FC7	二十五味大汤丸				中成药	{}	123
nrdl	NRDL-67704216AE	二十五味儿茶丸				中成药	{}	123
nrdl	NRDL-D512120ADD	二十五味驴血丸				中成药	{}	123
nrdl	NRDL-C5EFDB3D65	二十五味珊瑚丸(胶囊)				中成药	{}	123
nrdl	NRDL-C80A02B103	二十五味松石丸				中成药	{}	123
nrdl	NRDL-82F15376D5	二十五味珍珠丸				中成药	{}	123
nrdl	NRDL-8A3B5A2B25	洁白丸(胶囊)				中成药	{}	123
nrdl	NRDL-ACF5962749	九味牛黄丸				中成药	{}	123
nrdl	NRDL-E727E0F487	利舒康胶囊				中成药	{}	123
nrdl	NRDL-3A19620EB2	流感丸				中成药	{}	123
nrdl	NRDL-4B81ECA9FC	六味能消丸(胶囊)				中成药	{}	123
nrdl	NRDL-04EF78930A	诺迪康片(胶囊、颗粒、口服液)				中成药	{}	123
nrdl	NRDL-9892786B8A	帕朱丸				中成药	{}	123
nrdl	NRDL-285ACB3EF1	七十味珍珠丸				中成药	{}	123
nrdl	NRDL-22A5920F7F	七味红花殊胜散(丸)				中成药	{}	123
nrdl	NRDL-230471FC0C	青鹏膏剂(软膏)				中成药	{}	123
nrdl	NRDL-2A8536A1E2	仁青常觉				中成药	{}	123
nrdl	NRDL-A25B007314	仁青芒觉、仁青芒觉胶囊				中成药	{}	123
nrdl	NRDL-484F1F5D29	如意珍宝丸				中成药	{}	123
nrdl	NRDL-1D2FBA1F18	三十五味沉香丸				中成药	{}	123
nrdl	NRDL-5547E2E8C8	珊瑚七十味丸				中成药	{}	123
nrdl	NRDL-83F6A9B0FC	十味蒂达胶囊				中成药	{}	123
nrdl	NRDL-CA6BC2B555	十味黑冰片丸				中成药	{}	123
nrdl	NRDL-27BAD074FF	十味龙胆花胶囊(颗粒)				中成药	{}	123
nrdl	NRDL-3E37686F73	十五味沉香丸				中成药	{}	123
nrdl	NRDL-2AD8D7037D	十五味黑药丸				中成药	{}	123
nrdl	NRDL-9E2AB279A5	十五味龙胆花丸				中成药	{}	123
nrdl	NRDL-AEFB9B90C8	石榴健胃丸(片、胶囊、散)				中成药	{}	123
nrdl	NRDL-0CBA37D7E3	五味麝香丸				中成药	{}	123
nrdl	NRDL-4862CD3929	消痛贴膏				中成药	{}	123
nrdl	NRDL-DA2586F177	雪山金罗汉止痛涂膜剂				中成药	{}	123
nrdl	NRDL-3E4395B022	智托洁白丸				中成药	{}	123
nrdl	NRDL-0D935B790D	坐珠达西				中成药	{}	123
nrdl	NRDL-A48BB7E345	安神丸				中成药	{}	123
nrdl	NRDL-A9C9BC852C	六味明目丸				中成药	{}	123
nrdl	NRDL-9BC52466FB	六味安消丸				中成药	{}	124
nrdl	NRDL-1246B4E790	安儿宁颗粒				中成药	{}	124
nrdl	NRDL-A37493F0FF	红花如意丸				中成药	{}	124
nrdl	NRDL-98EBE8BB3C	阿拉坦五味丸				中成药	{}	124
nrdl	NRDL-C1BCE1BE22	安神补心六味丸				中成药	{}	124
nrdl	NRDL-218F4A1659	巴特日七味丸				中成药	{}	124
nrdl	NRDL-09D3F6F73D	大黄三味片				中成药	{}	124
nrdl	NRDL-80B81CD05B	风湿二十五味丸				中成药	{}	124
nrdl	NRDL-A534FECEE8	寒水石二十一味散				中成药	{}	124
nrdl	NRDL-ABE35B59DB	红花清肝十三味丸				中成药	{}	124
nrdl	NRDL-5B14BE536B	黄柏八味片				中成药	{}	124
nrdl	NRDL-174542E3D5	吉祥安坤丸				中成药	{}	124
nrdl	NRDL-885D8DCAC3	六味安消散(片、胶囊)				中成药	{}	124
nrdl	NRDL-4DF51A2624	那如三味丸				中成药	{}	124
nrdl	NRDL-44DEC5D4BE	暖宫七味丸(散)				中成药	{}	124
nrdl	NRDL-71A6BC47B7	清感九味丸				中成药	{}	124
nrdl	NRDL-19C0A32CFD	清热八味丸(散、胶囊)				中成药	{}	124
nrdl	NRDL-3C790A9D9C	清心沉香八味丸(散)				中成药	{}	124
nrdl	NRDL-42BF54AB96	肉蔻五味丸				中成药	{}	124
nrdl	NRDL-BD3B4051D6	扫日劳清肺止咳胶囊				中成药	{}	124
nrdl	NRDL-F55F4BCDAB	四味土木香散				中成药	{}	124
nrdl	NRDL-9311F992B3	调元大补二十五味汤散				中成药	{}	124
nrdl	NRDL-80A503F147	外用溃疡散				中成药	{}	124
nrdl	NRDL-7FA6D7EB2E	乌兰十三味汤散				中成药	{}	124
nrdl	NRDL-2C1A299E25	消积洁白丸				中成药	{}	124
nrdl	NRDL-D610B6547E	小儿石蔻散				中成药	{}	124
nrdl	NRDL-8AC50FEC07	益肾十七味丸				中成药	{}	124
nrdl	NRDL-1B21FFA930	扎冲十三味丸				中成药	{}	124
nrdl	NRDL-CEC9AEAC6C	珍宝丸				中成药	{}	124
nrdl	NRDL-4951BCA4EC	珍珠通络丸				中成药	{}	124
nrdl	NRDL-917C3887BC	凉血十味散(片)				中成药	{}	124
nrdl	NRDL-AE700554EA	阿娜尔妇洁液				中成药	{}	124
nrdl	NRDL-AD4424826E	爱维心口服液				中成药	{}	124
nrdl	NRDL-36430CA8ED	百癣夏塔热片(胶囊)				中成药	{}	124
nrdl	NRDL-E22BDFB648	复方高滋斑片				中成药	{}	124
nrdl	NRDL-AFDCE54F02	复方卡力孜然酊				中成药	{}	124
nrdl	NRDL-23F468EFDC	复方木尼孜其颗粒				谈判	{}	125
nrdl	NRDL-E0DA4300F2	寒喘祖帕颗粒				谈判	{}	125
nrdl	NRDL-FD0E8320EE	护肝布祖热颗粒				谈判	{}	125
nrdl	NRDL-E06FBFEB01	健心合米尔高滋斑安比热片				谈判	{}	125
nrdl	NRDL-46A10D2CAE	罗补甫克比日丸				谈判	{}	125
nrdl	NRDL-E66D828F0F	玛木然止泻胶囊				谈判	{}	125
nrdl	NRDL-B2F9FCA39E	玫瑰花口服液				谈判	{}	125
nrdl	NRDL-3A22202F25	尿通卡克乃其片				谈判	{}	125
nrdl	NRDL-7C5FF4717E	清热卡森颗粒				谈判	{}	125
nrdl	NRDL-4946B68C69	石榴补血糖浆				谈判	{}	125
nrdl	NRDL-FAE4199612	通滞苏润江片(胶囊)				谈判	{}	125
nrdl	NRDL-EDCC28C915	西帕依固龈液				谈判	{}	125
nrdl	NRDL-B0CB43D18F	炎消迪娜儿糖浆				谈判	{}	125
nrdl	NRDL-7D55E21352	养心达瓦依米西克蜜膏				谈判	{}	125
nrdl	NRDL-9918BF6F4F	益心巴迪然吉布亚颗粒				谈判	{}	125
nrdl	NRDL-57E909E529	祖卡木颗粒				谈判	{}	125
nrdl	NRDL-95D2A78EFF	消白软膏				谈判	{}	125
nrdl	NRDL-161FC01F98	药品名称	医保支付标准	备注	药品分类 代码	谈判	{}	126
nrdl	NRDL-68454B834D	注射用艾普拉唑钠	52.60元(10mg/瓶)	限：1.预防重症患者应激性溃疡出 血；2.消化性溃疡出血。		谈判	{}	126
nrdl	NRDL-B59B5F94CE	安奈拉唑钠肠溶片	*	限十二指肠溃疡。		谈判	{}	126
nrdl	NRDL-C7DF681E0B	替戈拉生片	*	限：1.反流性食管炎；2.十二指肠溃 疡；3.与适当的抗生素联用以根除幽 门螺杆菌。		谈判	{}	126
nrdl	NRDL-CAC99EDCCA	盐酸凯普拉生片	5.68元(10mg/片(按 C22H25FN2O4S计))	限：1.十二指肠溃疡；2.反流性食管 炎；3.与适当的抗生素联用以根除幽 门螺杆菌。		谈判	{}	126
nrdl	NRDL-632BCF7AC5	戊二酸利那拉生酯胶囊	*	限反流性食管炎。		谈判	{}	126
nrdl	NRDL-06BA4C591A	甲磺酸多拉司琼注射液	13.60元(1ml:12.5mg/支)； 66.82元(5ml:100mg/支)			谈判	{}	126
nrdl	NRDL-4FED7E3273	奈妥匹坦帕洛诺司琼胶囊	*			谈判	{}	126
nrdl	NRDL-7A312E1168	注射用磷罗拉匹坦帕洛诺司琼	*	限预防成人高度致吐性化疗(HEC)引起 的急性和迟发性恶心和呕吐。		谈判	{}	126
nrdl	NRDL-28796D20A4	门冬氨酸鸟氨酸颗粒	1.70元(1g/袋)； 3.95元(3g/袋)	限因急、慢性肝病如肝硬化、脂肪肝 、肝炎所致的高血氨症。		谈判	{}	126
nrdl	NRDL-D412D42DFC	磷酸钠盐散	*			谈判	{}	126
nrdl	NRDL-B568F562AC	芦比前列酮软胶囊	4.52元(24µg/粒)	限成人慢性特发性便秘的治疗。		谈判	{}	127
nrdl	NRDL-5C6BE7000D	盐酸替那帕诺片	*	限对磷结合剂疗效不充分或不耐受的 慢性肾脏病(CKD)成人透析患者。		谈判	{}	127
nrdl	NRDL-716AE7FF90	盐酸万古霉素胶囊	*			谈判	{}	127
nrdl	NRDL-D8BA02ECB2	德谷胰岛素利拉鲁肽注射液	*	限血糖控制不佳的成人2型糖尿病患者 。		谈判	{}	127
nrdl	NRDL-614CAA2B36	甘精胰岛素利司那肽注射液 (Ⅰ)	*	限血糖控制不佳的成人2型糖尿病患者 。		谈判	{}	127
nrdl	NRDL-6E72AF2C73	甘精胰岛素利司那肽注射液 (Ⅱ)	*	限血糖控制不佳的成人2型糖尿病患者 。		谈判	{}	127
nrdl	NRDL-5DB733DB6B	依柯胰岛素注射液	*	限其他胰岛素或口服药难以控制的2型 糖尿病患者。		谈判	{}	127
nrdl	NRDL-F78AB8F6C1	盐酸二甲双胍缓释片(Ⅳ)	1.17元(1.0g/片)			谈判	{}	127
nrdl	NRDL-BAEC019050	西格列汀二甲双胍缓释片(Ⅱ)	3.47元(每片含磷酸西格列汀 50mg(以C16H15F6N5O计)和盐酸 二甲双胍1000mg)			谈判	{}	127
nrdl	NRDL-1FBB9D7B88	恒格列净二甲双胍缓释片(Ⅰ)	*	限2型糖尿病患者。		谈判	{}	127
nrdl	NRDL-AB7D93BA4B	恒格列净二甲双胍缓释片(Ⅱ)	*	限2型糖尿病患者。		谈判	{}	127
nrdl	NRDL-FBF73B2321	瑞格列汀二甲双胍片(Ⅰ)	*			谈判	{}	127
nrdl	NRDL-C286EC2966	瑞格列汀二甲双胍片(Ⅱ)	*			谈判	{}	127
nrdl	NRDL-E8CFB4C0F0	磷酸瑞格列汀片	*			谈判	{}	127
nrdl	NRDL-B61E1B5E9B	苯甲酸福格列汀片	*			谈判	{}	128
nrdl	NRDL-2BBFD150C9	考格列汀片	*			谈判	{}	128
nrdl	NRDL-4E3313F94C	度拉糖肽注射液	*	限二甲双胍等口服降糖药或胰岛素控 制效果不佳的BMI≥25的患者，首次处 方时需由二级及以上医疗机构专科医 师开具处方。		谈判	{}	128
nrdl	NRDL-42B61C6FF5	聚乙二醇洛塞那肽注射液	*	限二甲双胍等口服降糖药或胰岛素控 制效果不佳的BMI≥25的患者，首次处 方时需由二级及以上医疗机构专科医 师开具处方。		谈判	{}	128
nrdl	NRDL-066321A41A	司美格鲁肽注射液	*	限：1.接受二甲双胍和/或磺脲类药物 治疗血糖仍控制不佳的成人2型糖尿病 患者；2.降低伴有心血管疾病的2型糖 尿病成人患者的主要心血管不良事件 (心血管死亡、非致死性心肌梗死或非 致死性卒中)风险。		谈判	{}	128
nrdl	NRDL-C4B8C52D19	依苏帕格鲁肽α注射液	*	限成人2型糖尿病患者的血糖控制。		谈判	{}	128
nrdl	NRDL-4DC99F499B	脯氨酸恒格列净片	*	限成人2型糖尿病患者。		谈判	{}	128
nrdl	NRDL-5F93321FB5	脯氨酸加格列净片	*	限2型糖尿病患者。		谈判	{}	128
nrdl	NRDL-F3BB348198	西格列他钠片	2.92元(16mg/片)			谈判	{}	128
nrdl	NRDL-ADDA4B12F5	多格列艾汀片	5.39元(75mg/片)	限2型糖尿病患者。		谈判	{}	128
nrdl	NRDL-9F8A700960	替尔泊肽注射液	*	限成人2型糖尿病患者的血糖控制：在 饮食控制和运动基础上，接受二甲双 胍和/或磺脲类药物治疗血糖仍控制不 佳的成人2型糖尿病患者。		谈判	{}	128
nrdl	NRDL-0B6CD1AD90	麦格司他胶囊	*	限C型尼曼匹克病患者。		谈判	{}	128
nrdl	NRDL-256032F26C	阿加糖酶α注射用浓溶液	*	限法布雷病(α-半乳糖苷酶A缺乏症) 患者的长期酶替代治疗，适用于成人 、儿童和青少年。尚未确定本品在0-6 岁儿童中的安全性和有效性。		谈判	{}	129
nrdl	NRDL-C76C5FD796	酒石酸艾格司他胶囊	381.00元(84mg/粒(按 C23H36N2O4计))	限经CYP2D6基因型检测为弱代谢型 (PMs)、中间代谢型(IMs)或快代谢型 (EMs)的Ⅰ型戈谢病(GD1)成年患者。		谈判	{}	129
nrdl	NRDL-4EADD341FD	贝米肝素钠注射液	35.90元(0.2ml:2500IU(抗 Xa))； 46.45元(0.2ml:3500IU(抗Xa))			谈判	{}	129
nrdl	NRDL-A3A042F57C	贝前列素钠缓释片	*	限WHO功能分级Ⅰ级-Ⅲ级的肺动脉高 压(PAH，WHO第1组)的患者，以改善患 者的运动能力。		谈判	{}	129
nrdl	NRDL-189D8FBC34	注射用阿替普酶	*	限急性心肌梗死发病12小时内、脑梗 死发病3小时内的溶栓治疗。		谈判	{}	129
nrdl	NRDL-177572428F	注射用重组人TNK组织型纤溶 酶原激活剂	3333.03元(1.0×10E7IU/16mg/ 支)	限急性心肌梗死发病6小时内、急性缺 血性卒中4.5小时内的溶栓治疗。		谈判	{}	129
nrdl	NRDL-E08D63E1B3	注射用替奈普酶	*	限脑梗死发病4.5小时内的溶栓治疗。		谈判	{}	129
nrdl	NRDL-2CBFD47AE3	注射用甲磺酸萘莫司他	10.60元(10mg/支)； 36.34元(50mg/支)			谈判	{}	129
nrdl	NRDL-C31D409A49	重组人血小板生成素注射液	*	限实体瘤化疗后所致的血小板减少症 或原发免疫性血小板减少症(ITP)。		谈判	{}	129
nrdl	NRDL-B188ACDAE1	注射用尖吻蝮蛇血凝酶	*			谈判	{}	129
nrdl	NRDL-1D09632983	海曲泊帕乙醇胺片	*	限：1.既往对糖皮质激素、免疫球蛋 白等治疗反应不佳的慢性原发免疫性 血小板减少症(ITP)成人患者；2.对免 疫抑制治疗(IST)疗效不佳的重型再生 障碍性贫血(SAA)成人患者。		谈判	{}	130
nrdl	NRDL-1CBE4BB67A	注射用罗普司亭	*	限对其他治疗(例如皮质类固醇、免疫 球蛋白)治疗反应不佳的成人(≥18周 岁)慢性原发免疫性血小板减少症 (ITP)患者。		谈判	{}	130
nrdl	NRDL-AEA30C4544	注射用罗普司亭N01	1475.00元(250µg/瓶)； 2507.50元(500µg/瓶)	限对其他治疗(例如皮质类固醇、免疫 球蛋白)治疗反应不佳的成人(≥18周 岁)慢性原发免疫性血小板减少症 (ITP)患者。		谈判	{}	130
nrdl	NRDL-7EBE7328E3	重组人凝血酶	373.00元(5000IU/支)	限成人经标准外科止血技术(如缝合、 结扎或电凝)控制出血无效或不可行， 促进手术创面渗血或毛细血管和小静 脉出血的止血。		谈判	{}	130
nrdl	NRDL-B39DA73E84	注射用培妥罗凝血素α	*	限：1.儿童甲(A)型血友病；2.成人甲 (A)型血友病限出血时使用。		谈判	{}	130
nrdl	NRDL-25A6DAD426	注射用重组人凝血因子Ⅶa N01	*	限凝血因子Ⅷ或Ⅸ的抑制物>5个 Bethesda单位(BU)的成人及青少年(12 岁以上)先天性血友病患者。		谈判	{}	130
nrdl	NRDL-5F1EC1987F	异麦芽糖酐铁注射液	*	限口服铁剂无效或无法口服补铁；或 临床上需要快速补充铁。		谈判	{}	130
nrdl	NRDL-EF35307D91	羧基麦芽糖铁注射液	*	限治疗≥1周岁儿童及成人缺铁患者： 口服铁剂治疗无效时；无法口服补铁 时；临床上需要快速补充铁时。		谈判	{}	130
nrdl	NRDL-20F659FA50	甲氧聚二醇重组人促红素注射 液	*	限因慢性肾脏病引起的贫血，且正在 接受红细胞生成刺激剂类药品治疗的 患者。		谈判	{}	130
nrdl	NRDL-0859AE7059	注射用罗特西普	*	限：1.极低危、低危和中危骨髓增生 异常综合征引起的贫血且需要定期输 注红细胞的成人患者；2.β-地中海贫 血成人患者。		谈判	{}	130
nrdl	NRDL-E0A2A21BC3	达依泊汀α注射液	*	限接受血液透析的成人慢性肾脏病患 者(CKD)的贫血。		谈判	{}	131
nrdl	NRDL-9F8FCB5B86	恩那度司他片	8.97元(1mg/片)； 15.25元(2mg/片)； 25.93元(4mg/片)	限非透析的成人慢性肾脏病(CKD)患者 。		谈判	{}	131
nrdl	NRDL-2F57123A7B	培莫沙肽注射液	*	限因慢性肾脏病引起的贫血，包括： 1.未接受红细胞生成刺激剂(ESA)治疗 的成人非透析患者；2.正在接受短效 促红细胞生成素治疗的成人透析患者 。		谈判	{}	131
nrdl	NRDL-9A3DAC8573	琥珀酰明胶电解质醋酸钠注射 液	100.00元(500ml:20g/袋)	限低血容量性休克或手术创伤、烧伤 等引起的低血容量患者。		谈判	{}	131
nrdl	NRDL-E91BCEDF04	多种油脂肪乳注射液(C6～24)	*	需经营养风险筛查，明确具有营养风 险，且不能经饮食或“肠内营养剂” 补充足够营养的住院患者方予支付。		谈判	{}	131
nrdl	NRDL-AE0DBB695A	中长链脂肪乳/氨基酸(16)/葡 萄糖(36%)注射液	90.00元(625ml/袋[中长链脂肪 乳注射液125ml；复方氨基酸 (16)注射液250ml；复方葡萄糖 (36%)注射液250ml])； 153.00元(1250ml/袋[中长链脂 肪乳注射液250ml；复方氨基酸 (16)注射液500ml；复方葡萄糖 (36%)注射液500ml])	需经营养风险筛查，明确具有营养风 险，且不能经饮食或“肠内营养剂” 补充足够营养的住院患者方予支付。		谈判	{}	131
nrdl	NRDL-65C9856F72	结构脂肪乳(20%)/氨基酸 (16)/葡萄糖(13%)注射液	*	需经营养风险筛查，明确具有营养风 险，且不能经饮食或“肠内营养剂” 补充足够营养的住院患者方予支付。		谈判	{}	131
nrdl	NRDL-00242D884A	小儿多种维生素注射液(13)	*	限与肠外营养药物配合使用时支付， 单独使用不予支付。		谈判	{}	131
nrdl	NRDL-5DB50084DB	注射用多种维生素(13)	*	限与肠外营养药物配合使用时支付， 单独使用不予支付。		谈判	{}	131
nrdl	NRDL-5DB4427048	ω-3甘油三酯(2%)中/长链脂 肪乳/氨基酸(16)/葡萄糖 (36%)注射液	171.76元(625ml/袋[125ml:ω-3 甘油三酯(2%)中/长链脂肪乳注 射液,250ml:复方葡萄糖(36%)注 射液,250ml:复方氨基酸(16)注 射液])； 292.00元(1250ml/袋[250ml:ω- 3甘油三酯(2%)中/长链脂肪乳注 射液,500ml:复方葡萄糖(36%)注 射液,500ml:复方氨基酸(16)注 射液])	需经营养风险筛查，明确具有营养风 险，且不能经饮食或“肠内营养剂” 补充足够营养的住院患者方予支付。		谈判	{}	132
nrdl	NRDL-B6FF5460A6	中长链脂肪乳/氨基酸(16)/葡 萄糖(30%)注射液	184.68元(1250ml/袋[中长链脂 肪乳注射液250ml；复方氨基酸 (16)注射液500ml；复方葡萄糖 (30%)注射液500ml])； 251.90元(1875ml/袋[中长链脂 肪乳注射液375ml；复方氨基酸 (16)注射液750ml；复方葡萄糖 (30％)注射液750ml])	需经营养风险筛查，明确具有营养风 险，且不能经饮食或“肠内营养剂” 补充足够营养的住院患者方予支付。		谈判	{}	132
nrdl	NRDL-E1E2F085E2	鱼油(3%)橄榄油中/长链脂肪 乳/氨基酸(16)/葡萄糖(13%) 注射液	*	需经营养风险筛查，明确具有营养风 险，且不能经饮食或“肠内营养剂” 补充足够营养的住院患者方予支付。		谈判	{}	132
nrdl	NRDL-0B18A8CBE7	艾考糊精腹膜透析液	*			谈判	{}	132
nrdl	NRDL-BC72FC6C33	门冬氨酸钾镁木糖醇注射液	38.35元(250ml:门冬氨酸1.7g与 钾0.228g与镁84mg与木糖醇 12.5g/袋)	限洋地黄中毒引起的心律失常患者。		谈判	{}	132
nrdl	NRDL-B62BCD8F0A	磷/碳酸氢钠血滤置换液	*	限：1.连续性肾脏替代治疗(CRRT)期 间用于急性肾损伤的治疗；2.肾脏替 代治疗启动后，当pH、钾和磷酸盐浓 度恢复正常时的急性后期治疗。		谈判	{}	132
nrdl	NRDL-1801A47220	拉那利尤单抗注射液	*	限12岁及以上患者预防遗传性血管性 水肿(HAE)发作。		谈判	{}	132
nrdl	NRDL-E433545447	维立西呱片	*	限心力衰竭失代偿经静脉治疗后病情 稳定的射血分数降低(射血分数<45%) 的症状性慢性心力衰竭成人患者。		谈判	{}	133
nrdl	NRDL-D870A4BDD3	丹参酮ⅡA磺酸钠注射液	11.90元(2ml:10mg/支)			谈判	{}	133
nrdl	NRDL-04776D90A8	玛伐凯泰胶囊	*	限纽约心脏协会(NYHA)心功能分级Ⅱ- Ⅲ级的梗阻性肥厚型心肌病(oHCM)成 人患者。		谈判	{}	133
nrdl	NRDL-0503B15EA6	非奈利酮片	*	限2型糖尿病相关的慢性肾脏病成人患 者。		谈判	{}	133
nrdl	NRDL-7648447F15	依普利酮片	1.23元(25mg/片)； 2.09元(50mg/片)			谈判	{}	133
nrdl	NRDL-D8301466DC	注射用盐酸兰地洛尔	168.00元(50mg/支)； 389.55元(150mg/支)	限：1.手术过程中发生的下列快速性 心律失常的紧急治疗：心房纤颤、心 房扑动、窦性心动过速；2.手术后循 环系统动态监护时发生的快速性心律 失常的紧急治疗：心房纤颤、心房扑 动、窦性心动过速；3.心功能不全患 者发生下列快速性心律失常的治疗： 心房纤颤、心房扑动。		谈判	{}	133
nrdl	NRDL-0DDEAE904E	盐酸拉贝洛尔氯化钠注射液	45.50元(100ml:盐酸拉贝洛尔 0.1g与氯化钠0.72g/袋)	适用于严重高血压。		谈判	{}	133
nrdl	NRDL-FB6350E4F5	氨氯地平叶酸片(Ⅱ)	1.58元(每片含苯磺酸氨氯地平 5mg(以氨氯地平计)与叶酸 0.8mg)	限伴有血浆同型半胱氨酸水平升高的 原发性高血压。		谈判	{}	133
nrdl	NRDL-AC492204A9	阿利沙坦酯氨氯地平片	*	限原发性高血压。		谈判	{}	134
nrdl	NRDL-AD02309E13	沙库巴曲阿利沙坦钙片	*	限原发性高血压。		谈判	{}	134
nrdl	NRDL-397E43F906	阿利沙坦酯吲达帕胺缓释片	*			谈判	{}	134
nrdl	NRDL-0ABB8C3DBD	非诺贝酸片	1.18元(35mg/片)			谈判	{}	134
nrdl	NRDL-5B0BC7DEED	海博麦布片	5.70元(10mg/片)； 9.69元(20mg/片)	限原发性(杂合子家族性或非家族性) 高胆固醇血症。		谈判	{}	134
nrdl	NRDL-4AA3D953D2	依洛尤单抗注射液	*	限：1.降低心血管事件的风险：在已有动 脉粥样硬化性心血管疾病的成人患者中， 降低心肌梗死、卒中以及冠脉血运重建的 风险。通过：与最大耐受剂量的他汀类药 物联合用药，伴随或不伴随其他降脂疗 法，或者在他汀类药物不耐受或禁忌使用 的患者中，单独用药或与其他降脂疗法联 合用药；2.原发性高胆固醇血症(包括杂 合子型家族性高胆固醇血症)和混合型血 脂异常：可作为饮食的辅助疗法，用于成 人原发性高胆固醇血症(杂合子家族性和 非家族性)或混合型血脂异常患者的治 疗，以降低低密度脂蛋白胆固醇(LDL-C) 水平：在接受最大耐受剂量的他汀类药物 治疗仍无法达到LDL-C目标的患者中，与 他汀类药物、或者与他汀类药物及其他降 脂疗法联合用药，或者在他汀类药物不耐 受或禁忌使用的患者中，单独用药或与其 他降脂疗法联合用药；3.纯合子型家族性 高胆固醇血症：用于成人或12岁以上青少 年的纯合子型家族性高胆固醇血症。可与 饮食疗法和其他降低密度脂蛋白胆固醇 (LDL-C)治疗(例如他汀类药物、依折麦布 、LDL分离术)合用，用于患有纯合子型家 族性高胆固醇血症(HoFH)且需要进一步降 低LDL-C的患者。		谈判	{}	135
nrdl	NRDL-4E0CCF93B7	托莱西单抗注射液	*	限在接受中等剂量或中等剂量以上他 汀类药物治疗，仍无法达到低密度脂 蛋白胆固醇(LDL-C)目标的原发性高胆 固醇血症(包括杂合子型家族性和非家 族性高胆固醇血症)和混合型血脂异常 的成人患者。		谈判	{}	135
nrdl	NRDL-A3C9FFFC31	英克司兰钠注射液	*	限成人原发性高胆固醇血症(杂合子型 家族性和非家族性)或混合型血脂异常 患者以下情况方予支付：1.接受最大 耐受剂量的他汀类药物治疗仍无法达 到LDL-C目标的患者；2.他汀类药物不 耐受或禁忌使用的患者。		谈判	{}	136
nrdl	NRDL-D38D1D4AC6	伊努西单抗注射液	*	限接受中等剂量或中等以上剂量他汀 类药物治疗后，仍无法达到低密度脂 蛋白胆固醇(LDL-C)目标的原发性高胆 固醇血症(包括杂合子型家族性和非家 族性高胆固醇血症)和混合型血脂异常 的成人患者。		谈判	{}	136
nrdl	NRDL-45B84460D1	注射用瑞卡西单抗	*	限接受中等或以上剂量他汀类药物治 疗，仍无法达到低密度脂蛋白胆固醇 (LDL-C)目标的原发性高胆固醇血症 (包括杂合子型家族性和非家族性高胆 固醇血症)和混合型血脂异常的成人患 者；或单药用于非家族性高胆固醇血 症和混合型血脂异常的成人患者。		谈判	{}	136
nrdl	NRDL-DE6EEC058A	昂戈瑞西单抗注射液	*	限接受中等或以上剂量他汀类药物治 疗，仍无法达到低密度脂蛋白胆固醇 (LDL-C)目标的原发性高胆固醇血症 (包括杂合子型家族性和非家族性高胆 固醇血症)和混合型血脂异常的成人患 者；或在他汀类药物不耐受或禁忌使 用的患者中，单独或与依折麦布联合 用药用于非家族性高胆固醇血症和混 合型血脂异常的成人患者。		谈判	{}	136
nrdl	NRDL-6FF0752CA2	盐酸奈康唑乳膏	22.50元(1%(10g:0.1g)/支)			谈判	{}	136
nrdl	NRDL-2727C6B26F	度普利尤单抗注射液	*	限对传统治疗无效、有禁忌或不耐受 的中重度特应性皮炎患者，需按说明 书用药。		谈判	{}	136
nrdl	NRDL-CA9B3F0FCC	阿布昔替尼片	*	限其他系统治疗(如激素或生物制剂) 应答不佳或不适宜上述治疗的难治性 、中重度特应性皮炎成人和12岁及以 上青少年患者。		谈判	{}	137
nrdl	NRDL-C8B6A850F1	司普奇拜单抗注射液	*	限：1.外用药控制不佳或不适合外用 药治疗的成人中重度特应性皮炎患 者；2.糖皮质激素治疗和/或手术治疗 控制不佳的慢性鼻窦炎伴鼻息肉成人 患者，在鼻用糖皮质激素治疗基础之 上使用；3.鼻用糖皮质激素联合抗组 胺药物治疗后症状控制不佳的成人中 重度季节性过敏性鼻炎患者。		谈判	{}	137
nrdl	NRDL-3D2A47414A	克霉唑阴道膨胀栓	7.98元(0.15g/粒)	限念珠菌性外阴阴道病。		谈判	{}	137
nrdl	NRDL-D03C52395E	雌二醇地屈孕酮片	*			谈判	{}	137
nrdl	NRDL-ECA4AE8A50	怡培生长激素注射液	506.00元(预充 式:2.5mg(0.35ml)/支)； 580.29元(预充 式:3.0mg(0.35ml)/支)； 651.72元(预充 式:3.5mg(0.35ml)/支)； 853.20元(预充 式:5.0mg(0.5ml)/支)； 418.11元(西林瓶 式:2.0mg(0.5ml)/瓶)	限3岁及以上儿童的生长激素缺乏症所 致的生长缓慢。		谈判	{}	137
nrdl	NRDL-C75788BE4C	金培生长激素注射液	*	限内源性生长激素缺乏(GHD)所引起的 儿童生长缓慢。		谈判	{}	138
nrdl	NRDL-FA75832340	醋酸兰瑞肽缓释注射液(预充 式)	*	限：1.肢端肥大症患者；2.不可切除 、高分化或中分化、局部晚期或转移 性胃肠胰神经内分泌瘤(GEP-NETs)的 成人患者；3.类癌综合征成人患者。		谈判	{}	138
nrdl	NRDL-F1068D47B2	布地奈德肠溶胶囊	*	限具有进展风险的原发性免疫球蛋白A 肾病(IgAN)成人患者。		谈判	{}	138
nrdl	NRDL-AC1BDA6B49	依伏卡塞片	*	限维持性透析患者的继发性甲状旁腺 功能亢进症。		谈判	{}	138
nrdl	NRDL-B46AC8FC06	注射用甲苯磺酸奥马环素	*			谈判	{}	138
nrdl	NRDL-9969B56D68	甲苯磺酸奥马环素片	*			谈判	{}	138
nrdl	NRDL-3C3F6D8C36	注射用头孢西丁钠/氯化钠注 射液	21.50元(粉体室：按头孢西丁 (C16H17N3O7S2)计1.0g；液体 室：氯化钠注射液100ml：0.9g/ 袋)； 26.05元(粉体室：按头孢西丁 (C16H17N3O7S2)计2.0g；液体 室：氯化钠注射液100ml：0.9g/ 袋)			谈判	{}	138
nrdl	NRDL-04DD5AF485	盐酸头孢卡品酯颗粒	*			谈判	{}	138
nrdl	NRDL-1836C0676E	注射用头孢他啶/5%葡萄糖注 射液	29.20元(粉体室1.0g；液体室 50ml:2.5g/袋)			谈判	{}	138
nrdl	NRDL-7786F3A4B9	注射用头孢地嗪钠/5%葡萄糖 注射液	24.20元(粉体室:1.0g(按 C20H20N6O7S4计)液体室:40ml: 葡萄糖2g/袋)； 30.64元(粉体室:2.0g(按 C20H20N6O7S4计)液体室:40ml: 葡萄糖2g/袋)			谈判	{}	139
nrdl	NRDL-B7E345A58F	注射用头孢地嗪钠/氯化钠注 射液	23.90元(粉体室:1.0g(按 C20H20N6O7S4计)液体室:40ml: 氯化钠0.36g/袋)； 30.13元(粉体室:2.0g(按 C20H20N6O7S4计)液体室:40ml: 氯化钠0.36g/袋)			谈判	{}	139
nrdl	NRDL-3D7A8D2E54	注射用头孢他啶阿维巴坦钠/ 氯化钠注射液	326.00元(粉体室 2.5g(C22H22N6O7S2 2.0g与 C7H11N3O6S 0.5g)；液体室 100ml:0.9g/袋)			谈判	{}	139
nrdl	NRDL-55819CAC0C	注射用头孢哌酮钠舒巴坦钠/ 氯化钠注射液	20.10元(粉体室 1.0g(C25H27N9O8S2 0.5g与 C8H11NO5S 0.5g)，液体室 100ml:氯化钠0.9g/袋)； 23.67元(粉体室 2.0g(C25H27N9O8S2 1g与 C8H11NO5S 1g)，液体室100ml: 氯化钠0.9g/袋)			谈判	{}	139
nrdl	NRDL-B3F6430F7F	注射用氨曲南阿维巴坦钠	*	限18岁及以上患者由敏感革兰阴性菌 引起的治疗药物选择有限或无替代治 疗的下列感染：1.复杂性腹腔感染 (cIAI)；2.医院获得性肺炎(HAP)，包 括呼吸机相关性肺炎(VAP)。		谈判	{}	139
nrdl	NRDL-8670AB85DD	注射用亚胺培南西司他丁钠/ 氯化钠注射液	53.08元(粉体室:1.0g(亚胺培南 C12H17N3O4S 500mg 和西司他丁 C16H26N2O5S 500mg)；液体室: 氯化钠注射液 100ml:0.9g/袋)	限头孢菌素耐药或重症感染患者。		谈判	{}	139
nrdl	NRDL-CB4D1B3B15	注射用美罗培南/氯化钠注射 液	28.66元(粉体室:按美罗培南 (C17H25N3O5S)计0.5g；液体室: 氯化钠注射液100ml:0.9g/袋)； 38.22元(粉体室:按美罗培南 (C17H25N3O5S)计1.0g；液体室: 氯化钠注射液100ml:0.9g/袋）			谈判	{}	140
nrdl	NRDL-3E9219341B	注射用头孢比罗酯钠	*	限成人以下感染方予支付：1.医院获 得性肺炎(HAP)，但呼吸机相关性肺炎 (VAP)除外；2.社区获得性肺炎(CAP) 。		谈判	{}	140
nrdl	NRDL-AAAC12D234	妥布霉素吸入溶液	253.60元(5ml:300mg/支)	限成人伴肺部铜绿假单胞菌感染的支 气管扩张症。		谈判	{}	140
nrdl	NRDL-DF2F597E14	苹果酸奈诺沙星氯化钠注射液	84.80元(250ml:苹果酸奈诺沙星 (按C20H25N3O4计)0.5g和氯化钠 2.25g/袋)	限对奈诺沙星呈现敏感的肺炎链球菌 、金黄色葡萄球菌、流感嗜血杆菌、 副流感嗜血杆菌、卡他莫拉菌、肺炎 克雷伯菌、铜绿假单胞菌以及肺炎支 原体、肺炎衣原体和嗜肺军团菌所致 的成人(≥18岁)社区获得性肺炎。		谈判	{}	140
nrdl	NRDL-18D1B6AB80	注射用磷酸左奥硝唑酯二钠	25.18元(0.125g/支)； 72.77元(0.5g/支)； 123.71元(1.0g/支)	限：1.肠道和肝脏严重的阿米巴病； 2.奥硝唑敏感厌氧菌引起的手术后感 染；3.预防外科手术导致的敏感厌氧 菌感染。		谈判	{}	140
nrdl	NRDL-B8A7EF83E5	康替唑胺片	*	限对本品敏感的金黄色葡萄球菌(甲氧 西林敏感和耐药的菌株)、化脓性链球 菌或无乳链球菌引起的复杂性皮肤和 软组织感染。		谈判	{}	140
nrdl	NRDL-6A01A8C3CB	醋酸来法莫林注射用浓溶液	*	限成人社区获得性肺炎。		谈判	{}	140
nrdl	NRDL-7CE05F32D0	醋酸来法莫林片	*	限成人社区获得性肺炎。		谈判	{}	140
nrdl	NRDL-961FB550B3	注射用两性霉素B胆固醇硫酸 酯复合物	*			谈判	{}	141
nrdl	NRDL-90A5505E21	硫酸艾沙康唑胶囊	*	限侵袭性曲霉病或侵袭性毛霉病的成 人患者。		谈判	{}	141
nrdl	NRDL-0B6548EEA3	奥特康唑胶囊	*	限重度外阴阴道假丝酵母菌病(VVC)。		谈判	{}	141
nrdl	NRDL-7D80C4EF2C	对氨基水杨酸肠溶颗粒	26.60元(4g/袋(按C7H7NO3计))			谈判	{}	141
nrdl	NRDL-1583DF28E1	普托马尼片	*	限耐多药结核患者。		谈判	{}	141
nrdl	NRDL-09827C3316	艾米替诺福韦片	*	限慢性乙型肝炎成人患者。		谈判	{}	141
nrdl	NRDL-7785E2E93C	恩替卡韦颗粒	1.72元(0.5mg/袋)	限乙型肝炎。		谈判	{}	141
nrdl	NRDL-B4934D9A91	甲磺酸普雷福韦片	*	限慢性乙型肝炎成人患者。		谈判	{}	141
nrdl	NRDL-93E3D39DFD	来迪派韦索磷布韦片	*	限成人和12至＜18岁青少年的慢性丙 型肝炎病毒(HCV)感染。		谈判	{}	141
nrdl	NRDL-AA498FC2A6	索磷布韦维帕他韦片	*	限成人慢性丙型肝炎病毒(HCV)感染。		谈判	{}	141
nrdl	NRDL-8C6B75DD12	盐酸可洛派韦胶囊	113.53元(60mg/粒)(协议有效期 内,谈判企业负责向购买盐酸可 洛派韦胶囊的患者免费提供同疗 程的索磷布韦片)	限基因 1、2、3、6 型成人慢性丙型 肝炎。		谈判	{}	141
nrdl	NRDL-289EC91325	索磷维伏片	*	限既往接受过含直接抗病毒药物(DAA) 方案、无肝硬化或伴代偿性肝硬化 (Child-Pugh A)的成人慢性丙型肝炎 病毒(HCV)感染。		谈判	{}	142
nrdl	NRDL-A09CE5796B	磷酸依米他韦胶囊	*	限与索磷布韦片联合，用于治疗成人 基因1型非肝硬化慢性丙型肝炎。		谈判	{}	142
nrdl	NRDL-6DAAC32158	奥磷布韦片	*	限基因 1、2、3、6 型成人慢性丙型 肝炎。		谈判	{}	142
nrdl	NRDL-635377D0A8	艾考恩丙替片	*	限艾滋病病毒感染。		谈判	{}	142
nrdl	NRDL-C829DF19AF	比克恩丙诺片	*	限艾滋病病毒感染。		谈判	{}	142
nrdl	NRDL-29121A87BB	艾诺韦林片	8.58元(75mg/片)	限艾滋病病毒感染。		谈判	{}	142
nrdl	NRDL-8BD6B89F37	拉米夫定多替拉韦片	*	限艾滋病病毒感染。		谈判	{}	142
nrdl	NRDL-B7ECD736C1	多拉米替片	*	限艾滋病病毒感染。		谈判	{}	142
nrdl	NRDL-EC1F2C1A19	阿兹夫定片	4.99元(1mg/片)； 11.58元(3mg/片)			谈判	{}	142
nrdl	NRDL-784D849E9E	艾诺米替片	24.15元(每片含艾诺韦林0.15g, 拉米夫定0.3g,富马酸替诺福韦 二吡呋酯0.3g)	限艾滋病病毒感染。		谈判	{}	142
nrdl	NRDL-2E36D20B25	恩曲利匹丙诺片	19.30元(每片含恩曲他滨0.2g, 盐酸利匹韦林(按 C22H18N6计)25mg,富马酸丙酚替 诺福韦(按C21H29N6O5P计)25mg)	限艾滋病病毒感染。		谈判	{}	142
nrdl	NRDL-B8231F7560	盐酸阿比多尔颗粒	2.90元(0.1g/袋)	限流感重症高危人群及重症患者的抗 流感病毒治疗。		谈判	{}	142
nrdl	NRDL-C0A743CDF3	氢溴酸氘瑞米德韦片	*	限轻中度新型冠状病毒感染(COVID- 19)的成年患者。		谈判	{}	142
nrdl	NRDL-1B892C177A	来瑞特韦片	*	限轻中度新型冠状病毒感染(COVID- 19)的成年患者。		谈判	{}	142
nrdl	NRDL-99CAA706CE	先诺特韦片/利托那韦片组合 包装	479.00元/盒(先诺特韦片 0.375g/利托那韦片0.1g,每盒30 片)	限轻中度新型冠状病毒感染(COVID- 19)成年患者。		谈判	{}	142
nrdl	NRDL-D965E85F77	阿泰特韦片/利托那韦片组合 包装	*	限轻中度新型冠状病毒感染(COVID- 19)的成年患者。		谈判	{}	143
nrdl	NRDL-F009E9CE1C	玛巴洛沙韦干混悬剂	*	限5至12岁以下单纯性甲型和乙型流感 儿童患者。		谈判	{}	143
nrdl	NRDL-F4DDA18942	马立巴韦片	*	限治疗造血干细胞移植或实体器官移 植后巨细胞病毒(CMV)感染和/或疾 病，且对一种或多种既往治疗(更昔洛 韦、缬更昔洛韦、西多福韦或膦甲酸 钠)难治(伴或不伴基因型耐药)的成人 患者。		谈判	{}	143
nrdl	NRDL-1937551228	玛舒拉沙韦片	*	限既往健康的12岁及以上青少年和成 人单纯性甲型和乙型流感患者的治 疗，不包括存在流感相关并发症高风 险的患者。		谈判	{}	143
nrdl	NRDL-BBC2E6E92A	昂拉地韦片	*	限成人单纯型甲型流感患者的治疗， 不包括存在流感相关并发症高风险的 患者。		谈判	{}	143
nrdl	NRDL-BB62A628DF	斯泰度塔单抗注射液	*	限成人破伤风紧急预防。		谈判	{}	143
nrdl	NRDL-3BE307F563	注射用紫杉醇聚合物胶束	*	限联合铂类用于表皮生长因子受体 (EGFR)基因突变阴性和间变性淋巴瘤 激酶(ALK)阴性、不可手术切除的局部 晚期或转移性非小细胞肺癌(NSCLC)患 者的一线治疗。		谈判	{}	143
nrdl	NRDL-B21D89B1CB	紫杉醇口服溶液	*	限一线含氟尿嘧啶类方案治疗期间或 治疗后出现疾病进展的晚期胃癌患者 。		谈判	{}	143
nrdl	NRDL-A19DE35C76	盐酸伊立替康脂质体注射液 (Ⅱ)	*	限既往经吉西他滨为基础的化疗治疗 失败的不可切除的局部晚期或转移性 胰腺癌患者的治疗。		谈判	{}	144
nrdl	NRDL-CD38C54A28	示踪用盐酸米托蒽醌注射液	*	限甲状腺手术区域淋巴结或乳腺癌前 哨淋巴结的示踪。		谈判	{}	144
nrdl	NRDL-2B0D321C08	盐酸米托蒽醌脂质体注射液	2970.00元(10ml:10mg/瓶)	限既往至少经过一线标准治疗的复发 或难治的外周T细胞淋巴瘤(PTCL)成人 患者。		谈判	{}	144
nrdl	NRDL-168B38436F	优替德隆注射液	*	限既往接受过至少一种化疗方案的复 发或转移性乳腺癌患者。		谈判	{}	144
nrdl	NRDL-DD1C7D3DDB	盐酸埃克替尼片	*	限：1.表皮生长因子受体(EGFR)基因 具有敏感突变的局部晚期或转移性非 小细胞肺癌(NSCLC)患者的一线治疗； 2.既往接受过至少一个化疗方案失败 后的局部晚期或转移性非小细胞肺癌 (NSCLC)；3.Ⅱ-ⅢA期伴有表皮生长因 子受体(EGFR)基因敏感突变非小细胞 肺癌(NSCLC)术后辅助治疗。		谈判	{}	144
nrdl	NRDL-253EFB0B35	甲磺酸阿美替尼片	*	限：1.表皮生长因子受体(EGFR)外显 子19缺失或外显子21(L858R)置换突变 的局部晚期或转移性非小细胞肺癌 (NSCLC)成人患者的一线治疗；2.既往 经EGFR酪氨酸激酶抑制剂(TKI)治疗时 或治疗后出现疾病进展，并且经检测 确认存在EGFR T790M突变阳性的局部 晚期或转移性非小细胞肺癌成人患者 的治疗；3.既往接受过手术切除治疗 的II-IIIB期具有表皮生长因子受体 (EGFR)外显子19缺失或外显子 21(L858R)置换突变的成人非小细胞肺 癌(NSCLC)患者的治疗；4.接受含铂放 化疗期间或之后未出现疾病进展，及 具有EGFR外显子19缺失或外显子 21(L858R)置换突变的局部晚期、不可 切除(III期)NSCLC成人患者的治疗。		谈判	{}	145
nrdl	NRDL-724F952B23	维莫非尼片	*	限BRAF V600 突变阳性的不可切除或 转移性黑色素瘤患者。		谈判	{}	145
nrdl	NRDL-C70496D070	甲磺酸达拉非尼胶囊	*	限：1.BRAF V600 突变阳性不可切除 或转移性黑色素瘤：联合曲美替尼适 用于治疗BRAF V600 突变阳性的不可 切除或转移性黑色素瘤患者；2.BRAF V600 突变阳性黑色素瘤的术后辅助治 疗：联合曲美替尼适用于BRAF V600 突变阳性的Ⅲ期黑色素瘤患者完全切 除后的辅助治疗；3.BRAF V600 突变 阳性的转移性非小细胞肺癌：联合曲 美替尼适用于治疗BRAF V600 突变阳 性的转移性非小细胞肺癌患者。		谈判	{}	145
nrdl	NRDL-B074A97221	盐酸阿来替尼胶囊	*	限：1.间变性淋巴瘤激酶(ALK)阳性的 ⅠB期至ⅢA期非小细胞肺癌患者术后 辅助治疗；2.间变性淋巴瘤激酶(ALK) 阳性的局部晚期或转移性非小细胞肺 癌患者。		谈判	{}	145
nrdl	NRDL-7808957B9D	布格替尼片	*	限间变性淋巴瘤激酶(ALK)阳性的局部 晚期或转移性的非小细胞肺癌(NSCLC) 患者。		谈判	{}	146
nrdl	NRDL-0BB47B2576	洛拉替尼片	*	限间变性淋巴瘤激酶(ALK)阳性的局部 晚期或转移性非小细胞肺癌患者。		谈判	{}	146
nrdl	NRDL-5D32051920	曲美替尼片	*	限：1.BRAF V600 突变阳性不可切除 或转移性黑色素瘤：联合甲磺酸达拉 非尼适用于治疗BRAF V600 突变阳性 的不可切除或转移性黑色素瘤患者； 2.BRAF V600 突变阳性黑色素瘤的术 后辅助治疗：联合甲磺酸达拉非尼适 用于BRAF V600 突变阳性的Ⅲ期黑色 素瘤患者完全切除后的辅助治疗； 3.BRAF V600突变阳性的转移性非小细 胞肺癌：联合甲磺酸达拉非尼适用于 治疗BRAF V600突变阳性的转移性非小 细胞肺癌患者。		谈判	{}	146
nrdl	NRDL-C7D11B6BB8	硫酸氢司美替尼胶囊	*	限3岁及3岁以上伴有症状、无法手术 的丛状神经纤维瘤(PN)的I型神经纤维 瘤病(NF1)儿童患者。		谈判	{}	146
nrdl	NRDL-46A445B360	芦沃美替尼片	*	限：1.2岁及2岁以上伴有症状、无法 手术的丛状神经纤维瘤(PN)的I型神经 纤维瘤病(NF1)儿童及青少年患者；2. 朗格汉斯细胞组织细胞增生症(LCH)和 组织细胞肿瘤成人患者。		谈判	{}	146
nrdl	NRDL-0629DC2D33	阿贝西利片	*	限：1.联合内分泌治疗(他莫昔芬或芳 香化酶抑制剂)用于激素受体(HR)阳性 、人表皮生长因子受体2(HER2)阴性、 淋巴结阳性，高复发风险的早期乳腺 癌成人患者的辅助治疗；2.激素受体 (HR)阳性、人表皮生长因子受体 2(HER2)阴性的局部晚期或转移性乳腺 癌：与芳香化酶抑制剂联合使用作为 绝经后女性患者的初始内分泌治疗； 与氟维司群联合用于既往曾接受内分 泌治疗后出现疾病进展的患者。		谈判	{}	146
nrdl	NRDL-58B67DE007	琥珀酸瑞波西利片	*	限：1.与芳香化酶抑制剂联合使用作 为激素受体(HR)阳性、人表皮生长因 子受体2(HER2)阴性高复发风险的早期 乳腺癌患者的辅助治疗；2.激素受体 (HR)阳性、人表皮生长因子受体 2(HER2)阴性局部晚期或转移性乳腺 癌，与芳香化酶抑制剂联合用药作为 女性患者的初始内分泌治疗。		谈判	{}	147
nrdl	NRDL-7AB77516EB	吡洛西利片	*	限：1.与氟维司群联合用于既往接受 内分泌治疗后出现疾病进展的激素受 体(HR)阳性、人表皮生长因子受体 2(HER2)阴性晚期或转移性乳腺癌成人 患者；2.既往转移性阶段接受过两种 及以上内分泌治疗和一种化疗后出现 疾病进展的激素受体(HR)阳性、人表 皮生长因子受体2(HER2)阴性晚期或转 移性乳腺癌成人患者。		谈判	{}	147
nrdl	NRDL-45000E0CC7	枸橼酸伏维西利胶囊	*	限联合氟维司群用于既往接受内分泌 治疗后出现疾病进展的激素受体(HR) 阳性、人表皮生长因子2(HER2)阴性的 复发或转移性成年乳腺癌患者。		谈判	{}	147
nrdl	NRDL-578F365EE7	盐酸来罗西利片	*	限：1.与芳香化酶抑制剂联合使用作 为初始内分泌治疗的激素受体(HR)阳 性、人表皮生长因子受体2(HER2)阴性 (HR+/HER2-)局部晚期或转移性乳腺癌 成人患者；2.与氟维司群联合用于既 往接受内分泌治疗后疾病进展的激素 受体(HR)阳性、人表皮生长因子受体 2(HER2)阴性(HR+/HER2-)局部晚期或 转移性乳腺癌成人患者。		谈判	{}	147
nrdl	NRDL-FDC9131856	盐酸吉卡昔替尼片	*	限中危或高危原发性骨髓纤维化(PMF) 、真性红细胞增多症继发性骨髓纤维 化(PPV-MF)和原发性血小板增多症继 发性骨髓纤维化(PET-MF)的成人患者 。		谈判	{}	147
nrdl	NRDL-33C11C0432	呋喹替尼胶囊	*	限：1.既往接受过氟尿嘧啶类、奥沙 利铂和伊立替康为基础的化疗，以及 既往接受过或不适合接受抗血管内皮 生长因子(VEGF)治疗、抗表皮生长因 子受体(EGFR)治疗(RAS野生型)的转移 性结直肠癌(mCRC)患者；2.联合信迪 利单抗注射液用于既往系统性抗肿瘤 治疗后失败且不适合进行根治性手术 治疗或根治性放疗的晚期错配修复完 整(pMMR)子宫内膜癌患者。		谈判	{}	148
nrdl	NRDL-9E351AE7C6	泽布替尼胶囊	*	限：1.既往至少接受过一种治疗的成 人套细胞淋巴瘤(MCL)患者；2.成人慢 性淋巴细胞白血病(CLL)/小淋巴细胞 淋巴瘤(SLL)患者；3.成人华氏巨球蛋 白血症(WM)患者；4.联合奥妥珠单抗 用于既往接受过至少二线系统性治疗 的复发或难治性滤泡性淋巴瘤(FL)成 人患者。		谈判	{}	148
nrdl	NRDL-A4F27354CF	阿可替尼胶囊	*	限：1.既往至少接受过一种治疗的成 人慢性淋巴细胞白血病(CLL)/小淋巴 细胞淋巴瘤(SLL)患者；2.既往至少接 受过一种治疗的成人套细胞淋巴瘤 (MCL)患者。		谈判	{}	148
nrdl	NRDL-45179F4A3B	奥布替尼片	*	限：1.成人慢性淋巴细胞白血病 (CLL)/小淋巴细胞淋巴瘤(SLL)患者； 2.既往至少接受过一种治疗的成人套 细胞淋巴瘤(MCL)患者；3.既往至少接 受过一种治疗的成人边缘区淋巴瘤 (MZL)患者。		谈判	{}	148
nrdl	NRDL-259F308A5D	马来酸阿可替尼片	*	限：1.慢性淋巴细胞白血病(CLL)/小 淋巴细胞淋巴瘤(SLL)成人患者; 2.既 往至少接受过一种治疗的成人套细胞 淋巴瘤(MCL)患者。		谈判	{}	148
nrdl	NRDL-75661F29AB	匹妥布替尼片	*	限既往接受过至少两种系统性治疗(含 布鲁顿氏酪氨酸激酶[BTK]抑制剂)的 复发或难治性套细胞淋巴瘤(MCL)成人 患者。		谈判	{}	148
nrdl	NRDL-93BE3A093B	伊那利塞片	*	限联合哌柏西利和氟维司群，用于内 分泌治疗耐药(包括在辅助内分泌治疗 期间或之后出现复发)、PIK3CA突变、 激素受体(HR)阳性、人表皮生长因子 受体2(HER2)阴性的局部晚期或转移性 乳腺癌成人患者。		谈判	{}	149
nrdl	NRDL-AAD486C03A	恩曲替尼胶囊	*	限：1.1月龄及以上，经充分验证的检 测方法诊断为携带神经营养酪氨酸受 体激酶(NTRK)融合基因且不包括已知 获得性耐药突变的实体瘤：患有局部 晚期、转移性疾病或手术切除可能导 致严重并发症的患者，或无满意替代 治疗或既往治疗失败的患者；2. ROS1 阳性的局部晚期或转移性非小细胞肺 癌(NSCLC)成人患者。		谈判	{}	149
nrdl	NRDL-E82DC3D3D3	瑞派替尼片	*	限既往接受过3种或以上激酶抑制剂 (包括伊马替尼)的晚期胃肠间质瘤 (GIST)成人患者。		谈判	{}	149
nrdl	NRDL-E05939DBB2	甲磺酸氟马替尼片	34.31元(0.1g/片)； 58.33元(0.2g/片)	限费城染色体阳性的慢性髓性白血病 (Ph+ CML)慢性期成人患者。		谈判	{}	149
nrdl	NRDL-EB62620F7A	盐酸安罗替尼胶囊	*	限：1.既往至少接受过2种系统化疗后 出现进展或复发的局部晚期或转移性 非小细胞肺癌患者的治疗。对于存在 表皮生长因子受体(EGFR)基因突变或 间变性淋巴瘤激酶(ALK)阳性的患者， 在开始本品治疗前应接受相应的标准 靶向药物治疗后进展、且至少接受过2 种系统化疗后出现进展或复发；2.既 往至少接受过2种化疗方案治疗后进展 或复发的小细胞肺癌患者的治疗；3. 腺泡状软组织肉瘤、透明细胞肉瘤以 及既往至少接受过含蒽环类化疗方案 治疗后进展或复发的其他晚期软组织 肉瘤患者的治疗；4.局部晚期或转移 性软组织肉瘤患者的一线治疗；5.具 有临床症状或明确疾病进展的、不可 切除的局部晚期或转移性甲状腺髓样 癌患者的治疗；6.进展性、局部晚期 或转移性放射性碘难治性分化型甲状 腺癌患者。		谈判	{}	150
nrdl	NRDL-A01DC5858B	马来酸吡咯替尼片	*	限：1.表皮生长因子受体2(HER2)阳性 的复发或转移性乳腺癌患者；2.表皮 生长因子受体2(HER2)阳性早期或局部 晚期乳腺癌患者的新辅助治疗。		谈判	{}	150
nrdl	NRDL-1BEEE3EAD7	甲苯磺酸多纳非尼片	*	限：1.既往未接受过全身系统性治疗 的不可切除肝细胞癌患者；2.进展性 、局部晚期或转移性放射性碘难治性 分化型甲状腺癌患者。		谈判	{}	150
nrdl	NRDL-47EB186130	盐酸恩沙替尼胶囊	*	限间变性淋巴瘤激酶(ALK)阳性的局部 晚期或转移性的非小细胞肺癌(NSCLC) 患者。		谈判	{}	150
nrdl	NRDL-7940204FE4	甲磺酸伏美替尼片	*	限：1.表皮生长因子受体(EGFR)外显 子19缺失或外显子21(L858R)置换突变 的局部晚期或转移性非小细胞肺癌 (NSCLC)成人患者的一线治疗；2.既往 因表皮生长因子受体(EGFR)酪氨酸激 酶抑制剂(TKI)治疗时或治疗后出现疾 病进展，并且经检验确认存在EGFR T790M 突变阳性的局部晚期或转移性 非小细胞肺癌成人患者的治疗。		谈判	{}	151
nrdl	NRDL-9C22F9EB7B	索凡替尼胶囊	*	限无法手术切除的局部晚期或转移性 、进展期非功能性、分化良好(G1、 G2)的胰腺和非胰腺来源的神经内分泌 瘤。		谈判	{}	151
nrdl	NRDL-EC070AF902	赛沃替尼片	*	限携带间质-上皮转化因子(MET)外显 子14跳变的局部晚期或转移性非小细 胞肺癌(NSCLC)成人患者。		谈判	{}	151
nrdl	NRDL-3EC4073D46	奥雷巴替尼片	*	限：1.对一代和二代酪氨酸激酶抑制 剂耐药和/或不耐受的慢性髓细胞白血 病慢性期成年患者；2.T315I突变的慢 性髓细胞白血病慢性期或加速期的成 年患者。		谈判	{}	151
nrdl	NRDL-732EF818BA	甲磺酸贝福替尼胶囊	*	限：1.表皮生长因子受体(EGFR)外显 子19缺失或外显子21(L858R)置换突变 的局部晚期或转移性非小细胞肺癌 (NSCLC)成人患者的一线治疗；2.既往 经表皮生长因子受体(EGFR)酪氨酸激 酶抑制剂(TKI)治疗时或治疗后出现疾 病进展，并且经检测确认存在EGFR T790M突变阳性的局部晚期或转移性非 小细胞肺癌(NSCLC)成人患者。		谈判	{}	151
nrdl	NRDL-59B40CC4B6	伏罗尼布片	*	限既往接受过酪氨酸激酶抑制剂治疗 失败的晚期肾细胞癌(RCC)患者。		谈判	{}	151
nrdl	NRDL-9BA0732BAB	谷美替尼片	*	限具有间质-上皮转化因子(MET)外显 子14跳变的局部晚期或转移性非小细 胞肺癌。		谈判	{}	151
nrdl	NRDL-1FC36986DC	阿伐替尼片	*	限携带血小板衍生生长因子受体α (PDGFRA)外显子18突变(包括PDGFRA D842V突变)的不可切除或转移性胃肠 道间质瘤(GIST)成人患者。		谈判	{}	151
nrdl	NRDL-2A24A4EC8F	伊鲁阿克片	*	限间变性淋巴瘤激酶(ALK)阳性的局部 晚期或转移性非小细胞肺癌(NSCLC)患 者。		谈判	{}	152
nrdl	NRDL-D18DBF0A94	盐酸卡马替尼片	*	限未经系统治疗的携带间质上皮转化 因子(MET)外显子14跳跃突变的局部晚 期或转移性非小细胞肺癌(NSCLC)成人 患者。		谈判	{}	152
nrdl	NRDL-7E5C77C7BA	盐酸特泊替尼片	*	限携带间质上皮转化因子(MET)外显子 14跳跃突变的局部晚期或转移性非小 细胞肺癌(NSCLC)成人患者。		谈判	{}	152
nrdl	NRDL-B00AD87272	戈利昔替尼胶囊	*	限既往至少接受过一线系统性治疗的 复发或难治的外周T细胞淋巴瘤(r/r PTCL)成人患者。		谈判	{}	152
nrdl	NRDL-3F2C877480	甲磺酸瑞厄替尼片	*	限：1.具有表皮生长因子受体(EGFR) 外显子19缺失或外显子21(L858R)置换 突变的局部晚期或转移性非小细胞肺 癌(NSCLC)成人患者的一线治疗；2.既 往经表皮生长因子受体(EGFR)酪氨酸 激酶抑制剂(TKI)治疗时或治疗后出现 疾病进展，并且经检测确认存在EGFR T790M突变阳性的局部晚期或转移性非 小细胞肺癌(NSCLC)成人患者的治疗。		谈判	{}	152
nrdl	NRDL-C519206500	甲磺酸瑞齐替尼胶囊	*	限：1.具有表皮生长因子受体(EGFR) 外显子19缺失或外显子 21(L858R)置 换突变的局部晚期或复发转移性非小 细胞肺癌(NSCLC)成人患者的一线治 疗；2.既往经表皮生长因子受体 (EGFR)酪氨酸激酶抑制剂(TKI)治疗时 或治疗后出现疾病进展，并且经检测 确认存在EGFR T790M突变阳性的局部 晚期或转移性非小细胞肺癌(NSCLC)成 人患者的治疗。		谈判	{}	152
nrdl	NRDL-92E6C477C0	瑞普替尼胶囊	*	限ROS1阳性的局部晚期或转移性非小 细胞肺癌(NSCLC)成人患者。		谈判	{}	152
nrdl	NRDL-0BACD836D7	舒沃替尼片	*	限既往经含铂化疗治疗时或治疗后出 现疾病进展，或不耐受含铂化疗，并 且检测确认存在表皮生长因子受体 (EGFR)20号外显子插入突变的局部晚 期或转移性非小细胞肺癌(NSCLC)的成 人患者。		谈判	{}	153
nrdl	NRDL-160B3069FB	枸橼酸依奉阿克胶囊	*	限未经过间变性淋巴瘤激酶(ALK)抑制 剂治疗的ALK阳性的局部晚期或转移性 非小细胞肺癌(NSCLC)患者。		谈判	{}	153
nrdl	NRDL-8EAD749702	富马酸安奈克替尼胶囊	*	限ROS1阳性的局部晚期或转移性非小 细胞肺癌(NSCLC)成人患者。		谈判	{}	153
nrdl	NRDL-C6FEF487AC	硫酸拉罗替尼胶囊	*	限经充分验证的检测方法诊断为携带 神经营养酪氨酸受体激酶(NTRK)融合 基因且不包括已知获得性耐药突变的 实体瘤：患有局部晚期、转移性疾病 或手术切除可能导致严重并发症的患 者，或无满意替代治疗或既往治疗失 败的患者。		谈判	{}	153
nrdl	NRDL-102001F1B7	硫酸拉罗替尼口服溶液	*	限经充分验证的检测方法诊断为携带 神经营养酪氨酸受体激酶(NTRK)融合 基因且不包括已知获得性耐药突变的 实体瘤：患有局部晚期、转移性疾病 或手术切除可能导致严重并发症的患 者，或无满意替代治疗或既往治疗失 败的患者。		谈判	{}	153
nrdl	NRDL-91D7712A59	妥拉美替尼胶囊	*	限含抗PD-1/PD-L1治疗失败的NRAS基 因突变的晚期黑色素瘤患者。		谈判	{}	153
nrdl	NRDL-DB11D7A5A6	伯瑞替尼肠溶胶囊	*	限：1.具有间质-上皮转化因子(MET) 外显子14跳变的局部晚期或转移性非 小细胞肺癌患者；2.具有间质-上皮转 化因子(MET)扩增的局部晚期或转移性 非小细胞肺癌患者；3.既往治疗失败 的具有PTPRZ1-MET融合基因的IDH突变 型星形细胞瘤(WHO4级)或有低级别病 史的胶质母细胞瘤成人患者。		谈判	{}	153
nrdl	NRDL-D9D977C455	利厄替尼片	*	限：1.具有表皮生长因子受体(EGFR) 外显子19缺失或外显子21(L858R)置换 突变的局部晚期或转移性非小细胞肺 癌(NSCLC)成人患者的一线治疗；2.既 往经EGFR酪氨酸激酶抑制剂(TKI)治疗 时或治疗后出现疾病进展，并且经检 测确认存在EGFR T790M突变阳性的局 部晚期或转移性NSCLC成人患者。		谈判	{}	154
nrdl	NRDL-8F5743858B	盐酸佐利替尼片	*	限具有表皮生长因子受体(EGFR)19号 外显子缺失或外显子21(L858R)置换突 变，并伴中枢神经系统(CNS)转移的局 部晚期或转移性非小细胞肺癌(NSCLC) 成人患者的一线治疗。		谈判	{}	154
nrdl	NRDL-86C1F908F0	普拉替尼胶囊	*	限：1.转染重排(RET)基因融合阳性的 局部晚期或转移性非小细胞肺癌 (NSCLC)成人患者；2.需要系统性治疗 的晚期或转移性RET突变型甲状腺髓样 癌(MTC)成人和12岁及以上儿童患者； 3.需要系统性治疗且放射性碘难治的 晚期或转移性RET融合阳性甲状腺癌成 人和12岁及以上儿童患者。		谈判	{}	154
nrdl	NRDL-98D8F27953	塞普替尼胶囊	*	限：1.转染重排(RET)基因融合阳性的 局部晚期或转移性非小细胞肺癌 (NSCLC)成人患者；2.需要系统性治疗 的晚期或转移性RET突变型甲状腺髓样 癌(MTC)成人和12岁及以上儿童患者； 3.需要系统性治疗且放射性碘难治的 晚期或转移性RET融合阳性甲状腺癌成 人和12岁及以上儿童患者。		谈判	{}	154
nrdl	NRDL-73CDC90AB7	己二酸他雷替尼胶囊	*	限ROS1阳性的局部晚期或转移性非小 细胞肺癌(NSCLC)成人患者。		谈判	{}	154
nrdl	NRDL-290065A6D2	氟泽雷塞片	*	限至少接受过一种系统性治疗的鼠类 肉瘤病毒癌基因(KRAS)G12C突变型的 晚期非小细胞肺癌(NSCLC)成人患者。		谈判	{}	154
nrdl	NRDL-FD80EEDD35	枸橼酸戈来雷塞片	*	限至少接受过一种系统性治疗的鼠类 肉瘤病毒癌基因(KRAS)G12C突变型的 晚期非小细胞肺癌(NSCLC)成人患者。		谈判	{}	154
nrdl	NRDL-74BED5E48E	格索雷塞片	*	限至少接受过一种系统性治疗的鼠类 肉瘤病毒癌基因(KRAS)G12C突变型的 晚期非小细胞肺癌(NSCLC)成人患者。		谈判	{}	155
nrdl	NRDL-C97FC2DFD3	卡匹色替片	*	限联合氟维司群用于转移性阶段至少 接受过一种内分泌治疗后疾病进展， 或在辅助治疗期间或完成辅助治疗后 12个月内复发的激素受体(HR)阳性、 人表皮生长因子受体2(HER2)阴性且伴 有一种或多种PIK3CA/AKT1/PTEN改变 的局部晚期或转移性乳腺癌成人患者 。		谈判	{}	155
nrdl	NRDL-5A8DC77B62	苹果酸法米替尼胶囊	*	限联合注射用卡瑞利珠单抗用于既往 接受含铂化疗治疗失败但未接受过贝 伐珠单抗治疗的复发或转移性宫颈癌 患者。		谈判	{}	155
nrdl	NRDL-A27BE9AB52	奥妥珠单抗注射液	*	限与化疗联合，用于初治的Ⅱ期伴有 巨大肿块、Ⅲ期或Ⅳ期滤泡性淋巴瘤 成人患者，达到至少部分缓解的患者 随后用奥妥珠单抗维持治疗。		谈判	{}	155
nrdl	NRDL-B8F6A49319	达雷妥尤单抗注射液	*	限：1.与来那度胺和地塞米松联合用 药或与硼替佐米、美法仑和泼尼松联 合用药治疗不适合自体干细胞移植的 新诊断的多发性骨髓瘤成年患者；2. 与来那度胺和地塞米松联合用药或与 硼替佐米和地塞米松联合用药治疗既 往至少接受过一线治疗的多发性骨髓 瘤成年患者；3.单药治疗复发和难治 性多发性骨髓瘤成年患者，患者既往 接受过包括蛋白酶体抑制剂和免疫调 节剂的治疗且最后一次治疗时出现疾 病进展。		谈判	{}	155
nrdl	NRDL-BEF18D0215	达雷妥尤单抗注射液(皮下注 射)	*	限：1.与来那度胺和地塞米松联合用 药或与硼替佐米、美法仑和泼尼松联 合用药治疗不适合自体干细胞移植的 新诊断的多发性骨髓瘤成年患者；2. 与来那度胺和地塞米松联合用药或与 硼替佐米和地塞米松联合用药治疗既 往至少接受过一线治疗的多发性骨髓 瘤成年患者；3.与泊马度胺和地塞米 松联合用药治疗既往接受过至少一线 治疗(包括来那度胺和蛋白酶体抑制 剂)的多发性骨髓瘤患者；4.单药治疗 复发和难治性多发性骨髓瘤成年患 者，患者既往接受过包括蛋白酶体抑 制剂和免疫调节剂的治疗且最后一次 治疗时出现疾病进展；5.新诊断的原 发性轻链型淀粉样变患者。本方案不 适合也不推荐用于患有NYHA ⅢB级或 Ⅳ级心脏疾病或Mayo ⅢB期的原发性 轻链型淀粉样变患者。		谈判	{}	156
nrdl	NRDL-2CD8267C93	艾沙妥昔单抗注射液	*	限：1.不适合自体干细胞移植(ASCT) 的新诊断的多发性骨髓瘤成人患者； 2.既往接受过至少一线治疗(包括来那 度胺和蛋白酶体抑制剂)的多发性骨髓 瘤成人患者。		谈判	{}	156
nrdl	NRDL-84C340283F	曲妥珠单抗注射液(皮下注射)	*	限：1.HER2阳性的早期乳腺癌患者的 辅助和新辅助治疗，支付不超过12个 月；2.HER2阳性的转移性乳腺癌。		谈判	{}	156
nrdl	NRDL-FE331E74F2	注射用恩美曲妥珠单抗	*	限：1.接受了紫杉烷类联合曲妥珠单 抗为基础的新辅助治疗后仍残存侵袭 性病灶的HER2阳性早期乳腺癌患者的 辅助治疗；2.限接受了紫杉烷类和曲 妥珠单抗治疗的HER2阳性、不可切除 局部晚期或转移性乳腺癌患者。		谈判	{}	156
nrdl	NRDL-12392D4E90	注射用德曲妥珠单抗	*	限：1.既往接受过一种或一种以上抗 HER2药物治疗的不可切除或转移性 HER2阳性成人乳腺癌患者；2.既往在 转移性疾病阶段接受过至少一种系统 治疗的，或在辅助化疗期间或完成辅 助化疗之后6个月内复发的，不可切除 或转移性HER2低表达(IHC 1+或IHC 2+/ISH-)成人乳腺癌患者。		谈判	{}	157
nrdl	NRDL-0679B456EA	注射用瑞康曲妥珠单抗	*	限存在HER2(ERBB2)激活突变且既往接 受过至少一种系统治疗的不可切除的 局部晚期或转移性非小细胞肺癌 (NSCLC)成人患者。		谈判	{}	157
nrdl	NRDL-C36A8F325E	西妥昔单抗注射液	*	限：1.RAS基因野生型的转移性结直肠 癌；2.头颈部鳞状细胞癌。		谈判	{}	157
nrdl	NRDL-C3D8DDF76E	西妥昔单抗β注射液	780.00元(100mg(10ml)/瓶)	限与FOLFIRI方案联合用于一线治疗 RAS/BRAF基因野生型的转移性结直肠 癌。		谈判	{}	157
nrdl	NRDL-3B518642D2	西妥昔单抗N01注射液	*	限与FOLFOX或FOLFIRI方案联合用于一 线治疗RAS基因野生型的转移性结直肠 癌。		谈判	{}	157
nrdl	NRDL-81D010856A	替雷利珠单抗注射液	*	限：1.PD-L1高表达的含铂化疗失败包括新辅助或辅助 化疗12个月内进展的局部晚期或转移性尿路上皮癌的治 疗；2.联合紫杉醇和卡铂或注射用紫杉醇(白蛋白结合 型)和卡铂用于不可手术切除的局部晚期或转移性鳞状 非小细胞肺癌的一线治疗；3.联合培美曲塞和铂类化疗 用于表皮生长因子受体(EGFR)基因突变阴性和间变性淋 巴瘤激酶(ALK)阴性、不可手术切除的局部晚期或转移 性非鳞状非小细胞肺癌的一线治疗；4.用于表皮生长因 子受体(EGFR)基因突变阴性和间变性淋巴瘤激酶(ALK) 阴性、既往接受过含铂方案化疗后疾病进展或不可耐受 的局部晚期或转移性非鳞状非小细胞肺癌(NSCLC)成人 患者，以及EGFR和ALK阴性或未知的，既往接受过含铂 方案化疗后疾病进展或不可耐受的局部晚期或转移性鳞 状NSCLC成人患者；5.联合含铂化疗新辅助治疗，并在 手术后继续单药辅助治疗，用于可切除的II期或IIIA期 非小细胞肺癌患者的治疗；6.联合依托泊苷和铂类化疗 用于广泛期小细胞肺癌(ES-SCLC)的一线治疗；7.不可 切除或转移性肝细胞癌患者的一线治疗；8.既往接受过 索拉非尼或仑伐替尼或含奥沙利铂全身化疗的晚期肝细 胞癌患者的治疗；9.不可切除或转移性微卫星高度不稳 定型(MSI-H)或错配修复基因缺陷型(dMMR)的成人晚期 实体瘤患者：既往经过氟尿嘧啶类、奥沙利铂和伊立替 康治疗后出现疾病进展的晚期结直肠癌患者；既往治疗 后出现疾病进展且无满意替代治疗方案的其他晚期实体 瘤患者；10.联合紫杉醇和铂类药物或含氟尿嘧啶类和 铂类药物用于不可切除的局部晚期、复发或转移性食管 鳞状细胞癌的一线治疗；11.既往接受过一线标准化疗 后进展或不可耐受的局部晚期或转移性食管鳞状细胞癌 的治疗；12.联合吉西他滨和顺铂用于复发或转移性鼻 咽癌的一线治疗；13.联合氟尿嘧啶类和铂类药物化疗 用于局部晚期不可切除的或转移性的胃或胃食管结合部 腺癌的一线治疗。		谈判	{}	158
nrdl	NRDL-35EF7ECC60	特瑞普利单抗注射液	*	限：1.既往接受全身系统治疗失败的不可 切除或转移性黑色素瘤的治疗；2. 不可 切除或转移性黑色素瘤的一线治疗；3.含 铂化疗失败包括新辅助或辅助化疗12个月 内进展的局部晚期或转移性尿路上皮癌的 治疗；4.既往接受过二线及以上系统治疗 失败的复发/转移性鼻咽癌患者的治疗； 5.联合顺铂和吉西他滨用于局部复发或转 移性鼻咽癌患者的一线治疗；6.联合紫杉 醇和顺铂适用于不可切除局部晚期/复发 或转移性食管鳞癌的一线治疗；7.联合培 美曲塞和铂类适用于表皮生长因子受体 (EGFR)基因突变阴性和间变性淋巴瘤激酶 (ALK)阴性、不可手术切除的局部晚期或 转移性非鳞状非小细胞肺癌(NSCLC)的一 线治疗；8.联合含铂化疗围手术期治疗， 继之本品单药作为辅助治疗，用于可切除 IIIA-IIIB期非小细胞肺癌(NSCLC)的成人 患者；9.联合阿昔替尼用于中高危的不可 切除或转移性肾细胞癌患者的一线治疗； 10.联合依托泊苷和铂类用于广泛期小细 胞肺癌(ES-SCLC)的一线治疗；11.联合注 射用紫杉醇(白蛋白结合型)用于经充分验 证的检测评估PD-L1阳性(CPS≥1)的复发 或转移性三阴性乳腺癌(TNBC)的一线治 疗；12.联合贝伐珠单抗用于不可切除或 转移性肝细胞癌患者的一线治疗。		谈判	{}	159
nrdl	NRDL-5E70D61357	信迪利单抗注射液	*	限：1.至少经过二线系统化疗的复发或难 治性经典型霍奇金淋巴瘤的治疗；2.非鳞 状非小细胞肺癌：(1)联合培美曲塞和铂 类化疗，用于表皮生长因子受体(EGFR)基 因突变阴性和间变性淋巴瘤激酶(ALK)阴 性、不可手术切除的局部晚期或转移性非 鳞状非小细胞肺癌(NSCLC)患者的一线治 疗；(2)联合贝伐珠单抗、培美曲塞和顺 铂，用于经表皮生长因子受体酪氨酸激酶 抑制剂(EGFR-TKI)治疗失败的EGFR基因突 变阳性的局部晚期或转移性非鳞状非小细 胞肺癌(NSCLC)患者的治疗；3.联合吉西 他滨和铂类化疗，用于不可手术切除的局 部晚期或转移性鳞状非小细胞肺癌 (NSCLC)的一线治疗；4.联合贝伐珠单 抗，用于既往未接受过系统治疗的不可切 除或转移性肝细胞癌的一线治疗；5.联合 紫杉醇和顺铂或氟尿嘧啶和顺铂用于不可 切除的局部晚期、复发或转移性食管鳞癌 的一线治疗；6.联合含氟尿嘧啶类和铂类 药物化疗用于不可切除的局部晚期、复发 或转移性胃及胃食管交界处腺癌的一线治 疗；7.联合呋喹替尼胶囊用于既往系统性 抗肿瘤治疗后失败且不适合进行根治性手 术治疗或根治性放疗的晚期错配修复完整 (pMMR)子宫内膜癌患者。		谈判	{}	160
nrdl	NRDL-6932BDE45B	注射用卡瑞利珠单抗	*	限：1.既往接受过索拉非尼治疗和/或 仑伐替尼治疗和/或含奥沙利铂系统化 疗的晚期肝细胞癌患者的治疗；2.联 合培美曲塞和卡铂适用于表皮生长因 子受体(EGFR)基因突变阴性和间变性 淋巴瘤激酶(ALK)阴性的、不可手术切 除的局部晚期或转移性非鳞状非小细 胞肺癌(NSCLC)的一线治疗；3.既往接 受过一线化疗后疾病进展或不可耐受 的局部晚期或转移性食管鳞癌患者的 治疗；4.既往接受过二线及以上化疗 后疾病进展或不可耐受的晚期鼻咽癌 患者的治疗；5.联合顺铂和吉西他滨 用于局部复发或转移性鼻咽癌患者的 一线治疗；6.联合紫杉醇和顺铂用于 不可切除局部晚期/复发或转移性食管 鳞癌患者的一线治疗；7.联合紫杉醇 和卡铂用于局部晚期或转移性鳞状非 小细胞肺癌患者的一线治疗；8.联合 甲磺酸阿帕替尼用于不可切除或转移 性肝细胞癌患者的一线治疗；9.联合 苹果酸法米替尼治疗既往经过含铂化 疗但未经过贝伐珠单抗治疗的复发或 转移性宫颈癌患者。		谈判	{}	161
nrdl	NRDL-005D88EA8B	恩朗苏拜单抗注射液	*	限既往接受含铂化疗治疗失败的PD-L1 表达阳性(CPS≥1)的复发或转移性宫 颈癌患者。		谈判	{}	161
nrdl	NRDL-9B0624A27B	赛帕利单抗注射液	*	限：1.既往接受含铂化疗治疗失败的 复发或转移性且PD-L1表达阳性(CPS≥ 1)的宫颈癌患者；2.至少经过二线系 统化疗的复发或难治性经典型霍奇金 淋巴瘤成人患者。		谈判	{}	161
nrdl	NRDL-F03B1CB324	菲诺利单抗注射液	*	限：1.复发性和/或转移性头颈部鳞状 细胞癌的一线治疗；2.联合贝伐珠单 抗用于既往未接受过系统治疗的不可 切除或转移性肝细胞癌的患者。		谈判	{}	162
nrdl	NRDL-3037CE11CE	塔戈利单抗注射液	*	限：1.既往接受过二线及以上化疗失 败的复发或转移性鼻咽癌患者的治 疗；2.复发或转移性鼻咽癌患者的一 线治疗。		谈判	{}	162
nrdl	NRDL-F0D02080C3	派安普利单抗注射液	*	限：1.至少经过二线系统化疗的复发 或难治性经典型霍奇金淋巴瘤成人患 者；2.局部晚期或转移性鳞状非小细 胞肺癌(NSCLC)的一线治疗；3.既往接 受过二线及以上系统治疗失败的复发/ 转移性鼻咽癌成人患者；4.复发或转 移性鼻咽癌的一线治疗。		谈判	{}	162
nrdl	NRDL-E67E5A49E8	注射用苏维西塔单抗	*	限铂耐药后接受过不超过1种系统治疗 的成人复发性卵巢癌、输卵管癌或原 发性腹膜癌的治疗。		谈判	{}	162
nrdl	NRDL-757F096B10	注射用维布妥昔单抗	*	限以下CD30阳性淋巴瘤成人患者：1. 复发或难治性系统性间变性大细胞淋 巴瘤(R/R sALCL)；2.复发或难治性经 典型霍奇金淋巴瘤(R/R cHL)；3.既往 接受过系统性治疗的原发性皮肤间变 性大细胞淋巴瘤(pcALCL)或蕈样真菌 病(MF)。		谈判	{}	162
nrdl	NRDL-78B0BC50EA	泽贝妥单抗注射液	*	限CD20阳性弥漫大B细胞淋巴瘤，非特 指性(DLBCL，NOS)成人患者。		谈判	{}	162
nrdl	NRDL-C6C7B5453D	瑞帕妥单抗注射液	*	限国际预后指数(IPI)为0～2分的新诊 断CD20阳性弥漫大B细胞性非霍奇金淋 巴瘤(DLBCL)成人患者。		谈判	{}	162
nrdl	NRDL-D93A72F42E	注射用伊尼妥单抗	*	限接受过1个或多个化疗方案的HER2阳 性转移性乳腺癌患者。		谈判	{}	162
nrdl	NRDL-FF957A8CF7	依沃西单抗注射液	*	限：1.联合培美曲塞和卡铂，用于经 表皮生长因子受体(EGFR)酪氨酸激酶 抑制剂(TKI)治疗后进展的EGFR基因突 变阳性的局部晚期或转移性非鳞状非 小细胞肺癌(NSCLC)患者的治疗；2.经 国家药品监督管理局批准的检测评估 为PD-L1肿瘤比例分数(TPS)≥1%的表 皮生长因子受体(EGFR)基因突变阴性 和间变性淋巴瘤激酶(ALK)阴性的局部 晚期或转移性非小细胞肺癌一线治疗 。		谈判	{}	163
nrdl	NRDL-11DCF3B970	卡度尼利单抗注射液	*	限：1.既往接受含铂化疗治疗失败的 复发或转移性宫颈癌患者的治疗；2. 联合紫杉醇和铂类化疗药物联合或不 联合贝伐珠单抗用于持续、复发或转 移性宫颈癌的一线治疗；3.联合含氟 尿嘧啶类和铂类药物化疗用于局部晚 期不可切除或转移性胃或胃食管结合 部腺癌患者的一线治疗。		谈判	{}	163
nrdl	NRDL-9970ECAD93	注射用维泊妥珠单抗	*	限：1.既往未经治疗的弥漫大B细胞淋 巴瘤(DLBCL)成人患者；2.不适合接受 造血干细胞移植的复发或难治性弥漫 大B细胞淋巴瘤(DLBCL)成人患者。		谈判	{}	163
nrdl	NRDL-D12E8C22C6	格菲妥单抗注射液	*	限：1.既往接受过至少两线系统性治 疗的复发或难治性弥漫大B细胞淋巴瘤 (DLBCL)成人患者; 2.不适合自体造血 干细胞移植(ASCT)的复发或难治性弥 漫大B细胞淋巴瘤非特指型(DLBCL NOS)成人患者。		谈判	{}	163
nrdl	NRDL-8ABDCB45F6	艾帕洛利托沃瑞利单抗注射液	*	限既往接受含铂化疗治疗失败的复发 或转移性宫颈癌患者。		谈判	{}	163
nrdl	NRDL-92CF9AB4D5	注射用芦康沙妥珠单抗	*	限：1.既往至少接受过2种系统治疗 (其中至少1种治疗针对晚期或转移性 阶段)的不可切除的局部晚期或转移性 三阴性乳腺癌成人患者；2.经表皮生 长因子受体(EGFR)酪氨酸激酶抑制剂 (TKI)和含铂化疗治疗后进展的EGFR基 因突变阳性的局部晚期或转移性非鳞 状非小细胞肺癌(NSCLC)成人患者。		谈判	{}	163
nrdl	NRDL-410334B952	帕妥珠曲妥珠单抗注射液(皮 下注射)	*	限：1.HER2阳性、局部晚期、炎性或 早期乳腺癌患者(直径＞2cm或淋巴结 阳性)的新辅助治疗；2.具有高复发风 险HER2阳性早期乳腺癌患者的辅助治 疗；3.既往未接受过针对转移性乳腺 癌的抗HER2治疗或者化疗的HER2阳性 、转移性或不可切除的局部复发性乳 腺癌患者。		谈判	{}	164
nrdl	NRDL-398496B9A3	恩替司他片	*	限联合芳香化酶抑制剂用于治疗激素 受体(HR)阳性、人类表皮生长因子受 体-2(HER-2)阴性，经内分泌治疗复发 或进展的局部晚期或转移性乳腺癌患 者。		谈判	{}	164
nrdl	NRDL-68CD21D784	甲苯磺酸尼拉帕利胶囊	*	限：1.晚期上皮性卵巢癌、输卵管癌 或原发性腹膜癌成人患者对一线含铂 化疗达到完全缓解或部分缓解后的维 持治疗；2.铂敏感的复发性上皮性卵 巢癌、输卵管癌或原发性腹膜癌成人 患者在含铂化疗达到完全缓解或部分 缓解后的维持治疗。		谈判	{}	164
nrdl	NRDL-24966622CF	帕米帕利胶囊	*	限既往经过二线及以上化疗的伴有胚 系BRCA(gBRCA)突变的复发性晚期卵巢 癌、输卵管癌或原发性腹膜癌患者。		谈判	{}	164
nrdl	NRDL-1CA22DD804	尼拉帕利阿比特龙片	*	限携带胚系和/或体系BRCA基因突变的 转移性去势抵抗性前列腺癌成人患者 (mCRPC)。		谈判	{}	164
nrdl	NRDL-77D4F7513D	艾伏尼布片	*	限诊断为携带易感异柠檬酸脱氢酶- 1(IDH1)突变的复发性或难治性急性髓 系白血病(AML)成人患者。		谈判	{}	164
nrdl	NRDL-AD9204A6ED	氟唑帕利胶囊	*	限：1.既往经过二线及以上化疗的伴 有胚系BRCA突变(gBRCAm)的铂敏感复 发性卵巢癌、输卵管癌或原发性腹膜 癌的患者；2.铂敏感的复发性上皮性 卵巢癌、输卵管癌或原发性腹膜癌成 人患者在含铂化疗达到完全缓解或部 分缓解后的维持治疗；3.晚期上皮性 卵巢癌、输卵管癌或原发性腹膜癌成 人患者在一线含铂化疗达到完全缓解 或部分缓解后的维持治疗；4.单药或 联合甲磺酸阿帕替尼用于新辅助、辅 助或转移阶段接受过化疗治疗的伴有 胚系BRCA突变(gBRCAm)的人表皮生长 因子受体(HER2)阴性转移性乳腺癌成 年患者。激素受体(HR)阳性乳腺癌患 者既往需接受过内分泌治疗或被认为 不适合接受内分泌治疗。		谈判	{}	165
nrdl	NRDL-7649647D1F	注射用维迪西妥单抗	*	限：1.至少接受过2个系统化疗的HER2 过表达局部晚期或转移性胃癌(包括胃 食管结合部腺癌)；2.既往接受过含铂 化疗且HER2过表达局部晚期或转移性 尿路上皮癌。		谈判	{}	165
nrdl	NRDL-DE3C918426	维奈克拉片	*	限成人急性髓系白血病患者。		谈判	{}	165
nrdl	NRDL-E8B4A71988	注射用卡非佐米	*	限与地塞米松联合适用于治疗复发或 难治性多发性骨髓瘤成人患者，患者 既往至少接受过2种治疗，包括蛋白酶 体抑制剂和免疫调节剂。		谈判	{}	165
nrdl	NRDL-FF90800EED	羟乙磺酸达尔西利片	*	限：1.激素受体(HR)阳性、人表皮生 长因子受体2(HER2)阴性局部晚期或转 移性乳腺癌患者；2.与芳香化酶抑制 剂联合使用作为初始内分泌治疗；3. 与氟维司群联合用于既往曾接受内分 泌治疗后出现疾病进展的患者。		谈判	{}	165
nrdl	NRDL-44FF0B77AF	塞利尼索片	*	限：1.既往接受过治疗且对至少一种 蛋白酶体抑制剂，一种免疫调节剂以 及一种抗CD38单抗难治的复发或难治 性多发性骨髓瘤成人患者；2.既往接 受过至少两线系统性治疗的复发或难 治性弥漫性大B细胞淋巴瘤(DLBCL)成 人患者。		谈判	{}	166
nrdl	NRDL-87906B68C4	磷酸索立德吉胶囊	*	限不宜手术或放疗，以及手术或放疗 后复发的局部晚期基底细胞癌(BCC)成 年患者。		谈判	{}	166
nrdl	NRDL-FB9412B0A7	注射用埃普奈明	*	限既往接受过至少2种系统性治疗方案 的复发或难治性多发性骨髓瘤成人患 者，既往含免疫调节剂方案难治的患 者不宜接受本联合方案治疗。		谈判	{}	166
nrdl	NRDL-57D99424D2	塞纳帕利胶囊	*	限晚期上皮性卵巢癌、输卵管癌或原 发性腹膜癌成人患者在一线含铂化疗 达到完全缓解或部分缓解后的维持治 疗。		谈判	{}	166
nrdl	NRDL-F3C507986E	醋酸戈舍瑞林缓释植入剂	*			谈判	{}	166
nrdl	NRDL-2B587B2471	注射用醋酸曲普瑞林微球	1000.00元(3.75mg/瓶)	限：1.需要雄激素去势治疗的前列腺 癌患者；2.子宫内膜异位症(Ⅰ至Ⅳ 期)。		谈判	{}	166
nrdl	NRDL-802B71D03F	注射用戈舍瑞林微球	*	限：1.需要雄激素去势治疗的前列腺 癌患者；2.可用激素治疗的绝经前期 及围绝经期妇女的乳腺癌。		谈判	{}	166
nrdl	NRDL-F01D6BC7AC	醋酸甲地孕酮口服混悬液	*	限：1.获得性免疫缺陷综合征患者的 厌食症; 2.获得性免疫缺陷综合征患 者及癌症患者恶病质引起的体重明显 减轻。		谈判	{}	166
nrdl	NRDL-9AD8736EA6	达罗他胺片	*	限：1.治疗有高危转移风险的非转移 性去势抵抗性前列腺癌(NM-CRPC)成年 患者；2.联合多西他赛治疗转移性激 素敏感性前列腺癌(mHSPC)成年患者。		谈判	{}	166
nrdl	NRDL-00ACD226C6	瑞维鲁胺片	*	限转移性激素敏感性前列腺癌(mHSPC) 患者。		谈判	{}	167
nrdl	NRDL-AA65F20DF7	注射用醋酸地加瑞克	*	限需要雄激素去势治疗的前列腺癌患 者。		谈判	{}	167
nrdl	NRDL-CD7B6357CE	醋酸阿比特龙片(Ⅱ)	*			谈判	{}	167
nrdl	NRDL-A6B3A525BA	氘恩扎鲁胺软胶囊	*	限接受醋酸阿比特龙及化疗后出现疾 病进展，且既往未接受新型雄激素受 体抑制剂的转移性去势抵抗性前列腺 癌(mCRPC)成人患者。		谈判	{}	167
nrdl	NRDL-E88E5A1824	硫培非格司亭注射液	*	限既往化疗曾发生重度中性粒细胞减 少的患者。		谈判	{}	167
nrdl	NRDL-E9C985C7AA	艾贝格司亭α注射液	*	限既往化疗曾发生重度中性粒细胞减 少的患者。		谈判	{}	167
nrdl	NRDL-B9B7BE7A0B	拓培非格司亭注射液	*	限既往化疗曾发生重度中性粒细胞减 少的患者。		谈判	{}	167
nrdl	NRDL-E3DC19D3C5	注射用阿格司亭α	*	限既往化疗曾发生重度中性粒细胞减 少的患者。		谈判	{}	167
nrdl	NRDL-F377C17389	艾加莫德α注射液	*	限乙酰胆碱受体(AChR)抗体阳性的成 人全身型重症肌无力(gMG)患者。		谈判	{}	167
nrdl	NRDL-8B39FC2E43	注射用泰它西普	*	限：1.在常规治疗基础上仍具有高疾 病活动(例如：抗ds-DNA抗体阳性及低 补体、SELENA-SLEDAI评分≥8)的活动 性、自身抗体阳性的系统性红斑狼疮 (SLE)成年患者；2.抗乙酰胆碱受体 (AChR)抗体阳性的成人全身型重症肌 无力(gMG)患者。		谈判	{}	167
nrdl	NRDL-55F98AAD0D	甲磺酸贝舒地尔片	*	限对糖皮质激素或其他系统治疗应答 不充分的12岁及以上慢性移植物抗宿 主病患者。		谈判	{}	167
nrdl	NRDL-B132658571	依那西普注射液	*	限诊断明确的类风湿关节炎经传统 DMARDs治疗3-6个月疾病活动度下降低 于50%者；诊断明确的强直性脊柱炎 (不含放射学前期中轴性脊柱关节 炎)NSAIDs充分治疗3个月疾病活动度 下降低于50%者。		谈判	{}	168
nrdl	NRDL-18F004B1B0	司库奇尤单抗注射液	*	限：1.符合系统治疗或光疗指征的中 度至重度斑块状银屑病的6岁及以上患 者；2.常规治疗疗效欠佳的强直性脊 柱炎的成年患者；3. 既往传统的改善 病情抗风湿药(cDMARDs)疗效不佳或不 耐受的活动性银屑病关节炎成人患 者；4.中重度化脓性汗腺炎成人患者 。		谈判	{}	168
nrdl	NRDL-25E46C3BF1	乌司奴单抗注射液(静脉输注)	*	限对传统治疗或肿瘤坏死因子α(TNF- α)拮抗剂应答不足、失应答或无法耐 受的成年中重度活动性克罗恩病患者 。		谈判	{}	168
nrdl	NRDL-D6537AA081	依奇珠单抗注射液	*	限：1.适合系统治疗或光疗的中度至 重度斑块型银屑病成人患者；2.常规 治疗疗效欠佳的活动性强直性脊柱炎 成人患者。		谈判	{}	168
nrdl	NRDL-8DCF556002	古塞奇尤单抗注射液	*	限：1.适合系统性治疗的成人中重度 斑块状银屑病；2.对传统治疗或生物 制剂应答不充分、失应答或不耐受的 成人中度至重度活动性克罗恩病；3. 对传统治疗或生物制剂应答不充分、 失应答或不耐受的成人中度至重度活 动性溃疡性结肠炎。		谈判	{}	168
nrdl	NRDL-D1A94F6D3C	古塞奇尤单抗注射液(静脉输 注)	*	限：1.对传统治疗或生物制剂应答不 充分、失应答或不耐受的中度至重度 活动性克罗恩病成人患者的诱导治 疗；2.对传统治疗或生物制剂应答不 充分、失应答或不耐受的中度至重度 活动性溃疡性结肠炎成人患者的诱导 治疗。		谈判	{}	168
nrdl	NRDL-A651C321D1	佩索利单抗注射液	*	限成人泛发性脓疱型银屑病(GPP)。		谈判	{}	169
nrdl	NRDL-384CF72B86	替瑞奇珠单抗注射液	*	限适合系统治疗或光疗的中度至重度 斑块状银屑病成人患者。		谈判	{}	169
nrdl	NRDL-861E1EE803	注射用司妥昔单抗	*	限人体免疫缺陷病毒(HIV)阴性和人疱 疹病毒8型(HHV-8)阴性的多中心 Castleman病(MCD)成人患者。		谈判	{}	169
nrdl	NRDL-A63DBED972	萨特利珠单抗注射液	*	限≥12岁青少年及成人患者水通道蛋 白4(AQP4)抗体阳性的视神经脊髓炎谱 系疾病(NMOSD)。		谈判	{}	169
nrdl	NRDL-B8BD9A046E	夫那奇珠单抗注射液	*	限：1.适合接受系统治疗或光疗的中 重度斑块状银屑病的成人患者；2.常 规治疗疗效欠佳的活动性强直性脊柱 炎的成人患者。		谈判	{}	169
nrdl	NRDL-B60E0EE427	赛立奇单抗注射液	*	限：1.适合系统治疗或光疗的中度至 重度斑块状银屑病成人患者；2.常规 治疗疗效欠佳的强直性脊柱炎(放射学 阳性中轴型脊柱关节炎)成人患者。		谈判	{}	169
nrdl	NRDL-12EDDA1BF4	依若奇单抗注射液	*	限对环孢素、甲氨蝶呤(MTX)等其他系 统性治疗或PUVA(补骨脂素和紫外线A) 不应答、有禁忌或无法耐受的中度至 重度斑块状银屑病的成年患者。		谈判	{}	169
nrdl	NRDL-69080A680A	利生奇珠单抗注射液	*	限对传统治疗或生物制剂治疗应答不 足、失应答或不耐受的中重度活动性 克罗恩病成年患者。		谈判	{}	169
nrdl	NRDL-BF2FA1668A	利生奇珠单抗注射液(皮下注 射)	*	限对传统治疗或生物制剂治疗应答不 足、失应答或不耐受的中重度活动性 克罗恩病成年患者。		谈判	{}	169
nrdl	NRDL-A4A04D5E80	盐酸奥扎莫德胶囊	*	限成人复发型多发性硬化。		谈判	{}	169
nrdl	NRDL-0A8E3E4AE0	乌帕替尼缓释片	*	限：1.12岁及以上患者难治性、中重 度特应性皮炎的二线治疗；2.活动性 银屑病关节炎成人患者的二线治疗； 3.中重度活动性类风湿关节炎成人患 者的二线治疗；4.对一种或多种TNF抑 制剂应答不佳或不耐受或禁忌的中度 至重度活动性溃疡性结肠炎成人患 者；5.对一种或多种TNF抑制剂应答不 佳或不耐受或禁忌的中度至重度活动 性克罗恩病成人患者；6.对非甾体抗 炎药(NSAID)应答不佳且存在客观炎症 征象(表现为C反应蛋白[CRP]升高和/ 或磁共振成像[MRI]异常)的活动性放 射学阴性中轴型脊柱关节炎(nr- axSpA)成人患者；7.对一种或多种TNF 抑制剂应答不佳或不耐受的活动性强 直性脊柱炎(AS，放射学阳性中轴型脊 柱关节炎)成人患者。		谈判	{}	170
nrdl	NRDL-8B825B82E4	氘可来昔替尼片	*	限适合系统治疗或光疗的成年中重度 斑块状银屑病患者。		谈判	{}	170
nrdl	NRDL-DF47CE26F3	硫酸艾玛昔替尼片	*	限：1.对局部外用治疗或其他系统性 治疗应答不充分或不耐受的中重度特 应性皮炎成人患者；2.对一种或多种 TNF抑制剂疗效不佳或不耐受的中重度 活动性类风湿关节炎成人患者；3.对 一种或多种TNF抑制剂疗效不佳或不耐 受的活动性强直性脊柱炎成人患者。		谈判	{}	170
nrdl	NRDL-060EF17CBB	奥法妥木单抗注射液	*	限成人复发型多发性硬化(RMS)。		谈判	{}	170
nrdl	NRDL-97FD97D614	注射用贝利尤单抗	*	限：1.在常规治疗基础上仍具有高疾 病活动(例如：抗ds-DNA抗体阳性及低 补体、SELENA-SLEDAI评分≥8)的活动 性、自身抗体阳性的系统性红斑狼疮 (SLE)5岁及以上患者；2.与常规治疗 联合用于活动性狼疮肾炎成人患者。		谈判	{}	170
nrdl	NRDL-D7DE0488D5	伊奈利珠单抗注射液	*	限抗水通道蛋白4(AQP4)抗体阳性的视 神经脊髓炎谱系疾病(NMOSD)成人患者 。		谈判	{}	171
nrdl	NRDL-78E9799EC4	注射用维得利珠单抗	*	限：1.对传统治疗或肿瘤坏死因子α (TNFα)抑制剂应答不充分、失应答或 不耐受的中度至重度活动性溃疡性结 肠炎的成年患者；2.对传统治疗或TNF α抑制剂应答不充分、失应答或不耐 受的中度至重度活动性克罗恩病的成 年患者。		谈判	{}	171
nrdl	NRDL-0AED683892	替妥尤单抗N01注射液	*	限中重度甲状腺眼病。		谈判	{}	171
nrdl	NRDL-7E313CF8E5	奥瑞利珠单抗注射液	*	限：1.成人复发型多发性硬化；2.成 人原发进展型多发性硬化。		谈判	{}	171
nrdl	NRDL-D5E97CE9C0	依库珠单抗注射液	*	限：1.阵发性睡眠性血红蛋白尿症 (PNH)的患者；2.非典型溶血性尿毒症 综合征(aHUS)的患者；3.抗乙酰胆碱 受体(AChR)抗体阳性的难治性全身型 重症肌无力(gMG)成人患者。		谈判	{}	171
nrdl	NRDL-09E4086256	盐酸伊普可泮胶囊	*	限：1.阵发性睡眠性血红蛋白尿症 (PNH)成人患者；2.C3肾小球病(C3G) 成人患者。		谈判	{}	171
nrdl	NRDL-6AB8A284AE	右酮洛芬氨丁三醇注射液	39.65元(2ml:50mg/支)	限成人不适合口服给药的急性中度至 重度术后疼痛。		谈判	{}	171
nrdl	NRDL-1ED4B9A0A5	酮洛芬凝胶贴膏	8.68元(每贴(14cm*10cm)含膏体 13g,含酮洛芬30mg)	限骨关节炎。		谈判	{}	171
nrdl	NRDL-CEBAE2A7E0	多替诺雷片	*	限痛风伴高尿酸血症患者。		谈判	{}	171
nrdl	NRDL-A38202A03E	米诺膦酸片	2.73元(1mg/片(按 C9H12N2O7P2·H2O计))			谈判	{}	172
nrdl	NRDL-0A0EF67C8B	纳鲁索拜单抗注射液	*	限不可手术切除或手术切除可能导致 严重功能障碍的骨巨细胞瘤成人患者 。		谈判	{}	172
nrdl	NRDL-9CE6EFBEE3	诺西那生钠注射液	*	限5q脊髓性肌萎缩症。		谈判	{}	172
nrdl	NRDL-4318137690	利司扑兰口服溶液用散	*	限治疗16日龄及以上患者的脊髓性肌 萎缩症(SMA)。		谈判	{}	172
nrdl	NRDL-FC0E02A155	丁甘交联玻璃酸钠注射液	980.00元(3ml:60mg/支(按玻璃 酸钠计))	限对非药物保守治疗及单纯止痛药物 治疗(如对乙酰氨基酚)疼痛缓解效果 欠佳的膝骨关节炎(OA)成人患者。		谈判	{}	172
nrdl	NRDL-98FA16417F	环泊酚注射液	*	限：1.非气管插管的手术/操作中的镇 静和麻醉；2.全身麻醉诱导和维持； 3.重症监护期间机械通气时的镇静。		谈判	{}	172
nrdl	NRDL-CC26D05D7D	注射用磷丙泊酚二钠	*	限成人全身麻醉的诱导。		谈判	{}	172
nrdl	NRDL-8A0E2E3182	盐酸氢吗啡酮缓释片	8.04元(4mg/片)； 13.66元(8mg/片)； 39.48元(32mg/片)	限成人重度疼痛。		谈判	{}	172
nrdl	NRDL-C0686CD4E8	富马酸奥赛利定注射液	23.85元(1ml:1mg)； 40.54元(2ml:2mg)； 139.00元(10ml:10mg)； 322.31元(30ml:30mg)			谈判	{}	172
nrdl	NRDL-D409BC7796	富马酸泰吉利定注射液	*	限术后中重度疼痛。		谈判	{}	172
nrdl	NRDL-973BAA9FE2	安瑞克芬注射液	*	限腹部手术后的轻、中度疼痛。		谈判	{}	172
nrdl	NRDL-624B106E29	普瑞巴林缓释片	2.76元(82.5mg/片)； 4.70元(165mg/片)； 7.99元(330mg/片)			谈判	{}	173
nrdl	NRDL-47D3526E74	苯磺酸克利加巴林胶囊	*	限：1.治疗成人糖尿病性周围神经病 理性疼痛；2.带状疱疹后神经痛。		谈判	{}	173
nrdl	NRDL-0D169DD9AC	苯磺酸美洛加巴林片	*	限成人糖尿病性周围神经病理性疼痛 。		谈判	{}	173
nrdl	NRDL-83C06511E4	舒马普坦萘普生钠片	11.50元(每片含琥珀酸舒马普坦 (按C14H21N3O2S计)85mg和萘普 生钠0.5g)	限成人有或无先兆偏头痛的急性发作 的治疗。		谈判	{}	173
nrdl	NRDL-EF28229E3D	地西泮鼻喷雾剂	*	限6岁及以上儿童和成人癫痫患者的丛 集性癫痫发作/急性反复性癫痫发作的 急性治疗。		谈判	{}	173
nrdl	NRDL-FC474C398E	布立西坦片	4.24元(25mg/片)； 7.21元(50mg/片)	限16岁及以上癫痫患者部分性发作的 单药治疗和添加治疗。		谈判	{}	173
nrdl	NRDL-DCF44C813E	司替戊醇干混悬剂	18.88元(250mg/袋)； 32.10元(500mg/袋)	限婴儿严重肌阵挛性癫痫(SMEI， Dravet综合征)患者。		谈判	{}	173
nrdl	NRDL-63F0C97CCE	磷苯妥英钠注射用浓溶液	*	限：1.全身性强直-阵挛性癫痫持续状 态； 2.当患者无法口服苯妥英钠时， 可用于短期替代治疗。		谈判	{}	173
nrdl	NRDL-0CAB808F04	氟哌啶醇口服溶液	39.00元(100ml:200mg/瓶)	限：1.急、慢性各型精神分裂症、躁 狂症、抽动秽语综合症的成人患者； 2.13至17岁青少年精神分裂症患者； 3.6至17岁儿童和青少年孤独症或广泛 性发育障碍的攻击行为；4.10至17岁 儿童和青少年的抽动障碍。		谈判	{}	173
nrdl	NRDL-CA64026E1E	氨磺必利口崩片	*			谈判	{}	173
nrdl	NRDL-B127035F94	注射用利培酮微球(Ⅱ)	*	限急性和慢性精神分裂症以及其他各 种精神病性状态的明显的阳性症状和 明显的阴性症状。		谈判	{}	174
nrdl	NRDL-6BCC17648C	氘丁苯那嗪片	*	限治疗成人：与亨廷顿病有关的舞蹈 病；迟发性运动障碍。		谈判	{}	174
nrdl	NRDL-862B30B6BE	棕榈帕利哌酮酯注射液(3M)	*	限接受过棕榈酸帕利哌酮注射液(1个 月剂型)至少4个月充分治疗的精神分 裂症患者。		谈判	{}	174
nrdl	NRDL-BDBFD4A9DB	注射用阿立哌唑	*			谈判	{}	174
nrdl	NRDL-4C874E3097	棕榈帕利哌酮酯注射液(6M)	*	限接受过棕榈帕利哌酮酯注射液(3M) 至少3个月充分治疗的成人精神分裂症 患者。		谈判	{}	174
nrdl	NRDL-DEC05B7029	棕榈酸帕利哌酮注射液(Ⅱ)	*			谈判	{}	174
nrdl	NRDL-520B862190	注射用阿立哌唑微球	850.00元(350mg(按 C23H27Cl2N3O2计)/瓶)			谈判	{}	174
nrdl	NRDL-8BDF65789A	注射用甲苯磺酸瑞马唑仑	*	限：1.非气管插管手术/操作中的镇静 和麻醉；2.全身麻醉的诱导和维持。		谈判	{}	174
nrdl	NRDL-D342A5FCA8	注射用苯磺酸瑞马唑仑	*	限：1.非气管插管的手术/操作中的镇 静和麻醉；2.全身麻醉诱导与维持。		谈判	{}	174
nrdl	NRDL-2A9AEB20CA	水合氯醛/糖浆组合包装	25.11元(水合氯醛浓缩液0.671g ∶0.5g/糖浆(稀释 液)4.5ml/瓶)； 42.68元(水合氯醛浓缩液1.342g ∶1g/糖浆(稀释液)9ml/瓶)	限儿童检查、操作前的镇静、催眠。		谈判	{}	174
nrdl	NRDL-716BD5FA6C	咪达唑仑口服溶液	*	限：1.儿童诊断或治疗性操作前以及 操作过程中的镇静/抗焦虑/遗忘；2. 儿童术前镇静/抗焦虑/遗忘。		谈判	{}	174
nrdl	NRDL-B981708E8A	咪达唑仑口颊粘膜溶液	*			谈判	{}	174
nrdl	NRDL-C9D751614B	地达西尼胶囊	*	限失眠患者。		谈判	{}	174
nrdl	NRDL-F05803EA68	水合氯醛糖浆	46.50元(10ml:1g/支)	限儿童检查、操作前的镇静、催眠。		谈判	{}	174
nrdl	NRDL-DA29E49EE4	盐酸曲唑酮缓释片	3.74元(75mg/片)； 6.36元(150mg/片)			谈判	{}	175
nrdl	NRDL-C0716E3151	盐酸托鲁地文拉法辛缓释片	*			谈判	{}	175
nrdl	NRDL-80BE667E52	盐酸可乐定缓释片	9.88元(0.1mg/片)	限6-17岁儿童和青少年的注意缺陷多 动障碍(ADHD)。		谈判	{}	175
nrdl	NRDL-445CDB93E5	盐酸右哌甲酯缓释胶囊	*	限6岁及6岁以上注意缺陷多动障碍 (ADHD)。		谈判	{}	175
nrdl	NRDL-F352A0304B	盐酸胍法辛缓释片	*	限6岁及6岁以上注意缺陷多动障碍 (ADHD)。		谈判	{}	175
nrdl	NRDL-8E8370C1FB	奥氮平氟西汀胶囊	*			谈判	{}	175
nrdl	NRDL-35C3F6E01B	盐酸美金刚口溶膜	1.64元(5mg/片)； 2.78元(10mg/片)			谈判	{}	175
nrdl	NRDL-17BE915BB0	注射用尤瑞克林	*	限轻-中度急性血栓性脑梗死，应在发 作48小时内开始使用，支付不超过21 天。		谈判	{}	175
nrdl	NRDL-3DB773FD60	依达拉奉右莰醇注射用浓溶液	29.68元(5ml/依达拉奉10mg与右 莰醇2.5mg/瓶)	限新发的急性缺血性脑卒中患者在发 作48小时内开始使用，支付不超过14 天。		谈判	{}	175
nrdl	NRDL-B1B7E0185B	丁苯酞软胶囊	3.24元(0.1g/粒)	限新发的急性缺血性脑卒中患者在发 作72小时内开始使用，支付不超过20 天。		谈判	{}	175
nrdl	NRDL-065DE132C7	丁苯酞氯化钠注射液	102.16元(100ml:丁苯酞25mg与 氯化钠0.9g/支)	限新发的急性缺血性脑卒中患者在发 作48小时内开始使用，支付不超过14 天。		谈判	{}	175
nrdl	NRDL-783ECAACF4	氯苯唑酸软胶囊	*	限成人野生型或遗传型转甲状腺素蛋 白淀粉样变性心肌病(ATTR-CM)。		谈判	{}	175
nrdl	NRDL-56FF871D34	利鲁唑口服混悬液	*	限肌萎缩侧索硬化(ALS)。		谈判	{}	175
nrdl	NRDL-AFD82DE065	盐酸替洛利生片	*	限发作性睡病6岁及以上患者。		谈判	{}	176
nrdl	NRDL-8F9914381C	苯环喹溴铵鼻喷雾剂	*	限变应性鼻炎。		谈判	{}	176
nrdl	NRDL-66631BB53A	乌美溴铵维兰特罗吸入粉雾剂	*	限慢性阻塞性肺病(COPD)。		谈判	{}	176
nrdl	NRDL-F953860390	茚达特罗格隆溴铵吸入粉雾剂 用胶囊(茚达特罗格隆溴铵吸 入粉雾剂)	*	限成人慢性阻塞性肺疾病(COPD)。		谈判	{}	176
nrdl	NRDL-D4F286F5BB	格隆溴铵福莫特罗吸入气雾剂	*	限慢性阻塞性肺疾病。		谈判	{}	176
nrdl	NRDL-7EB4845C45	布地格福吸入气雾剂	*	限慢性阻塞性肺疾病。		谈判	{}	176
nrdl	NRDL-5E33643FDD	氟替美维吸入粉雾剂	*	限慢性阻塞性肺疾病。		谈判	{}	176
nrdl	NRDL-7B316ABA46	倍氯福格吸入气雾剂	*	限慢性阻塞性肺病。		谈判	{}	176
nrdl	NRDL-1A7DF608D5	茚达格莫吸入粉雾剂(Ⅱ)	*	限未能充分控制的成年哮喘患者。		谈判	{}	176
nrdl	NRDL-BEF52B3212	茚达特罗莫米松吸入粉雾剂 (Ⅱ)	*			谈判	{}	176
nrdl	NRDL-BA0C8FBC25	茚达特罗莫米松吸入粉雾剂 (Ⅲ)	*			谈判	{}	176
nrdl	NRDL-DC7C30B91E	阿地溴铵吸入粉雾剂	*			谈判	{}	176
nrdl	NRDL-6977B9D531	孟鲁司特钠口溶膜	4.26元(4mg/片)； 5.05元(5mg/片)	限：1.1岁至14岁儿童哮喘的预防和长 期治疗；2.2岁至14岁儿童季节性过敏 性鼻炎和常年性过敏性鼻炎。		谈判	{}	176
nrdl	NRDL-8FB7AC6DE4	美泊利珠单抗注射液	*	限：1.鼻内皮质类固醇的附加维持治 疗药物，用于治疗全身性皮质类固醇 和/或手术治疗无法充分控制疾病的慢 性鼻窦炎伴鼻息肉(CRSwNP)成人患 者；2.成人和12岁及以上青少年重度 嗜酸粒细胞性哮喘(SEA)的维持治疗； 3.成人嗜酸性肉芽肿性多血管炎 (EGPA)。		谈判	{}	177
nrdl	NRDL-ECA83FF6C9	注射用奥马珠单抗α	*	限经吸入型糖皮质激素和长效吸入型 β2-肾上腺素受体激动剂治疗后，仍 不能有效控制症状的中至重度持续性 过敏性哮喘的15岁及以上患者，并需 IgE(免疫球蛋白E)介导确诊证据。		谈判	{}	177
nrdl	NRDL-D679A51413	奥马珠单抗注射液	*	限：1.经吸入型糖皮质激素和长效吸 入型β2-肾上腺素受体激动剂治疗 后，仍不能有效控制症状的中至重度 持续性过敏性哮喘的6岁及以上患者， 并需IgE(免疫球蛋白E)介导确诊证 据；2.H1抗组胺药治疗后仍有症状的 成人和青少年(12岁及以上)慢性自发 性荨麻疹患者。		谈判	{}	177
nrdl	NRDL-ABB2E06290	本瑞利珠单抗注射液	*	限成人和12岁及以上青少年重度嗜酸 粒细胞性哮喘(SEA)的维持治疗。		谈判	{}	177
nrdl	NRDL-742124B713	盐酸非索非那定干混悬剂	0.93元(15mg/袋)； 1.58元(30mg/袋)			谈判	{}	177
nrdl	NRDL-B73CFD3F95	盐酸利多卡因眼用凝胶	33.90元(5ml:0.175g/支(按 C14H22N2O·HCl计))			谈判	{}	177
nrdl	NRDL-7A72547C7D	地塞米松玻璃体内植入剂	*	限：1.视网膜静脉阻塞(RVO)的黄斑水 肿；2.糖尿病性黄斑水肿(DME)。 应同时符合以下条件：1.需三级医院 眼科或二级及以上眼科专科医院医师 处方；2.首次处方时病眼基线矫正视 力0.05-0.5；3.事前审查后方可用， 初次申请需有血管造影或OCT(全身情 况不允许的患者可以提供OCT血管成 像)证据；4.每眼累计最多支付5支， 每个年度最多支付2支。		谈判	{}	178
nrdl	NRDL-63995F897F	氟轻松玻璃体内植入剂	*	限累及眼后段的慢性非感染性葡萄膜 炎。		谈判	{}	178
nrdl	NRDL-70F901470A	法瑞西单抗注射液	*	限：1.糖尿病性黄斑水肿(DME)；2.新 生血管性(湿性)年龄相关性黄斑变性 (nAMD)；3.继发于视网膜静脉阻塞 (RVO)(视网膜分支静脉阻塞(BRVO)、 视网膜中央静脉阻塞(CRVO)或半侧视 网膜静脉阻塞(HRVO))的黄斑水肿。 应同时符合以下条件：1.需三级医院 眼科或二级及以上眼科专科医院医师 处方；2.首次处方时病眼基线矫正视 力0.05-0.5；3.事前审查后方可用， 初次申请需有血管造影或OCT(全身情 况不允许的患者可以提供OCT血管成 像)证据；4.每眼累计最多支付9支， 第1年度最多支付5支。阿柏西普、雷 珠单抗、康柏西普、法瑞西单抗、布 西珠单抗的药品支数合并计算。		谈判	{}	178
nrdl	NRDL-DCCCC6D077	布西珠单抗注射液	*	限糖尿病黄斑水肿(DME)。 应同时符合以下条件：1.需三级医院 眼科或二级及以上眼科专科医院医师 处方；2.首次处方时病眼基线矫正视 力0.05-0.5；3.事前审查后方可用， 初次申请需有血管造影或OCT(全身情 况不允许的患者可以提供OCT血管成 像)证据；4.每眼累计最多支付9支， 第1年度最多支付5支。阿柏西普、雷 珠单抗、康柏西普、法瑞西单抗、布 西珠单抗的药品支数合并计算。		谈判	{}	178
nrdl	NRDL-B734E03D62	环孢素滴眼液(Ⅱ)	5.50元(0.4ml:0.2mg/支)	限干眼症。		谈判	{}	179
nrdl	NRDL-47BF1CF63C	复方电解质眼内冲洗液	29.81元(250ml/瓶)； 50.68元(500ml/瓶)			谈判	{}	179
nrdl	NRDL-561B37F106	全氟己基辛烷滴眼液	*	限睑板腺功能障碍相关干眼。		谈判	{}	179
nrdl	NRDL-ABDE561814	肠内营养乳剂(SP)	*	需经营养风险筛查，明确具有营养风 险，且应为不能经饮食补充足够营养 的患者方予支付。		谈判	{}	179
nrdl	NRDL-8279493E9E	地拉罗司颗粒	*	限：1.年龄大于2岁的β-地中海贫血 患者；2.10岁及10岁以上非输血依赖 性地中海贫血综合征患者。		谈判	{}	179
nrdl	NRDL-A7CCD40E62	去铁酮片	*	限地中海贫血。		谈判	{}	179
nrdl	NRDL-EC4ED83EEB	环硅酸锆钠散	*	限成人高钾血症。		谈判	{}	179
nrdl	NRDL-86C01713D6	蔗糖羟基氧化铁咀嚼片	*	限：1.接受血液透析(HD)或腹膜透析 (PD)的成人慢性肾脏病(CKD)患者； 2.12岁及以上CKD4-5期(定义为肾小球 滤过率＜30 mL/min/1.73 m²)或接受 透析的CKD儿科患者。		谈判	{}	179
nrdl	NRDL-EE915CD25A	注射用盐酸曲拉西利	*	限既往未接受过系统性化疗的广泛期 小细胞肺癌(在接受含铂类药物联合依 托泊苷方案治疗前给药)患者。		谈判	{}	179
nrdl	NRDL-3CCCBB53DB	盐酸纳呋拉啡口崩片	*	限现有治疗疗效不理想的血液透析患 者的瘙痒症。		谈判	{}	179
nrdl	NRDL-3EA186918F	重组结核杆菌融合蛋白(EC)	65.00元(0.3ml/瓶)； 96.11元(0.5ml/瓶)； 163.38元(1.0ml/瓶)； 31.03元(0.1ml/支 预灌封注射 器）			谈判	{}	180
nrdl	NRDL-F50EFD124B	注射用全氟丙烷人血白蛋白微 球	*			谈判	{}	180
nrdl	NRDL-FB3C150D98	注射用全氟丁烷微球	*	限肝脏局灶性病变血管相和Kupffer相 的超声成像。		谈判	{}	180
nrdl	NRDL-F0A83EC5DE	治疗用碘[131I]化钠胶囊	见备注2(每粒胶囊含碘[131I]的 放射性活度为37-3700MBq)			谈判	{}	180
nrdl	NRDL-A7C3C65D94	锝[99mTc]替曲膦注射液	425.00元(1人次(185MBq- 1110MBq))			谈判	{}	180
nrdl	NRDL-161FC01F98	药品名称	医保支付标准	备注	药品分 类代码	谈判	{}	181
nrdl	NRDL-CE66FB237B	牛黄清感胶囊	0.63元(0.3g/粒)			谈判	{}	181
nrdl	NRDL-4F40754172	银翘清热片	2.90元(0.36g(相当于饮片 1.22g)/片)			谈判	{}	181
nrdl	NRDL-C398E1B976	小儿豉翘清热糖浆	5.85元(每支装10ml(相当于饮片 7.462g))			谈判	{}	181
nrdl	NRDL-4EAC42659F	芪黄通秘软胶囊	1.83元(0.5g/粒)	益气养血，润肠通便。用于功能性便 秘证属虚秘者。		谈判	{}	181
nrdl	NRDL-521B442AA6	济川煎颗粒	11.26元(每袋装7g(相当于饮片 21.82g))			谈判	{}	181
nrdl	NRDL-485D25D4BF	冬凌草滴丸	0.18元(40mg/丸)	清热解毒,消肿散结,利咽止痛。用于 热毒壅盛所致的咽喉肿痛、声音嘶 哑；急性扁桃体炎、急性咽炎轻症见 上述证候者。		谈判	{}	181
nrdl	NRDL-4EAB3D4454	金银花口服液	2.94元(10ml/支)； 5.00元(20ml/支)			谈判	{}	181
nrdl	NRDL-4A28977652	蓝芩口服液	5.66元(10ml/支(每1ml相当于饮 片2.12g))			谈判	{}	181
nrdl	NRDL-5082C5DA71	清肺排毒颗粒	20.60元(15g(相当于饮片49g)/ 袋)			谈判	{}	181
nrdl	NRDL-6617C329BF	痰热清胶囊	4.09元(0.4g/粒)	清热，化痰，解毒。用于风温肺热病 属风热袭肺证，症见发热，恶风，咳 嗽，咯痰，或咽痛，流涕，口干等。		谈判	{}	182
nrdl	NRDL-2C06EA3D8C	枳实总黄酮片	2.49元(每片重0.29g(含枳实总 黄酮95mg))			谈判	{}	182
nrdl	NRDL-87AF3FE5B9	小儿荆杏止咳颗粒	10.71元(5g(相当于饮片 18.33g)/袋)			谈判	{}	182
nrdl	NRDL-426F121A6A	九味止咳口服液	4.15元(10ml/支(每1ml相当于饮 片2.14g))			谈判	{}	182
nrdl	NRDL-8A7BFBB96C	小儿紫贝宣肺糖浆	10.28元(10ml/支(袋)(每1ml相 当于饮片0.72g))； 86.70元(100ml/瓶(每1ml相当于 饮片0.72g))			谈判	{}	182
nrdl	NRDL-6E0442AFA6	金花清感颗粒	8.90元(5g(相当于饮片17.3g)/ 袋)	疏风宣肺，清热解毒。用于单纯型流 行性感冒轻症，中医辨证属风热犯肺 证者，症见发热，头痛，全身酸痛， 咽痛，咳嗽，恶风或恶寒，鼻塞流 涕，舌质红，舌苔薄黄，脉数。在新 型冠状病毒肺炎的常规治疗中，可用 于轻型、普通型引起的发热、咳嗽、 乏力。		谈判	{}	182
nrdl	NRDL-922780B55D	化湿败毒颗粒	9.90元(5g(相当于饮片17.13g)/ 袋)	化湿解毒，宣肺泄热。用于湿毒侵肺 所致的疫病，症见发热、咳嗽、乏力 、胸闷、恶心、肌肉酸痛、咽干咽痛 、食欲减退、口中粘腻不爽等。		谈判	{}	182
nrdl	NRDL-EE6491CE44	温阳解毒颗粒	8.80元(每袋装15g(相当于饮片 33.33g))	温阳益气，化湿解毒。用于疫病辨证 属阳气虚弱，疫毒侵袭，症见发热、 咳嗽、胸闷、四末不温、气短乏力、 大便溏薄；舌淡，苔少或白苔，脉沉 细或弱。		谈判	{}	182
nrdl	NRDL-BDF9D97804	宣肺败毒颗粒	*	宣肺化湿，清热透邪，泻肺解毒。用 于湿毒郁肺所致的疫病。症见发热， 咳嗽，咽部不适，喘促气短，乏力， 纳呆，大便不畅；舌质暗红、苔黄腻 或黄燥，脉滑数或弦滑。		谈判	{}	183
nrdl	NRDL-F3980C30FF	散寒化湿颗粒	8.28元(每袋装10g(相当于饮片 48g))	散寒化湿、宣肺透邪、辟秽化浊、解 毒通络。用于寒湿郁肺所致疫病，症 见发热，乏力，周身酸痛，咳嗽，咯 痰，胸闷憋气，纳呆，恶心，呕吐， 腹泻，大便粘腻不爽；舌质淡胖齿痕 或淡红，舌苔白厚腻或腐腻，脉滑或 濡。		谈判	{}	183
nrdl	NRDL-2F26EE15EE	小儿牛黄清心散	2.36元(0.3g/袋)； 4.01元(0.6g/袋)	限高热神昏的急救、抢救时使用。		谈判	{}	183
nrdl	NRDL-BF9C750361	玉女煎颗粒	7.00元(每袋装8g(相当于饮片 28.92g))	清胃热，滋肾阴。用于胃热阴虚证。 症见头痛，牙痛，齿松牙衄，烦热干 渴，或消渴，消谷善饥，舌红苔黄而 干，脉浮洪或滑。		谈判	{}	183
nrdl	NRDL-75E31AC9B6	养血祛风止痛颗粒	7.00元(每袋装8g(相当于饮片 32g))	补气养血，散风止痛。用于频发性紧 张型头痛中医辨证属气血两虚证，症 见头痛反复发作、头脑昏沉，以及食 少纳呆、自汗、气短、神疲乏力、面 色苍白，舌淡苔白、脉沉细而弱等。		谈判	{}	183
nrdl	NRDL-408B328DF8	参乌益肾片	1.27元(0.4g/片)	限慢性肾衰竭患者。		谈判	{}	183
nrdl	NRDL-8FDB62D53D	桑枝总生物碱片	3.92元(50mg/片)			谈判	{}	183
nrdl	NRDL-D35A74D6B3	通脉降糖胶囊	0.46元(0.4g/粒)			谈判	{}	183
nrdl	NRDL-F95A8E764A	参龙宁心胶囊	0.35元(0.5g/粒)	限冠心病和成年人恢复期病毒型心肌 炎出现的轻度或中度室性过早搏动见 上述证候者。		谈判	{}	184
nrdl	NRDL-98C3357B4D	芪蛭益肾胶囊	2.17元(0.38g(相当于饮片 2.86g)/粒)			谈判	{}	184
nrdl	NRDL-C1D791B1BA	益气清肺颗粒	13.60元(每袋装15g(相当于饮片 52g))	益气养阴，健脾和中，清热祛湿。适 用于疫病后短期症状，气阴两虚，脾 虚失运，余邪未尽证，症见倦怠乏力 、动后气短、干咳少痰、咽喉不利、 胃脘痞闷、纳呆便溏，舌淡或红、少 津，脉细数。		谈判	{}	184
nrdl	NRDL-18406B4AB9	注射用益气复脉(冻干)	15.92元(0.65g/瓶)	限二级及以上医疗机构冠心病心绞痛 及冠心病所致左心功能不全Ⅱ-Ⅲ级的 患者，住院方可支付，单次最多支付 14天。		谈判	{}	184
nrdl	NRDL-52530075AF	益肾养心安神片	1.97元(0.4g(相当于饮片1.4g)/ 片)			谈判	{}	184
nrdl	NRDL-899EC0CF9E	杜蛭丸	6.33元(5g/25粒)			谈判	{}	184
nrdl	NRDL-614648E461	丹红注射液	4.94元(2ml/支)； 16.92元(10ml/支)； 28.76元(20ml/支)	限二级及以上医疗机构。		谈判	{}	184
nrdl	NRDL-9978895F8F	注射用丹参多酚酸	54.41元(0.13g/支)	限二级及以上医疗机构脑梗死恢复期 患者，住院方可支付，单次最多支付 14天。		谈判	{}	184
nrdl	NRDL-8AEA55F78C	注射用丹参多酚酸盐	27.19元(每瓶装50mg(含丹参乙 酸镁40mg))； 46.23元(每瓶装100mg(含丹参乙 酸镁80mg))； 78.59元(每瓶装200mg(含丹参乙 酸镁160mg))	限二级及以上医疗机构。		谈判	{}	184
nrdl	NRDL-B9FA199321	血必净注射液	22.08元(10ml/支)	限二级及以上医疗机构。		谈判	{}	185
nrdl	NRDL-9005210E69	丹灯通脑软胶囊	0.62元(0.55g/粒)			谈判	{}	185
nrdl	NRDL-681A32ED43	蛭蛇通络胶囊	1.65元(0.5g/粒)	益气活血，息风通络。用于中风病中 经络(轻中度脑梗塞)恢复期气虚血瘀 证。症见半身不遂，偏身麻木，口舌 歪斜，舌强语蹇，自汗、气短乏力， 脉沉细涩或弦。		谈判	{}	185
nrdl	NRDL-A01194CC31	解郁除烦胶囊	1.85元(0.4g(相当于饮片 1.55g)/粒)			谈判	{}	185
nrdl	NRDL-A8A18D4261	参葛补肾胶囊	4.35元(每粒装0.32g(相当于饮 片3.6g))	益气、养阴、补肾。适用于轻、中度 抑郁症中医辨证属气阴两虚、肾气不 足证，症见情绪低落、多思善虑、言 语动作减少、目光迟滞、健忘、食少 、心悸胆怯、少寐多梦、心烦，舌质 淡红或偏红、舌苔白或花剥，脉细弱 等。		谈判	{}	185
nrdl	NRDL-49131B4A5A	参郁宁神片	*	益气养阴、宁神解郁。用于轻、中度 抑郁症中医辨证属气阴两虚证者，症 见失眠多梦、多疑善惊、口咽干燥， 舌淡红或红、苔薄白少津、脉细或沉 细等。		谈判	{}	185
nrdl	NRDL-6AE8E76466	七蕊胃舒胶囊	3.01元(0.5g(相当于饮片0.5g)/ 粒)			谈判	{}	185
nrdl	NRDL-ADFF4C0233	虎贞清风胶囊	2.99元(每粒装0.40g(相当于饮 片2.33g))	清热利湿，化瘀利浊，滋补肝肾。用 于轻中度急性痛风性关节炎。中医辨 证属湿热蕴结证，症见关节疼痛、肿 胀、发热、活动受限、口渴、烦闷不 安，舌红、苔黄或黄腻、脉滑数。		谈判	{}	185
nrdl	NRDL-F8DACCA14D	秦威颗粒	8.26元(12g(相当于饮片 30g)/袋)	清热除湿祛风，活血通络止痛。用于 急性痛风性关节炎风湿郁热证，症见 关节疼痛、关节肿胀、关节局部发热 、口渴喜饮，舌质红、苔黄、脉滑数 。		谈判	{}	186
nrdl	NRDL-9A9E40980B	广金钱草总黄酮胶囊	4.76元(每粒装0.2g(含广金钱草 总黄酮提取物133mg))	清热祛湿，利尿排石。用于输尿管结 石中医辨证属湿热蕴结证者。		谈判	{}	186
nrdl	NRDL-9CBA33FBFA	降脂通络软胶囊	0.70元(50mg/粒)	活血行气，降脂祛浊。用于高脂血症 属血瘀气滞证者，症见胸胁胀痛、心 前区刺痛、胸闷、舌尖边有瘀点或瘀 斑、脉弦或涩。		谈判	{}	186
nrdl	NRDL-22CD6EE4A1	黄蜀葵花总黄酮口腔贴片	1.75元(每片重75mg(含黄蜀葵花 总黄酮提取物20mg))	清心泄热。用于心脾积热所致轻型复 发性口腔溃疡(轻型复发性阿弗他溃 疡)，症见口腔黏膜溃疡局部红肿、灼 热疼痛等。		谈判	{}	186
nrdl	NRDL-DAA0AD1A49	连榆烧伤膏	100.00元(25g/支)	清热解毒，生肌止痛。用于浅Ⅱ°、 深Ⅱ°烧烫伤创面的治疗，用药面积 不宜超出体表面积的1%。		谈判	{}	186
nrdl	NRDL-9A3A62E1A5	儿茶上清丸	1.39元(每丸重0.14g(相当于饮 片0.16g))	清热退火，解毒敛疮，止痛。用于轻 型复发性阿弗他溃疡上焦实热证。症 见：口舌生疮，溃疡疼痛，口渴欲 饮，口粘口臭，舌质红，舌苔黄或黄 腻，脉弦洪或弦数。		谈判	{}	186
nrdl	NRDL-5709216CD4	康莱特注射液	128.90元(100ml:10g/支)	限二级及以上医疗机构。		谈判	{}	186
nrdl	NRDL-66CB73352A	康艾注射液	11.73元(5ml/支)； 19.94元(10ml/支)； 33.90元(20ml/支)	限二级及以上医疗机构说明书标明恶 性肿瘤的中晚期治疗。		谈判	{}	186
nrdl	NRDL-4A6CA688B8	淫羊藿素软胶囊	17.00元(每粒0.4g(含淫羊藿素 100mg))	限不适合或患者拒绝接受标准治疗,且 既往未接受过全身系统性治疗的、不 可切除的肝细胞癌，患者外周血复合 标志物满足以下检测指标的至少两 项：AFP≥400 ng/mL；TNF-α＜2.5 pg/mL；IFN-γ≥7.0 pg/mL。		谈判	{}	187
nrdl	NRDL-C9861361C7	芪胶调经颗粒	20.00元(每袋装8g(相当于饮片 14.08g))	益气补血、止血调经。用于上环所致 经期延长中医辨证属气血两虚证，症 见经血过期不净，月经色淡，神疲乏 力，头晕眼花，少腹坠胀，舌淡苔薄 白、脉细弱。		谈判	{}	187
nrdl	NRDL-54768EB9F6	通络明目胶囊	2.17元(0.4g/粒)	限2型糖尿病视网膜病变单纯性型。		谈判	{}	187
nrdl	NRDL-2F007EB5B9	芪防鼻通片	1.78元(0.47g(相当于饮片 1.52g)/片)	益气通窍。用于改善肺脾两虚型持续 性变应性鼻炎未合并季节性过敏原者 的喷嚏、流涕、鼻痒、鼻塞，舌淡， 苔白，脉浮或脉细弱。		谈判	{}	187
nrdl	NRDL-C5C0CF0972	益气通窍丸	7.58元(每20丸重3g(相当于饮片 9.12g))			谈判	{}	187
nrdl	NRDL-918212B592	五虎口服液	11.31元(10ml/支)			谈判	{}	187
nrdl	NRDL-09CD5DE70C	玄七健骨片	2.82元(0.45g(相当于饮片 2.83g)/片)			谈判	{}	187
nrdl	NRDL-BD2017A9A2	关黄母颗粒	4.28元(9g(相当于饮片 4.8g)/袋)	补益肝肾，滋阴降火。用于女性更年 期综合征(绝经前后诸证)中医辨证属 肝肾阴虚证，症见烘热汗出，头晕， 耳鸣，腰膝酸软或足跟痛，少寐多 梦，急躁易怒等。		谈判	{}	188
nrdl	NRDL-BD91140157	坤心宁颗粒	9.30元(6g(相当于饮片20g)/袋)			谈判	{}	188
nrdl	NRDL-0A3406DA6A	如意珍宝片	1.79元(0.5g/片)			谈判	{}	188
nrdl	NRDL-AE9BE86574	复方比那甫西颗粒	11.33元(每袋装5.5g(相当于饮 片2.67g,含甘草浸膏649mg))			谈判	{}	188
nrdl	NRDL-161FC01F98	药品名称	医保支付标准	备注	药品分类 代码	谈判	{}	189
nrdl	NRDL-B32BCC7337	熊去氧胆酸口服混悬液	169.80元(250ml:12.5g/瓶)	限：1.胆囊胆固醇结石(必须是X射线 能穿透的结石，同时胆囊收缩功能须 正常)；2.胆汁淤积性肝病(如：原发 性胆汁性肝硬化)；3.胆汁反流性胃 炎；4.1月龄至18岁患者的囊性纤维化 相关肝病。		谈判	{}	189
nrdl	NRDL-3B0A029CF1	二甲双胍恩格列净片(Ⅲ)	1.05元(每片含盐酸二甲双胍 850mg和恩格列净5mg)	限2型糖尿病患者。		谈判	{}	189
nrdl	NRDL-9D97C72471	二甲双胍恩格列净片(Ⅵ)	1.74元(每片含盐酸二甲双胍 1000mg与恩格列净12.5mg)	限2型糖尿病患者。		谈判	{}	189
nrdl	NRDL-C674C17197	呋塞米口服溶液	6.80元(60ml:0.6g/瓶)			谈判	{}	189
nrdl	NRDL-256802195C	非诺贝特酸胆碱缓释胶囊	1.36元(45mg(按C17H15ClO4计)/ 粒)； 3.15元(135mg(按 C17H15ClO4计)/粒)	限：成人控制饮食基础上：1.降低重 度高甘油三酯血症患者甘油三酯(TG) 水平；2.原发性高胆固醇血症或混合 型血脂异常患者的治疗。		谈判	{}	189
nrdl	NRDL-A19B59CEE6	醋酸氟氢可的松片	2.25元(0.1mg/片)	限失盐型先天性肾上腺皮质增生症 (CAH)及失盐型原发慢性肾上腺皮质功 能减退症(Addison病)。		谈判	{}	190
nrdl	NRDL-081C43A1D4	注射用盐酸头孢吡肟/氯化钠 注射液	23.98元(粉体室:1.0g(按 C19H24N6O5S2计)；液体 室:100ml:0.9g/袋); 30.27元(粉体室:2.0g(按 C19H24N6O5S2计)；液体 室:100ml:0.9g/袋)			谈判	{}	190
nrdl	NRDL-28BC1021B0	盐酸伊立替康脂质体注射液	985.00元(10ml:43mg(按 C33H38N4O6计)/瓶)	限接受吉西他滨治疗后进展的转移性 胰腺癌患者。		谈判	{}	190
nrdl	NRDL-D183B73D66	他克莫司颗粒	15.43元(1mg/袋)	限：1.预防⼉童肝脏或肾脏移植术后 的移植物排斥反应；2.治疗⼉童肝脏 或肾脏移植术后应用其他免疫抑制药 物无法控制的移植物排斥反应。		谈判	{}	190
nrdl	NRDL-E41FA65F71	羟考酮纳洛酮缓释片	4.48元(每片含盐酸羟考酮5mg与 盐酸纳洛酮2.5mg)； 22.00元(每片含盐酸羟考酮40mg 与盐酸纳洛酮20mg)	限成人需阿片类镇痛药才能充分控制 的重度疼痛。		谈判	{}	190
nrdl	NRDL-501081D9B0	吡仑帕奈口服混悬液	170.00元(340ml:170mg/瓶)	限成人和4岁及以上儿童癫痫部分性发 作患者的治疗。		中药饮片	{}	191
nrdl	NRDL-62AD24D5FC	氯苯唑酸葡胺软胶囊	255.85元(20mg/粒)	限成人转甲状腺素蛋白淀粉样变性多 发性神经病I期症状患者。		中药饮片	{}	191
